年,月,日,時,分,縣市,區,死,受傷,2-30,天候,光線,道路類別,速限,道路型態,事故位置,路面鋪裝,路面狀態,路面缺陷,障礙物,視距,號誌種類,號誌動作,分向設施,快車道或一般車道間,快慢車道間,路面邊線,事故類型及型態,主要肇因,受傷程度,主要傷處,保護裝備,行動電話,當事者區分,車輛用途,當事者行動狀態,駕駛資格情形,駕駛執照種類,飲酒情形,車輛撞擊部位最初,車輛撞擊部位其他,肇事因素個別,肇事因素主要,肇事逃逸,職業,旅次目的,車種,GPS緯度,GPS經度,事故類別
2022,7,2,13,24,臺中市,大甲區,0,0,0,8,,,50,,,,,,,,,,,,,,,23,,,,,B03,,,1,,2,,,23,23,1,21,,B03,120.623411,24.345693,3
2022,7,2,13,26,臺中市,神岡區,0,0,0,8,,,30,,,,,,,,,,,,,,,44,,,,,,,,,,,,,44,44,1,,,,120.67573,24.248135,3
2022,7,2,13,28,臺中市,北屯區,0,1,0,6,1,5,50,14,7,1,4,4,5,6,4,4,9,5,4,2,16,10,3,10,1,1,B03,7,11,1,8,2,2,,10,10,1,22,8,B03,120.691287,24.170528,2
2022,7,2,13,32,臺中市,清水區,0,4,0,8,1,5,50,3,1,1,5,4,5,7,4,4,10,5,5,1,13,23,2,7,1,1,C03,7,9,1,10,2,11,,23,23,1,5,5,C03,120.57023,24.269295,2
2022,7,2,13,35,臺中市,潭子區,0,0,0,6,,,30,,,,,,,,,,,,,,,23,,,,,B03,,,1,,2,,,23,23,1,22,,B03,120.707354,24.202218,3
2022,7,2,13,39,臺中市,烏日區,0,2,0,6,1,5,40,12,16,1,4,4,5,7,4,4,10,5,5,1,13,23,3,10,1,1,B12,7,9,1,8,2,1,8,23,23,1,22,8,B12,120.613069,24.102748,2
2022,7,2,13,46,臺中市,南屯區,0,0,0,6,,,50,,,,,,,,,,,,,,,12,,,,,B03,,,1,,2,,,12,12,1,22,,B03,120.641578,24.142437,3
2022,7,2,13,48,臺中市,北區,0,0,0,6,,,40,,,,,,,,,,,,,,,6,,,,,C03,,,1,,2,,,6,6,1,22,,C03,120.687549,24.162684,3
2022,7,2,14,0,臺中市,大雅區,0,0,0,6,,,50,,,,,,,,,,,,,,,7,,,,,B03,,,1,,2,,,7,7,1,21,,B03,120.662759,24.219443,3
2022,7,2,14,10,臺中市,南屯區,0,1,0,6,1,5,50,4,1,1,4,4,5,7,2,1,10,5,5,2,16,9,3,10,1,1,B03,7,6,1,8,2,6,,9,9,1,22,9,B03,120.65,24.141944,2
2022,7,2,14,12,臺中市,北屯區,0,0,0,6,,,40,,,,,,,,,,,,,,,23,,,,,B01,,,1,,2,,,23,,1,10,,B01,120.687061,24.200753,3
2022,7,2,14,17,臺中市,西屯區,0,0,0,6,,,50,,,,,,,,,,,,,,,42,,,,,B01,,,1,,1,,,42,42,1,22,,B01,120.637107,24.175882,3
2022,7,2,14,24,臺中市,東區,0,1,0,6,1,5,50,14,9,1,4,4,5,7,4,4,5,5,5,2,17,26,3,10,1,1,B03,7,9,1,8,2,8,,44,26,1,5,8,B03,120.707974,24.149284,2
2022,7,2,14,25,臺中市,北區,0,1,0,6,1,5,50,4,1,1,4,4,5,7,4,4,5,5,5,2,15,6,3,10,1,1,B12,7,9,1,8,2,5,,6,6,1,22,8,B12,120.679961,24.161631,2
2022,7,2,14,40,臺中市,南區,0,0,0,,,,40,,,,,,,,,,,,,,,12,,,,,B03,,,1,,2,,,12,12,1,22,,B03,120.677147,24.130816,3
2022,7,2,14,50,臺中市,南區,0,1,0,6,1,5,50,4,1,1,4,4,5,7,1,1,10,5,5,2,13,16,2,9,1,1,C03,7,9,1,10,2,12,,16,16,1,22,8,C03,120.679398,24.124068,2
2022,7,2,14,52,臺中市,北屯區,0,1,0,6,1,5,50,4,1,1,4,4,5,7,4,4,10,5,5,2,16,6,2,9,1,1,C03,7,9,1,10,2,12,,6,6,1,22,8,C03,120.702967,24.178229,2
2022,7,2,15,2,臺中市,西區,0,1,0,8,1,5,50,4,1,1,5,4,5,7,1,1,10,5,5,2,16,6,3,10,1,1,B03,7,6,1,8,2,5,,6,6,1,4,5,B03,120.671223,24.145469,2
2022,7,2,15,8,臺中市,南區,0,1,0,6,1,5,50,5,1,1,4,4,5,7,1,1,9,4,4,2,12,9,3,10,1,1,B03,7,6,1,8,2,5,,9,9,1,5,1,B03,120.678951,24.118996,2
2022,7,2,15,10,臺中市,大甲區,0,2,0,8,1,5,50,14,8,1,5,4,5,7,4,4,1,4,4,1,13,23,2,9,1,1,C03,7,9,1,10,2,11,,23,23,1,22,8,C03,120.644414,24.370252,2
2022,7,2,15,43,臺中市,龍井區,0,2,0,6,1,5,50,3,1,1,4,4,5,7,4,4,9,4,5,1,13,23,3,10,1,1,B03,7,9,1,8,2,1,,23,42,1,21,8,B03,120.589056,24.188773,2
2022,7,2,15,53,臺中市,大雅區,0,1,0,6,1,5,50,4,1,1,4,4,5,7,1,2,9,4,5,1,17,23,3,10,1,1,C03,7,9,1,10,2,13,,23,23,1,22,9,C03,120.653616,24.22413,2
2022,7,2,16,0,臺中市,南屯區,0,1,0,8,1,5,50,4,1,1,5,4,5,7,2,1,10,5,5,2,16,9,3,10,1,1,B03,7,6,1,8,2,5,,9,9,1,22,9,B03,120.622222,24.140277,2
2022,7,2,16,2,臺中市,南區,0,1,0,6,1,5,50,14,8,1,4,4,5,7,4,4,1,4,4,2,17,23,2,9,1,1,C03,7,9,1,10,2,12,,23,23,1,5,8,C03,120.660847,24.123173,2
2022,7,2,16,19,臺中市,北區,0,1,0,8,1,5,50,5,1,1,5,4,5,7,1,1,10,5,5,2,18,23,2,9,1,1,C03,7,9,1,10,2,14,,23,23,1,5,8,C03,120.682416,24.145861,2
2022,7,2,16,22,臺中市,沙鹿區,0,2,0,7,1,5,30,11,9,1,5,4,5,7,4,4,10,5,5,2,11,42,2,9,1,1,C03,7,9,6,18,2,14,,42,42,1,11,5,C03,120.566672,24.247164,2
2022,7,2,16,40,臺中市,石岡區,0,0,0,8,,,70,,,,,,,,,,,,,,,7,,,,,B03,,,1,,2,,,7,7,1,20,,B03,120.78785,24.27423,3
2022,7,2,16,42,臺中市,西區,0,1,0,7,1,5,50,4,1,1,5,4,5,7,4,4,10,5,5,2,15,6,2,7,1,1,C03,7,9,1,10,2,11,,6,6,1,2,9,C03,120.658828,24.139272,2
2022,7,2,16,45,臺中市,新社區,0,0,0,8,,,50,,,,,,,,,,,,,,,23,,,,,B03,,,1,,2,,,23,,1,9,,B03,120.80421,24.19613,3
2022,7,2,16,51,臺中市,潭子區,0,0,0,8,,,50,,,,,,,,,,,,,,,8,,,,,B03,,,1,,2,,,8,8,1,22,,B03,120.706076,24.201354,3
2022,7,2,17,0,臺中市,大雅區,0,0,0,6,,,50,,,,,,,,,,,,,,,23,,,,,B03,,,1,,2,,,23,23,1,22,,B03,120.64659,24.222698,3
2022,7,2,17,14,臺中市,外埔區,0,1,0,8,1,5,50,14,8,1,5,4,5,7,4,4,9,5,4,1,14,12,3,10,1,1,B03,7,2,1,8,2,2,,12,12,1,21,1,B03,120.654943,24.330436,2
2022,7,2,17,15,臺中市,南區,0,1,0,8,1,5,40,11,8,1,5,4,5,7,4,4,3,5,5,2,16,23,3,10,1,1,B03,7,10,1,8,4,1,,23,23,1,9,5,B03,120.67922,24.118832,2
2022,7,2,17,20,臺中市,清水區,0,0,0,8,,,60,,,,,,,,,,,,,,,7,,,,,B12,,,1,,1,,,7,7,1,21,,B12,120.561776,24.272001,3
2022,7,2,17,24,臺中市,北區,0,2,0,8,1,5,50,4,1,1,5,4,5,7,1,1,10,5,5,2,12,23,2,9,1,1,C03,7,10,1,10,2,14,,44,23,1,20,8,C03,120.692411,24.161375,2
2022,7,2,17,37,臺中市,沙鹿區,0,1,0,8,1,5,50,4,1,1,5,4,5,7,1,1,10,5,5,2,15,25,3,10,1,1,B03,7,9,1,8,2,8,,25,25,1,21,8,B03,120.570316,24.25795,2
2022,7,2,17,51,臺中市,沙鹿區,0,1,0,8,1,5,50,4,1,1,5,4,5,7,2,1,10,5,5,2,3,15,3,10,1,1,B03,7,5,3,18,2,1,,15,15,1,5,7,B03,120.559855,24.237991,2
2022,7,2,17,55,臺中市,南區,0,1,0,7,1,5,40,3,1,1,5,4,5,7,4,4,10,5,5,2,16,6,3,10,1,1,B03,7,6,1,8,2,6,,6,6,1,22,9,B03,120.655126,24.115661,2
2022,7,2,17,57,臺中市,東區,0,2,0,8,1,5,50,14,9,1,5,4,5,7,4,4,9,5,5,2,13,16,2,9,1,1,C03,7,9,1,10,2,11,,16,16,1,22,8,C03,120.693222,24.134633,2
2022,7,2,18,0,臺中市,太平區,0,1,0,8,2,5,30,14,9,1,5,4,5,7,4,4,10,5,5,2,18,23,2,9,1,1,C03,7,5,1,10,11,14,,23,23,1,5,8,C03,120.715402,24.12663,2
2022,7,2,18,4,臺中市,后里區,0,1,0,8,2,5,50,3,1,1,5,4,5,7,4,4,5,5,5,1,12,8,2,9,1,1,F03,7,5,8,20,2,16,,8,8,1,22,8,F03,120.672745,24.309984,2
2022,7,2,18,6,臺中市,東區,0,2,0,8,2,5,50,14,9,1,5,4,5,7,4,4,5,5,5,2,10,19,2,9,1,1,C03,7,1,1,10,2,11,,19,19,1,5,5,C03,120.688253,24.135041,2
2022,7,2,18,9,臺中市,北屯區,0,0,0,8,,,50,,,,,,,,,,,,,,,43,,,,,,,,,,,,,43,43,1,,,,120.701533,24.169349,3
2022,7,2,18,18,臺中市,北屯區,0,2,0,8,1,5,50,3,1,1,5,4,5,7,2,1,10,5,5,2,16,9,2,9,1,1,C03,7,6,1,10,2,12,,9,9,1,21,8,C03,120.733405,24.166653,2
2022,7,2,18,24,臺中市,西屯區,0,1,0,8,2,5,40,3,2,1,5,4,5,7,4,4,5,5,4,2,17,42,2,9,1,1,C01,7,9,1,9,2,12,,42,42,1,18,8,C01,120.637434,24.173799,2
2022,7,2,18,27,臺中市,清水區,0,0,0,8,,,40,,,,,,,,,,,,,,,23,,,,,C03,,,1,,2,,,23,,1,20,,C03,120.57503,24.270041,3
2022,7,2,18,28,臺中市,北區,0,0,0,8,,,50,,,,,,,,,,,,,,,12,,,,,B03,,,1,,11,,,12,,2,22,,B03,120.682755,24.147225,3
2022,7,2,18,36,臺中市,梧棲區,0,0,0,8,,,,,,,,,,,,,,,,,,43,,,,,F01,,,,,,,,43,43,2,,,F01,120.53177,24.258737,3
2022,7,2,18,59,臺中市,西屯區,0,0,0,8,,,50,,,,,,,,,,,,,,,23,,,,,B03,,,1,,2,,,23,23,1,22,,B03,120.60974,24.191368,3
2022,7,2,19,3,臺中市,梧棲區,0,0,0,8,,,50,,,,,,,,,,,,,,,18,,,,,B03,,,1,,9,,,18,,1,5,,B03,120.540494,24.261362,3
2022,7,2,19,9,臺中市,北屯區,0,0,0,8,,,50,,,,,,,,,,,,,,,12,,,,,B03,,,1,,1,,,12,12,1,21,,B03,120.666868,24.192079,3
2022,7,2,19,20,臺中市,新社區,0,1,0,8,3,5,50,14,9,1,5,4,5,7,4,4,5,5,5,1,3,23,2,9,1,1,C03,7,9,1,10,2,14,,23,23,1,9,8,C03,120.80828,24.24446,2
2022,7,2,19,23,臺中市,北屯區,0,3,0,8,3,5,50,5,1,1,5,4,5,7,1,1,3,4,5,2,13,16,2,9,1,1,C03,7,9,1,10,2,11,,16,16,1,22,8,C03,120.697745,24.170349,2
2022,7,2,19,37,臺中市,梧棲區,0,1,0,8,3,5,50,14,8,1,5,4,5,7,4,4,4,4,4,2,13,43,2,8,1,1,C03,7,9,1,10,2,11,,43,43,1,2,8,C03,120.530546,24.25479,2
2022,7,2,19,41,臺中市,清水區,0,2,0,8,3,5,60,4,1,1,5,4,5,7,1,1,10,5,5,2,16,25,2,1,1,1,B12,7,5,1,8,2,5,,25,25,1,5,5,B12,120.55279,24.296545,2
2022,7,2,19,48,臺中市,西屯區,0,1,0,8,3,5,1,14,9,1,5,4,5,7,4,4,5,4,5,2,16,19,3,10,1,1,B03,7,1,1,8,2,8,,19,19,1,22,8,B03,120.63517,24.162654,2
2022,7,2,19,57,臺中市,后里區,0,1,0,7,3,5,50,11,9,1,4,4,5,1,4,4,1,2,5,1,20,45,3,10,1,1,A05,7,9,1,2,1,8,4,45,45,1,10,4,A05,120.723728,24.325691,2
2022,7,2,20,0,臺中市,南屯區,0,0,0,8,,,50,,,,,,,,,,,,,,,23,,,,,B03,,,1,,2,,,23,,1,22,,B03,120.652777,24.149722,3
2022,7,2,20,27,臺中市,西區,0,0,0,8,3,5,50,14,9,1,5,4,5,7,4,4,5,5,5,2,13,16,,,,,C03,,,1,,1,,,16,,1,21,,C03,120.655645,24.150864,3
2022,7,2,20,40,臺中市,龍井區,0,0,0,8,,,50,,,,,,,,,,,,,,,26,,,,,C03,,,1,,2,,,44,26,1,22,,C03,120.575561,24.181241,3
2022,7,2,20,40,臺中市,清水區,0,0,0,8,,,50,,,,,,,,,,,,,,,23,,,,,B03,,,1,,2,,,23,23,1,21,,B03,120.568321,24.276844,3
2022,7,2,20,49,臺中市,梧棲區,0,1,0,8,3,5,50,14,7,1,5,4,5,7,4,4,1,4,4,2,23,21,2,8,1,1,B12,7,5,1,8,7,5,,21,21,1,5,8,B12,120.538962,24.261922,2
2022,7,2,20,55,臺中市,北屯區,0,4,0,8,4,5,30,4,1,1,5,4,5,7,4,4,10,5,5,2,15,6,2,8,1,1,C03,7,9,3,18,2,11,,6,6,1,5,6,C03,120.707829,24.181319,2
2022,7,2,21,15,臺中市,清水區,0,1,0,8,3,5,50,4,1,1,5,4,5,7,1,1,10,5,5,2,26,13,2,7,1,1,B03,7,9,1,8,2,1,,13,13,1,5,5,B03,120.565339,24.261893,2
2022,7,2,21,19,臺中市,南區,0,1,0,7,3,5,50,4,1,1,5,4,5,7,1,1,10,5,5,2,16,25,2,9,1,1,C03,7,9,1,10,2,11,,25,25,1,22,9,C03,120.676288,24.131653,2
2022,7,2,21,21,臺中市,東區,0,0,0,8,,,1,,,,,,,,,,,,,,,23,,,,,B03,,,1,8,9,,,23,23,1,21,,B03,120.709999,24.142555,3
2022,7,2,21,30,臺中市,南區,0,1,0,8,3,5,50,4,1,1,5,4,5,7,2,1,5,5,5,2,17,23,3,10,1,1,C03,7,5,1,10,2,15,,23,23,1,4,5,C03,120.653495,24.122737,2
2022,7,2,21,35,臺中市,潭子區,0,1,0,8,1,5,60,14,9,1,5,4,5,7,4,4,3,4,5,1,12,7,3,10,1,1,B01,7,8,1,1,2,5,,7,7,1,22,8,B01,120.703453,24.199817,2
2022,7,2,21,40,臺中市,南區,0,0,0,,,,50,,,,,,,,,,,,,,,12,,,,,B03,,,1,,2,,,12,12,1,22,,B03,120.663118,24.113443,3
2022,7,2,21,40,臺中市,清水區,0,0,0,8,,,60,,,,,,,,,,,,,,,7,,,,,B03,,,1,,2,,,7,7,1,21,,B03,120.554035,24.275009,3
2022,7,2,21,44,臺中市,后里區,0,1,0,8,3,5,60,3,1,1,5,4,5,7,1,1,1,4,4,1,12,9,3,10,1,1,B03,7,6,1,8,2,5,,9,9,1,22,8,B03,120.723746,24.296437,2
2022,7,2,21,46,臺中市,太平區,0,1,0,8,3,5,50,3,1,1,5,4,5,7,1,1,5,5,5,2,13,23,3,10,1,1,C03,7,9,1,10,2,11,,23,23,1,21,8,C03,120.716274,24.148739,2
2022,7,2,21,53,臺中市,北屯區,0,1,0,8,3,5,50,5,1,1,5,4,5,7,2,1,1,4,4,2,16,6,3,10,1,1,B03,7,6,1,8,2,6,,6,6,1,21,8,B03,120.66739,24.179398,2
2022,7,2,22,0,臺中市,北區,0,0,0,8,,,40,,,,,,,,,,,,,,,12,,,,,B03,,,1,,2,,,12,12,1,22,,B03,120.684274,24.153853,3
2022,7,2,22,29,臺中市,南屯區,0,1,0,8,3,5,50,4,1,1,5,4,5,7,1,1,5,4,4,2,16,6,3,10,1,1,B03,7,5,1,8,2,1,,6,6,1,22,9,B03,120.653022,24.136675,2
2022,7,2,22,30,臺中市,東區,0,2,0,6,3,5,50,14,9,1,4,4,5,7,4,4,9,5,5,2,2,23,2,9,4,5,H01,8,16,8,20,10,16,,67,23,1,22,8,H01,120.701142,24.131701,2
2022,7,2,22,52,臺中市,大里區,0,0,0,6,,,60,,,,,,,,,,,,,,,6,,,,,B12,,,1,,2,,,6,6,1,22,,B12,120.687969,24.094529,4
2022,7,2,23,8,臺中市,北屯區,0,0,0,8,,,50,,,,,,,,,,,,,,,43,,,,,B03,,,1,,2,,,43,43,1,22,,B03,120.720613,24.180136,3
2022,7,2,23,30,臺中市,東區,0,0,0,6,,,40,,,,,,,,,,,,,,,12,,,,,B03,,,1,,2,,,12,12,1,22,,B03,120.689115,24.135832,3
2022,7,2,23,47,臺中市,南屯區,0,2,0,6,3,5,50,14,9,1,4,4,5,7,4,4,5,5,5,2,3,23,2,9,1,1,C03,7,9,1,10,2,11,,23,23,1,22,9,C03,120.642625,24.14819,2
2022,7,3,0,15,臺中市,外埔區,0,0,0,7,3,5,50,11,13,1,5,4,5,1,4,4,9,5,4,1,12,42,,,,,B03,,,1,,9,,,42,42,1,3,,B03,120.632133,24.340377,3
2022,7,3,0,33,臺中市,太平區,0,1,0,8,3,5,50,4,1,1,5,4,5,7,4,4,5,5,5,2,18,23,2,9,1,1,C03,7,9,1,8,2,12,,23,23,1,16,8,C03,120.723847,24.105749,2
2022,7,3,1,15,臺中市,北屯區,0,1,0,8,3,5,50,14,7,1,4,4,5,7,4,4,9,4,4,2,16,19,3,10,1,1,B03,7,1,1,8,2,8,,19,19,1,21,8,B03,120.68352,24.17923,2
2022,7,3,1,25,臺中市,大里區,0,1,0,8,3,5,60,14,9,1,5,4,5,7,4,4,9,4,5,1,16,23,2,9,3,4,B03,7,9,3,18,5,5,,23,23,1,22,9,B03,120.689076,24.11984,2
2022,7,3,1,28,臺中市,北區,0,0,0,8,,,50,,,,,,,,,,,,,,,19,,,,,B03,,,1,,2,,,19,19,1,22,,B03,120.671711,24.171637,3
2022,7,3,2,5,臺中市,北區,0,2,0,8,3,5,50,11,9,1,5,4,5,7,4,4,5,4,5,2,18,43,2,7,1,1,C03,7,9,2,18,2,11,,43,43,1,22,9,C03,120.685695,24.143194,2
2022,7,3,3,0,臺中市,南區,0,1,0,8,3,5,40,14,8,1,5,4,5,7,4,4,1,5,4,2,17,23,2,9,1,1,C03,7,9,1,10,2,11,,23,23,1,3,8,C03,120.657836,24.118316,2
2022,7,3,3,58,臺中市,北屯區,0,1,0,8,3,5,50,14,9,1,5,4,5,7,4,4,5,5,5,2,18,19,2,9,3,4,C03,7,1,1,10,8,14,,19,19,1,21,8,C03,120.686278,24.180221,2
2022,7,3,4,5,臺中市,龍井區,0,0,0,8,,,30,,,,,,,,,,,,,,,44,,,,,A12,,,1,,11,,,44,,1,5,,A12,120.592786,24.181451,3
2022,7,3,4,56,臺中市,西區,0,0,0,8,,,50,,,,,,,,,,,,,,,26,,,,,B01,,,1,,1,,,26,26,1,21,,B01,120.670653,24.132117,3
2022,7,3,5,30,臺中市,豐原區,0,2,0,8,2,5,40,3,20,1,5,4,5,7,1,1,1,3,4,1,17,22,2,8,1,1,C03,7,9,2,18,5,15,,22,22,1,22,8,C03,120.75135,24.270443,2
2022,7,3,6,0,臺中市,大甲區,0,0,0,8,,,30,,,,,,,,,,,,,,,23,,,,,B03,,,1,,2,,,23,23,1,4,,B03,120.629618,24.419411,3
2022,7,3,7,9,臺中市,潭子區,0,2,0,8,1,5,50,4,1,1,5,4,5,7,1,1,5,4,4,2,16,8,2,9,1,1,C03,7,5,1,10,2,12,,8,8,1,22,9,C03,120.706813,24.207054,2
2022,7,3,7,41,臺中市,豐原區,0,0,0,8,,,50,,,,,,,,,,,,,,,12,,,,,B03,,,1,,2,,,12,,1,22,,B03,120.721109,24.258213,3
2022,7,3,8,7,臺中市,大甲區,0,1,0,8,1,5,50,14,9,1,5,4,5,7,4,4,5,5,5,1,17,40,3,10,1,1,B12,7,13,1,8,2,4,,40,40,1,9,3,B12,120.62195,24.34629,2
2022,7,3,8,10,臺中市,大甲區,0,0,0,8,,,50,,,,,,,,,,,,,,,6,,,,,B12,,,1,,2,,,6,6,1,20,,B12,120.626585,24.34452,3
2022,7,3,8,35,臺中市,東勢區,0,0,0,8,,,30,,,,,,,,,,,,,,,23,,,,,B03,,,1,,2,,,23,23,1,21,,B03,120.831952,24.249498,3
2022,7,3,8,41,臺中市,北屯區,0,0,0,8,,,,,,,,,,,,,,,,,,43,,,,,,,,,,,,,43,43,1,,,,120.690011,24.17709,3
2022,7,3,8,44,臺中市,潭子區,0,1,0,8,1,5,50,14,7,1,5,4,5,7,4,4,5,4,4,2,12,7,2,1,1,1,C03,7,7,6,18,7,14,,7,7,1,22,8,C03,120.692003,24.221875,2
2022,7,3,8,45,臺中市,大雅區,0,1,0,8,1,5,30,11,9,1,5,4,5,7,4,4,10,5,5,2,11,23,2,8,1,1,C03,7,9,1,10,2,11,,23,23,1,22,9,C03,120.65114,24.22664,2
2022,7,3,8,55,臺中市,沙鹿區,0,1,0,8,1,5,30,4,1,1,5,4,5,7,4,4,10,5,5,2,15,6,3,10,1,1,C03,7,9,1,8,2,11,,6,6,1,5,1,C03,120.554619,24.22313,2
2022,7,3,9,3,臺中市,大甲區,0,1,0,8,1,5,50,3,2,1,5,4,5,7,4,4,5,4,4,2,13,16,3,10,1,1,C03,7,9,1,10,2,11,,16,16,1,19,8,C03,120.62784,24.34677,2
2022,7,3,9,8,臺中市,潭子區,0,1,0,8,1,5,30,3,1,1,5,4,5,7,4,4,10,5,5,2,16,6,3,10,1,1,B03,7,6,1,8,2,8,,6,6,1,22,9,B03,120.711093,24.211021,2
2022,7,3,9,9,臺中市,北屯區,0,0,0,8,,,50,,,,,,,,,,,,,,,43,,,,,B03,,,1,,9,,,43,43,1,22,,B03,120.692272,24.173241,3
2022,7,3,9,30,臺中市,大雅區,0,0,0,8,,,30,,,,,,,,,,,,,,,23,,,,,B03,,,1,,2,,,23,23,1,22,,B03,120.66717,24.23367,3
2022,7,3,9,35,臺中市,梧棲區,0,2,0,8,1,5,30,4,1,1,5,4,5,7,4,4,10,5,5,1,15,6,2,9,3,4,C03,7,9,1,10,2,11,,6,6,1,22,8,C03,120.535714,24.244473,2
2022,7,3,9,40,臺中市,中區,0,0,0,8,,,50,,,,,,,,,,,,,,,23,,,,,C03,,,1,,1,,,23,23,1,5,,C03,120.678757,24.141681,4
2022,7,3,9,59,臺中市,沙鹿區,0,2,0,8,1,5,50,14,9,1,5,4,5,7,4,4,9,5,5,2,10,26,2,9,1,1,B03,7,9,1,8,2,8,,26,26,1,4,5,B03,120.554385,24.231249,2
2022,7,3,10,5,臺中市,東勢區,0,0,0,8,,,30,,,,,,,,,,,,,,,23,,,,,B03,,,1,,2,,,23,23,1,22,,B03,120.829543,24.250713,3
2022,7,3,10,6,臺中市,潭子區,0,2,0,8,1,5,50,14,9,1,5,4,5,7,4,4,5,4,5,1,16,26,2,9,1,1,C03,7,5,1,10,2,11,,26,26,1,22,8,C03,120.710358,24.209152,2
2022,7,3,10,11,臺中市,東區,0,0,0,8,,,50,,,,,,,,,,,,,,,23,,,,,B03,,,1,,2,,,23,23,1,22,,B03,120.710451,24.141009,3
2022,7,3,10,14,臺中市,南屯區,0,2,0,8,1,5,50,4,1,1,5,4,5,7,2,1,1,5,5,2,15,25,2,7,1,1,C03,7,9,1,10,2,11,,25,25,1,22,8,C03,120.649605,24.141844,2
2022,7,3,10,15,臺中市,沙鹿區,0,0,0,8,,,50,,,,,,,,,,,,,,,7,,,,,B03,,,1,,2,,,23,7,1,4,,B03,120.576861,24.225575,3
2022,7,3,10,25,臺中市,北屯區,0,1,0,8,1,5,50,4,1,1,5,4,5,7,4,4,10,5,5,2,15,6,2,9,1,1,C03,7,9,1,10,2,11,,23,23,1,21,8,C03,120.666463,24.185968,2
2022,7,3,10,30,臺中市,東區,0,0,0,8,1,5,50,14,7,1,5,4,5,7,4,4,5,5,5,2,17,19,3,10,1,1,C03,7,1,1,10,2,11,,19,19,1,22,8,C03,120.696425,24.151076,3
2022,7,3,10,33,臺中市,清水區,0,0,0,8,,,50,,,,,,,,,,,,,,,6,,,,,B03,,,1,,1,,,6,,1,5,,B03,120.548919,24.274628,3
2022,7,3,10,52,臺中市,太平區,0,3,0,8,1,5,50,14,9,1,5,4,5,7,4,4,5,5,5,2,16,26,2,9,1,1,C03,7,9,1,10,2,13,,26,26,1,21,8,C03,120.729375,24.107119,2
2022,7,3,11,2,臺中市,沙鹿區,0,1,0,8,1,5,60,11,7,1,5,4,5,7,1,1,1,4,3,1,13,42,3,10,1,1,A31,7,9,1,1,2,1,,42,42,1,10,4,A31,120.576201,24.251554,2
2022,7,3,11,12,臺中市,太平區,0,1,0,8,1,5,50,4,1,1,5,4,5,7,4,4,10,5,5,2,13,23,2,9,1,1,C03,7,9,1,10,2,11,,23,23,1,5,8,C03,120.72053,24.156167,2
2022,7,3,11,13,臺中市,豐原區,0,0,0,8,,,50,,,,,,,,,,,,,,,19,,,,,B12,,,1,,2,,,19,,1,22,,B12,120.743988,24.255983,3
2022,7,3,11,19,臺中市,大甲區,0,0,0,,,,40,,,,,,,,,,,,,,,44,,,,,C03,,,1,,1,,,44,44,1,22,,C03,120.627135,24.340388,3
2022,7,3,11,25,臺中市,西屯區,0,0,0,8,,,,,,,,,,,,,,,,,,67,,,,,,,,,,,,,67,67,1,,,,120.645343,24.169762,3
2022,7,3,11,32,臺中市,烏日區,0,1,0,8,1,5,60,4,1,1,5,4,5,7,2,1,5,2,5,1,16,25,2,4,1,1,F03,7,9,8,20,2,16,,25,25,1,22,8,F03,120.657202,24.057618,2
2022,7,3,11,34,臺中市,西區,0,1,0,8,1,5,50,3,1,1,5,4,5,7,4,4,10,5,5,2,16,6,3,10,1,1,B03,7,5,1,8,2,1,,6,6,1,21,8,B03,120.666627,24.144363,2
2022,7,3,11,39,臺中市,南屯區,0,1,0,8,1,5,50,14,9,1,5,4,5,7,4,4,5,4,5,2,12,23,2,9,1,1,C03,7,9,1,10,2,12,,23,23,1,4,4,C03,120.643086,24.146711,2
2022,7,3,11,39,臺中市,南屯區,0,0,0,,,,50,,,,,,,,,,,,,,,23,,,,,B03,,,1,,1,,,23,23,1,22,,B03,120.645077,24.129514,3
2022,7,3,11,40,臺中市,大甲區,0,0,0,8,,,50,,,,,,,,,,,,,,,23,,,,,B03,,,1,,1,,,23,23,1,22,,B03,120.623096,24.344119,3
2022,7,3,11,49,臺中市,東區,0,0,0,8,,,50,,,,,,,,,,,,,,,23,,,,,B03,,,1,,2,,,23,23,1,5,,B03,120.711676,24.14441,3
2022,7,3,11,57,臺中市,西屯區,0,0,0,8,,,50,,,,,,,,,,,,,,,19,,,,,B12,,,1,,1,,,19,19,1,22,,B12,120.658635,24.200311,3
2022,7,3,11,59,臺中市,清水區,0,2,0,8,1,5,50,4,1,1,5,4,5,7,1,1,8,3,4,1,16,9,2,9,1,1,B03,7,6,1,8,2,1,,9,9,1,21,8,B03,120.571522,24.260324,2
2022,7,3,12,5,臺中市,梧棲區,0,0,0,8,,,50,,,,,,,,,,,,,,,12,,,,,C03,,,1,,1,,,12,12,1,3,,C03,120.530769,24.255359,3
2022,7,3,12,7,臺中市,豐原區,0,0,0,8,,,60,,,,,,,,,,,,,,,23,,,,,B03,,,1,,2,,,23,,1,22,,B03,120.719594,24.264266,3