年,月,日,時,分,縣市,區,死,受傷,2-30,天候,光線,道路類別,速限,道路型態,事故位置,路面鋪裝,路面狀態,路面缺陷,障礙物,視距,號誌種類,號誌動作,分向設施,快車道或一般車道間,快慢車道間,路面邊線,事故類型及型態,主要肇因,受傷程度,主要傷處,保護裝備,行動電話,當事者區分,車輛用途,當事者行動狀態,駕駛資格情形,駕駛執照種類,飲酒情形,車輛撞擊部位最初,車輛撞擊部位其他,肇事因素個別,肇事因素主要,肇事逃逸,職業,旅次目的,車種,GPS緯度,GPS經度,事故類別
2022,7,3,12,14,臺中市,大甲區,0,2,0,8,1,5,70,14,7,1,5,4,5,7,4,4,4,4,4,1,13,23,3,10,1,1,B03,7,9,1,8,2,1,,23,23,1,22,9,B03,120.613537,24.33245,2
2022,7,3,12,16,臺中市,北區,0,2,0,8,1,5,50,3,1,1,5,4,5,7,4,4,10,5,5,2,16,19,2,9,1,1,C03,7,1,1,10,11,14,,19,19,1,22,8,C03,120.670056,24.166886,2
2022,7,3,12,22,臺中市,南屯區,0,0,0,8,1,5,40,3,1,1,5,4,5,7,1,1,1,4,5,2,17,23,3,10,1,1,B03,7,11,1,8,2,5,,23,23,1,22,8,B03,120.610041,24.144358,3
2022,7,3,12,30,臺中市,北區,0,1,0,8,1,5,50,3,1,1,5,4,5,7,1,1,1,4,4,2,16,10,3,10,1,1,B03,7,11,6,18,5,4,,10,10,1,21,8,B03,120.689506,24.147001,2
2022,7,3,12,39,臺中市,南屯區,0,0,0,,,,50,,,,,,,,,,,,,,,12,,,,,B03,,,1,,2,,,12,,1,22,,B03,120.634522,24.145124,3
2022,7,3,12,40,臺中市,北區,0,1,0,8,1,5,50,4,9,1,5,4,5,7,1,1,5,4,5,2,16,7,2,9,1,1,C03,7,7,1,10,2,13,,7,7,1,21,8,C03,120.690631,24.156781,2
2022,7,3,12,45,臺中市,烏日區,0,0,0,8,,,30,,,,,,,,,,,,,,,7,,,,,B03,,,1,,2,,,7,7,1,21,,B03,120.620308,24.109606,3
2022,7,3,12,50,臺中市,北區,0,1,0,8,1,5,50,14,8,1,5,4,5,7,4,4,8,3,4,2,18,23,2,9,1,1,C03,7,12,1,10,2,14,,23,23,1,21,8,C03,120.670834,24.168257,2
2022,7,3,12,52,臺中市,豐原區,0,0,0,8,,,50,,,,,,,,,,,,,,,8,,,,,B03,,,1,,2,,,8,,1,22,,B03,120.715866,24.252474,3
2022,7,3,12,55,臺中市,清水區,0,0,0,8,,,50,,,,,,,,,,,,,,,17,,,,,B03,,,1,,2,,,17,17,1,21,,B03,120.564047,24.292269,3
2022,7,3,12,55,臺中市,豐原區,0,0,0,,,,50,,,,,,,,,,,,,,,12,,,,,B12,,,1,,2,,,12,12,1,21,,B12,120.716266,24.249327,3
2022,7,3,13,12,臺中市,北區,0,0,0,8,,,50,,,,,,,,,,,,,,,1,,,,,C03,,,1,,1,,,1,,1,22,,C03,120.685819,24.161664,3
2022,7,3,13,15,臺中市,西區,0,1,0,8,1,5,50,4,1,1,5,4,5,7,1,1,10,5,5,2,16,6,3,10,1,1,B03,7,5,1,8,2,2,,6,6,1,21,8,B03,120.657418,24.149908,2
2022,7,3,13,16,臺中市,北區,0,1,0,8,1,5,50,14,9,1,5,4,5,7,4,4,5,4,5,2,16,19,3,10,1,1,B12,7,1,1,8,2,8,,19,19,1,21,8,B12,120.681096,24.161089,2
2022,7,3,13,23,臺中市,梧棲區,0,1,0,8,1,5,50,4,1,1,5,4,5,7,1,1,10,5,5,2,16,25,3,10,1,1,B03,7,6,1,8,2,2,,25,25,1,3,8,B03,120.532864,24.260198,2
2022,7,3,13,25,臺中市,西屯區,0,1,0,8,1,5,40,3,8,1,5,4,5,7,2,1,1,4,1,2,13,16,3,10,3,4,C03,7,9,1,10,2,11,,16,16,1,22,8,C03,120.648668,24.163355,2
2022,7,3,13,42,臺中市,潭子區,0,0,0,8,,,50,,,,,,,,,,,,,,,17,,,,,B03,,,1,8,2,,,17,17,1,22,,B03,120.709422,24.200329,3
2022,7,3,13,42,臺中市,南屯區,0,0,0,8,1,5,50,4,1,1,5,4,5,7,1,1,10,5,5,2,12,17,3,10,1,1,B12,7,9,1,8,2,4,,17,17,1,22,8,B12,120.616655,24.153716,3
2022,7,3,13,48,臺中市,西區,0,1,0,8,1,5,50,3,1,1,5,4,5,7,4,4,3,4,4,2,16,23,2,8,1,1,C03,7,9,1,10,2,11,,23,23,1,4,8,C03,120.665927,24.141862,2
2022,7,3,14,11,臺中市,后里區,0,0,0,8,1,5,40,13,9,1,5,4,3,7,4,4,10,5,5,2,12,17,,,,,B03,,,1,,2,,,17,,1,22,,B03,120.718495,24.310969,3
2022,7,3,14,12,臺中市,西屯區,0,1,0,8,1,5,50,14,9,1,5,4,5,7,4,4,5,4,5,2,2,7,3,10,3,4,B03,7,8,1,10,2,5,,7,7,1,22,8,B03,120.655715,24.164103,2
2022,7,3,14,19,臺中市,南屯區,0,0,0,,,,50,,,,,,,,,,,,,,,16,,,,,B03,,,1,8,1,,,16,16,1,12,,B03,120.642429,24.151556,3
2022,7,3,14,21,臺中市,西區,0,1,0,8,1,5,50,14,9,1,5,4,5,7,4,4,5,5,5,2,17,42,3,10,1,1,B03,7,9,1,8,2,5,,42,42,1,5,8,B03,120.661465,24.151212,2
2022,7,3,14,25,臺中市,梧棲區,0,1,0,8,1,5,40,3,9,1,5,4,5,7,1,1,10,5,5,2,17,40,3,10,1,1,B03,7,14,1,8,2,4,,40,40,1,3,8,B03,120.535411,24.259109,2
2022,7,3,14,30,臺中市,北區,0,0,0,,,,50,,,,,,,,,,,,,,,10,,,,,B12,,,1,,1,,,10,10,1,21,,B12,120.692725,24.15948,3
2022,7,3,14,33,臺中市,南區,0,0,0,,,,30,,,,,,,,,,,,,,,12,,,,,B12,,,1,,2,,,12,12,1,21,,B12,120.656924,24.127953,3
2022,7,3,14,40,臺中市,大甲區,0,0,0,8,,,50,,,,,,,,,,,,,,,12,,,,,B03,,,1,,1,,,12,12,1,22,,B03,120.623955,24.346432,3
2022,7,3,15,4,臺中市,大雅區,0,1,0,8,1,5,30,3,1,1,5,4,5,7,4,4,10,5,5,2,16,6,3,10,1,1,B03,7,10,1,8,2,4,,6,6,1,22,9,B03,120.647253,24.221741,2
2022,7,3,15,5,臺中市,西屯區,0,0,0,8,,,50,,,,,,,,,,,,,,,16,,,,,B03,,,1,,1,,,16,16,1,21,,B03,120.64669,24.164708,3
2022,7,3,15,24,臺中市,沙鹿區,0,1,0,8,1,5,50,14,7,1,5,4,5,7,4,4,5,4,4,2,16,6,3,10,1,1,B03,7,5,1,8,2,8,,6,6,1,22,9,B03,120.561553,24.232024,2
2022,7,3,15,24,臺中市,豐原區,0,1,0,8,1,5,50,4,9,1,5,4,5,7,1,1,3,5,5,2,23,42,2,2,3,4,B03,7,5,1,8,2,8,,42,42,1,22,8,B03,120.720303,24.233186,2
2022,7,3,15,30,臺中市,后里區,0,1,0,8,1,5,50,3,1,1,5,4,5,7,4,4,9,5,4,1,13,8,3,10,1,1,B03,7,5,1,8,2,4,,8,8,1,5,3,B03,120.716526,24.307562,2
2022,7,3,15,35,臺中市,大雅區,0,2,0,8,1,5,50,3,2,1,5,4,5,7,3,1,9,4,4,1,17,23,2,8,1,1,C03,7,9,1,10,2,11,,23,23,1,22,9,C03,120.644056,24.220907,2
2022,7,3,15,36,臺中市,后里區,0,1,0,8,1,5,50,11,13,1,5,4,5,7,4,4,9,5,5,1,25,23,2,9,1,1,C03,7,9,1,10,2,11,,23,23,1,22,8,C03,120.730798,24.325701,2
2022,7,3,15,40,臺中市,清水區,0,0,0,8,,,30,,,,,,,,,,,,,,,17,,,,,B03,,,1,,2,,,17,17,1,21,,B03,120.580846,24.268025,3
2022,7,3,16,3,臺中市,北區,0,1,0,8,1,5,50,14,9,1,5,4,5,7,4,4,3,2,3,1,13,23,3,10,3,4,B03,7,9,1,8,2,1,,23,23,1,22,9,B03,120.675032,24.162197,2
2022,7,3,16,7,臺中市,梧棲區,0,0,0,8,,,30,,,,,,,,,,,,,,,6,,,,,B03,,,1,,2,,,6,6,1,1,,B03,120.522448,24.248467,3
2022,7,3,16,10,臺中市,大甲區,0,1,0,8,1,5,40,3,1,1,5,4,5,7,4,4,1,5,5,2,17,42,2,9,1,1,C03,7,9,1,10,2,11,,42,42,1,9,8,C03,120.617114,24.348581,2
2022,7,3,16,20,臺中市,南區,0,1,0,8,1,5,50,4,1,1,5,4,5,7,1,1,10,5,5,2,16,9,3,10,1,1,B03,7,6,1,8,2,2,,9,9,1,22,8,B03,120.676422,24.132088,2
2022,7,3,16,30,臺中市,南區,0,1,0,8,1,5,50,3,1,1,5,4,5,7,4,4,10,5,5,2,12,23,2,9,1,1,C03,7,9,1,10,2,14,,23,23,1,22,8,C03,120.667081,24.128668,2
2022,7,3,16,40,臺中市,大肚區,0,0,0,,,,30,,,,,,,,,,,,,,,17,,,,,B02,,,1,,1,,,17,,1,22,,B02,120.550878,24.134521,3
2022,7,3,16,42,臺中市,清水區,0,0,0,8,,,50,,,,,,,,,,,,,,,7,,,,,B03,,,6,,4,,,7,7,1,21,,B03,120.570145,24.276373,3
2022,7,3,16,43,臺中市,西屯區,0,0,0,8,,,60,,,,,,,,,,,,,,,23,,,,,B03,,,1,,1,,,23,23,1,21,,B03,120.643868,24.165659,3
2022,7,3,16,50,臺中市,西屯區,0,0,0,8,,,40,,,,,,,,,,,,,,,23,,,,,B03,,,1,,2,,,23,23,1,22,,B03,120.638065,24.16961,3
2022,7,3,16,57,臺中市,西屯區,0,1,0,8,1,5,50,14,9,1,5,4,5,7,4,4,5,5,5,2,17,40,3,10,3,4,B03,7,14,1,8,2,4,,40,40,1,22,8,B03,120.620319,24.182516,2
2022,7,3,16,57,臺中市,太平區,0,0,0,8,,,50,,,,,,,,,,,,,,,42,,,,,C03,,,1,,11,,,42,,1,21,,C03,120.716809,24.148762,3
2022,7,3,17,0,臺中市,豐原區,0,1,0,8,1,5,50,3,1,1,5,4,5,7,1,1,10,5,5,2,27,23,2,9,1,1,C03,7,9,1,10,2,11,,23,23,1,23,8,C03,120.709843,24.244621,2
2022,7,3,17,5,臺中市,西屯區,0,0,0,8,,,30,,,,,,,,,,,,,,,42,,,,,B03,,,1,,2,,,42,,1,22,,B03,120.611272,24.185692,3
2022,7,3,17,10,臺中市,烏日區,0,1,0,8,1,5,60,4,2,1,5,4,5,7,4,4,1,4,5,1,17,19,3,10,1,1,C03,7,1,1,10,2,13,,19,19,1,21,8,C03,120.645096,24.109852,2
2022,7,3,17,15,臺中市,北屯區,0,0,0,8,,,50,,,,,,,,,,,,,,,19,,,,,B03,,,1,,1,,,19,,1,5,,B03,120.734756,24.1772,3
2022,7,3,17,23,臺中市,西區,0,2,0,8,1,5,50,4,1,1,5,4,5,7,4,4,10,5,5,2,13,23,2,9,1,1,C03,7,9,1,10,1,11,,23,23,1,4,8,C03,120.667581,24.149022,2
2022,7,3,17,33,臺中市,北區,0,1,0,8,1,5,50,4,1,1,5,4,5,7,1,1,10,5,5,2,16,6,3,10,1,1,C03,7,5,1,10,2,11,,6,6,1,5,8,C03,120.674402,24.171548,2
2022,7,3,17,35,臺中市,北屯區,0,1,0,8,1,5,50,4,1,1,5,4,5,7,1,1,10,5,5,2,12,16,2,9,1,1,C03,7,9,1,10,2,12,,16,16,1,5,8,C03,120.671426,24.173909,2
2022,7,3,17,48,臺中市,北區,0,1,0,8,1,5,40,14,8,1,5,4,5,7,4,4,1,4,4,2,13,16,2,8,3,4,F03,7,12,8,20,2,16,,16,16,1,22,9,F03,120.687972,24.156459,2
2022,7,3,17,48,臺中市,西屯區,0,0,0,8,,,50,,,,,,,,,,,,,,,8,,,,,C03,,,1,,2,,,8,8,1,22,,C03,120.66674,24.175071,3
2022,7,3,17,52,臺中市,龍井區,0,1,0,8,1,5,60,5,1,1,5,4,5,7,1,1,10,5,5,2,12,26,2,9,1,1,C03,7,5,1,10,2,12,,26,26,1,12,8,C03,120.51423,24.198403,2
2022,7,3,17,56,臺中市,西屯區,0,0,0,8,,,40,,,,,,,,,,,,,,,23,,,,,B03,,,1,,11,,,23,23,1,21,,B03,120.651731,24.163716,3
2022,7,3,17,57,臺中市,北屯區,0,1,0,8,3,5,50,4,1,1,5,4,5,7,1,1,10,5,5,2,13,16,2,9,1,1,C03,7,9,1,10,2,11,14,16,16,1,5,8,C03,120.724643,24.17614,2
2022,7,3,18,0,臺中市,西區,0,1,0,8,1,5,40,4,2,1,5,4,5,7,1,1,10,5,5,2,13,23,2,9,1,1,C03,7,9,1,10,2,11,,23,23,1,4,5,C03,120.657574,24.140138,2
2022,7,3,18,8,臺中市,東勢區,0,0,0,6,,,50,,,,,,,,,,,,,,,12,,,,,B03,,,1,,1,,,12,12,1,5,,B03,120.824178,24.261505,3
2022,7,3,18,9,臺中市,西屯區,0,0,0,8,,,50,,,,,,,,,,,,,,,23,,,,,B02,,,1,,2,,,23,23,1,21,,B02,120.641931,24.178726,3
2022,7,3,18,10,臺中市,北屯區,0,0,0,8,,,50,,,,,,,,,,,,,,,23,,,,,B03,,,1,,2,,,23,23,1,21,,B03,120.685943,24.189523,3
2022,7,3,18,13,臺中市,北屯區,0,1,0,8,1,5,50,4,1,1,5,4,5,7,4,4,10,5,5,2,15,6,2,9,1,1,C03,7,9,1,10,2,12,,6,6,1,21,8,C03,120.690531,24.191871,2
2022,7,3,18,25,臺中市,東勢區,0,0,0,6,,,50,,,,,,,,,,,,,,,42,,,,,B03,,,1,,1,,,42,42,1,5,,B03,120.828138,24.2554,3
2022,7,3,18,31,臺中市,東區,0,0,0,,,,50,,,,,,,,,,,,,,,6,,,,,B01,,,1,,2,,,6,6,1,22,,B01,120.687675,24.13803,3
2022,7,3,18,40,臺中市,西屯區,0,1,0,8,3,5,50,14,9,1,5,4,5,7,4,4,1,4,5,2,12,6,3,10,1,1,B01,7,6,1,4,2,5,,6,6,1,22,8,B01,120.643448,24.163769,2
2022,7,3,18,40,臺中市,清水區,0,0,0,,,,50,,,,,,,,,,,,,,,6,,,,,B03,,,1,,2,,,6,6,1,5,,B03,120.539897,24.267901,3
2022,7,3,18,40,臺中市,新社區,0,0,0,6,,,50,,,,,,,,,,,,,,,23,,,,,B02,,,1,,2,,,23,23,1,5,,B02,120.799619,24.200828,3
2022,7,3,18,42,臺中市,西屯區,0,0,0,8,,,1,,,,,,,,,,,,,,,26,,,,,C03,,,6,,2,,,26,26,1,21,,C03,120.654303,24.16783,3
2022,7,3,18,49,臺中市,北屯區,0,1,0,8,3,5,1,14,9,1,5,4,5,7,2,1,3,4,5,2,9,36,3,10,1,1,A02,7,1,1,2,2,15,,36,36,1,10,8,A02,120.685051,24.168188,2
2022,7,3,18,50,臺中市,北屯區,0,0,0,8,,,50,,,,,,,,,,,,,,,6,,,,,B03,,,1,,1,,,6,,1,9,,B03,120.702967,24.178229,3
2022,7,3,18,59,臺中市,南區,0,0,0,,,,50,,,,,,,,,,,,,,,23,,,,,B03,,,1,,2,,,23,23,1,22,,B03,120.671844,24.117261,3
2022,7,3,19,11,臺中市,大肚區,0,2,0,8,3,5,60,14,13,1,5,4,5,7,4,4,1,4,4,1,17,23,2,9,1,1,B03,7,9,1,8,2,1,,23,23,1,5,1,B03,120.542009,24.169161,2
2022,7,3,19,25,臺中市,太平區,0,0,0,8,,,50,,,,,,,,,,,,,,,16,,,,,B03,,,1,,1,,,16,16,1,3,,B03,120.715204,24.157089,3
2022,7,3,19,45,臺中市,南區,0,1,0,8,3,5,50,14,9,1,5,4,5,7,4,4,9,5,5,2,22,23,2,8,1,1,B11,7,1,1,8,2,4,1,23,23,1,5,8,B11,120.680668,24.130899,2
2022,7,3,20,35,臺中市,東區,0,0,0,8,,,50,,,,,,,,,,,,,,,23,,,,,B03,,,1,8,2,,,23,23,1,21,,B03,120.688156,24.141267,4
2022,7,3,20,38,臺中市,北屯區,0,0,0,8,,,50,,,,,,,,,,,,,,,16,,,,,B12,,,1,,1,,,16,16,1,21,,B12,120.67086,24.200578,3
2022,7,3,20,41,臺中市,北區,0,1,0,8,3,5,50,4,1,1,5,4,5,7,1,1,10,5,5,2,16,6,3,10,1,1,B03,7,6,1,8,2,2,,6,6,1,5,8,B03,120.685434,24.152754,2
2022,7,3,20,50,臺中市,北區,0,1,0,8,3,5,50,14,9,1,5,4,5,7,4,4,9,4,5,2,17,10,2,8,1,1,C03,7,11,1,10,1,11,,10,10,1,22,9,C03,120.686083,24.14723,2
2022,7,3,20,50,臺中市,太平區,0,1,0,8,3,5,50,14,9,1,5,4,5,7,4,4,5,4,5,2,29,23,2,9,1,1,C03,7,9,1,10,2,12,,23,23,1,20,8,C03,120.725544,24.116461,2
2022,7,3,20,52,臺中市,梧棲區,0,2,0,8,3,5,70,5,2,1,5,4,5,7,1,1,3,4,4,1,13,16,2,9,1,1,C03,7,9,1,10,2,11,,16,16,1,9,5,C03,120.54947,24.239127,2
2022,7,3,21,0,臺中市,西屯區,0,0,0,8,,,50,,,,,,,,,,,,,,,23,,,,,C03,,,1,,2,,,23,,1,22,,C03,120.655481,24.167511,3
2022,7,3,21,1,臺中市,北區,0,1,0,8,3,5,50,14,8,1,5,4,5,7,2,1,3,2,3,1,13,16,3,10,3,4,A02,7,14,1,2,2,1,,16,16,1,22,9,A02,120.684085,24.149878,2
2022,7,3,21,3,臺中市,北屯區,0,1,0,8,1,5,80,14,9,1,5,4,5,7,4,4,1,4,5,1,13,23,2,7,1,1,B03,7,9,1,8,2,1,,23,23,1,21,8,B03,120.721046,24.170391,2
2022,7,3,21,4,臺中市,北區,0,0,0,8,,,50,,,,,,,,,,,,,,,26,,,,,C03,,,1,,2,,,26,26,1,5,,C03,120.676316,24.1592,3
2022,7,3,21,8,臺中市,北屯區,0,1,0,8,3,5,40,5,1,1,5,4,5,7,1,1,10,5,5,2,16,25,3,10,1,1,B03,7,6,1,8,2,2,,25,25,1,21,8,B03,120.686753,24.201315,2
2022,7,3,21,30,臺中市,西區,0,1,0,8,3,5,50,4,1,1,5,4,5,7,2,1,10,5,5,2,17,6,3,10,1,1,B01,7,5,1,4,1,6,,6,6,1,10,1,B01,120.661673,24.150865,2
2022,7,3,21,58,臺中市,清水區,0,0,0,8,,,50,,,,,,,,,,,,,,,12,,,,,B03,,,1,,2,,,12,12,1,21,,B03,120.567743,24.278091,3
2022,7,3,22,18,臺中市,北屯區,0,2,0,8,3,5,50,4,1,1,5,4,5,7,1,1,10,5,5,2,16,25,3,10,1,1,B01,7,6,1,4,2,2,,25,25,1,10,8,B01,120.685753,24.177453,2
2022,7,3,22,21,臺中市,西區,0,2,0,8,3,5,50,4,1,1,5,4,5,7,2,1,10,5,5,2,16,26,3,10,1,1,B12,7,4,1,8,2,6,,26,26,1,5,5,B12,120.660186,24.146726,2
2022,7,3,22,25,臺中市,西區,0,1,0,8,3,5,50,14,9,1,5,4,5,7,4,4,5,4,5,2,17,23,2,8,1,1,C03,7,9,1,10,2,11,,23,23,1,22,8,C03,120.661481,24.145119,2
2022,7,3,22,31,臺中市,北屯區,0,2,0,8,3,5,50,4,1,1,5,4,5,7,1,1,10,5,5,2,15,25,2,9,1,1,C01,7,9,1,9,2,14,,25,25,1,21,8,C01,120.721208,24.17648,2
2022,7,3,22,40,臺中市,東區,0,1,0,8,3,5,50,4,1,1,5,4,5,7,2,1,5,4,4,2,16,6,3,10,1,1,B03,7,6,1,8,2,5,,6,6,1,3,5,B03,120.692483,24.151715,2
2022,7,3,23,21,臺中市,太平區,0,0,0,8,,,30,,,,,,,,,,,,,,,6,,,,,B03,,,1,,2,,,6,6,1,21,,B03,120.723928,24.141731,3
2022,7,3,23,34,臺中市,潭子區,0,2,0,8,3,5,50,4,1,1,5,4,5,7,3,1,5,5,4,2,15,6,2,9,1,1,C03,7,9,1,10,2,11,,6,6,1,22,9,C03,120.710755,24.22985,2
2022,7,3,23,38,臺中市,神岡區,0,1,0,8,3,5,50,4,1,1,5,4,5,7,3,1,5,5,5,1,16,6,3,10,1,1,E03,7,9,1,8,2,8,,6,6,1,23,8,E03,120.697555,24.25122,2
2022,7,3,23,45,臺中市,北屯區,0,1,0,8,3,5,50,3,1,1,5,4,5,7,1,1,10,5,5,2,16,19,3,10,1,1,C03,7,5,3,18,2,12,,23,19,1,18,8,C03,120.708226,24.170284,2
2022,7,3,23,58,臺中市,北區,0,1,0,8,3,5,50,14,7,1,5,4,5,7,4,4,3,4,4,2,18,42,2,9,1,1,C03,7,9,1,10,2,15,,42,42,1,22,9,C03,120.669539,24.16308,2
2022,7,4,0,18,臺中市,南屯區,0,1,0,8,1,5,30,14,9,1,5,4,5,7,4,4,10,5,5,2,17,23,2,9,1,1,F01,7,9,8,20,8,15,,23,23,1,22,8,F01,120.611211,24.140056,2
2022,7,4,1,23,臺中市,梧棲區,0,0,0,8,,,50,,,,,,,,,,,,,,,12,,,,,B03,,,6,,2,,,12,12,1,9,,B03,120.541985,24.246186,3
2022,7,4,5,16,臺中市,北區,0,2,0,8,2,5,50,3,1,1,5,4,5,7,4,4,10,5,5,2,16,6,3,10,1,1,B03,7,5,1,8,2,4,,6,6,1,22,8,B03,120.6989,24.159718,2
2022,7,4,5,54,臺中市,大肚區,0,1,0,8,1,5,30,3,1,1,5,4,5,7,4,4,10,5,5,2,16,6,2,7,1,1,C03,7,5,3,18,2,11,,6,6,1,19,8,C03,120.555742,24.143447,2
2022,7,4,6,33,臺中市,大甲區,0,1,0,8,1,5,60,3,1,1,5,4,5,7,1,1,10,5,5,2,16,42,2,9,1,1,C04,7,9,3,18,2,11,,42,42,1,5,8,C04,120.65185,24.38357,2
2022,7,4,6,45,臺中市,北屯區,0,2,0,8,1,5,50,14,9,1,5,4,5,7,4,4,1,2,5,2,16,26,2,9,3,4,C03,7,7,6,18,2,14,,26,26,1,21,8,C03,120.691353,24.171835,2
2022,7,4,7,15,臺中市,大雅區,0,0,0,8,1,3,40,3,8,1,5,4,5,7,1,1,9,4,4,2,13,23,3,10,1,1,C03,7,9,1,10,2,11,,23,23,1,22,9,C03,120.64143,24.22999,3
2022,7,4,7,15,臺中市,西屯區,0,0,0,8,1,5,30,14,9,1,5,4,5,7,4,4,10,5,5,2,17,43,4,11,1,4,C03,7,9,7,19,11,11,,43,43,1,22,8,C03,120.663045,24.166529,3
2022,7,4,7,24,臺中市,北屯區,0,2,0,8,1,5,40,14,7,1,5,4,5,7,4,4,5,5,4,2,11,4,3,10,1,1,C04,7,11,1,10,2,13,,4,4,1,22,7,C04,120.690448,24.177374,2
2022,7,4,7,30,臺中市,大甲區,0,0,0,8,,,50,,,,,,,,,,,,,,,12,,,,,B03,,,1,,2,,,12,12,1,9,,B03,120.624174,24.341083,3
2022,7,4,7,31,臺中市,太平區,0,2,0,8,1,5,50,14,9,1,5,4,5,7,4,4,5,4,4,2,16,16,2,9,1,1,C03,7,9,1,10,2,11,,16,16,1,21,8,C03,120.711192,24.140866,2
2022,7,4,7,32,臺中市,北屯區,0,1,0,8,1,5,50,14,9,1,5,4,5,7,4,4,5,5,5,2,16,26,2,8,1,1,C03,7,11,1,10,2,12,,26,26,1,21,8,C03,120.666319,24.184605,2
2022,7,4,7,34,臺中市,東區,0,2,0,8,1,5,50,4,1,1,5,4,5,7,4,4,4,5,5,2,15,6,2,9,1,1,C03,7,9,1,10,2,12,,6,6,1,21,8,C03,120.698065,24.142133,2
2022,7,4,7,38,臺中市,潭子區,0,0,0,8,,,50,,,,,,,,,,,,,,,12,,,,,B03,,,1,,2,,,12,,1,22,,B03,120.680149,24.223306,3
2022,7,4,7,44,臺中市,大雅區,0,1,0,8,1,5,50,3,2,1,5,4,5,7,1,1,9,4,4,1,17,23,2,8,1,1,C03,7,9,1,11,2,11,,23,23,1,22,9,C03,120.649637,24.212986,2
2022,7,4,7,45,臺中市,外埔區,0,3,0,8,1,5,30,14,9,1,5,4,5,6,4,4,10,4,5,1,17,19,2,8,1,1,C03,7,1,1,10,2,11,,19,19,1,22,8,C03,120.656625,24.327702,2
2022,7,4,7,55,臺中市,西屯區,0,1,0,8,1,5,30,3,1,1,5,4,5,7,4,4,10,5,5,2,17,6,3,10,3,4,B03,7,5,1,8,2,8,,6,6,1,22,9,B03,120.64772,24.200833,2
2022,7,4,7,56,臺中市,潭子區,0,2,0,8,1,5,50,14,9,1,5,4,5,7,4,4,9,4,5,2,16,23,2,9,1,1,C03,7,9,3,18,2,11,,23,23,1,22,8,C03,120.706999,24.209192,2
2022,7,4,7,58,臺中市,北屯區,0,0,0,8,,,50,,,,,,,,,,,,,,,23,,,,,B03,,,1,,2,,,23,23,1,22,,B03,120.691959,24.18045,3
2022,7,4,8,0,臺中市,太平區,0,2,0,8,1,5,50,14,7,1,5,4,5,7,4,4,5,4,5,1,3,52,2,6,4,5,H01,8,16,8,20,2,16,,52,52,1,20,8,H01,120.72052,24.133825,2
2022,7,4,8,4,臺中市,豐原區,0,1,0,8,1,5,50,4,1,1,5,4,5,7,1,1,4,5,4,2,13,16,3,10,1,1,B03,7,9,1,8,2,1,,16,16,1,4,1,B03,120.722136,24.249797,2
2022,7,4,8,15,臺中市,北區,0,0,0,8,1,5,50,3,2,1,5,4,1,7,4,4,10,5,5,2,17,42,,,,,G03,,,8,,11,,,42,42,1,9,,G03,120.666914,24.170363,3
2022,7,4,8,19,臺中市,潭子區,0,0,0,8,,,50,,,,,,,,,,,,,,,17,,,,,B03,,,1,,2,,,17,17,1,22,,B03,120.710814,24.227993,3
2022,7,4,8,20,臺中市,大雅區,0,1,0,8,1,5,50,14,7,1,5,4,5,7,4,4,3,4,4,1,13,23,2,9,1,1,C03,7,9,1,10,2,11,,23,23,1,22,8,C03,120.64938,24.21535,2
2022,7,4,8,25,臺中市,潭子區,0,1,0,8,1,5,60,14,8,1,5,4,5,7,4,4,1,4,4,2,18,23,2,9,1,1,C03,7,9,1,10,2,12,,23,23,1,22,9,C03,120.703132,24.200219,2
2022,7,4,8,28,臺中市,太平區,0,2,0,8,1,5,50,14,9,1,5,4,5,7,4,4,5,5,5,1,16,1,2,8,1,1,C03,7,4,1,10,2,11,,1,1,1,18,8,C03,120.736548,24.156863,2
2022,7,4,8,30,臺中市,大雅區,0,1,0,8,1,5,30,11,9,1,5,4,5,7,4,4,10,5,5,2,17,5,2,9,1,1,C03,7,9,1,10,2,11,,5,5,1,22,9,C03,120.662151,24.228982,2
2022,7,4,8,40,臺中市,清水區,0,0,0,8,1,5,50,14,8,1,5,4,5,7,1,1,5,5,4,2,12,18,3,10,1,1,B03,7,3,1,8,2,6,,18,18,1,5,1,B03,120.554005,24.260559,3
2022,7,4,8,41,臺中市,北屯區,0,2,0,8,1,5,30,14,9,1,5,4,5,7,4,4,10,5,5,2,17,13,2,8,1,1,C03,7,9,1,10,2,11,,13,13,1,22,8,C03,120.668574,24.182855,2
2022,7,4,8,42,臺中市,沙鹿區,0,1,0,8,1,5,40,3,1,1,5,4,5,7,2,1,10,5,5,2,13,16,3,10,1,1,C03,7,9,1,10,2,13,,44,16,1,4,1,C03,120.581421,24.209662,2
2022,7,4,8,47,臺中市,南屯區,0,1,0,8,1,5,50,4,1,1,5,4,5,7,2,1,1,2,4,2,16,23,3,10,1,1,B02,7,9,1,8,2,5,,23,23,1,5,8,B02,120.640739,24.148775,2
2022,7,4,8,51,臺中市,西屯區,0,0,0,8,,,50,,,,,,,,,,,,,,,6,,,,,B03,,,1,,1,,,6,6,1,22,,B03,120.656661,24.200483,3