年,月,日,時,分,縣市,區,死,受傷,2-30,天候,光線,道路類別,速限,道路型態,事故位置,路面鋪裝,路面狀態,路面缺陷,障礙物,視距,號誌種類,號誌動作,分向設施,快車道或一般車道間,快慢車道間,路面邊線,事故類型及型態,主要肇因,受傷程度,主要傷處,保護裝備,行動電話,當事者區分,車輛用途,當事者行動狀態,駕駛資格情形,駕駛執照種類,飲酒情形,車輛撞擊部位最初,車輛撞擊部位其他,肇事因素個別,肇事因素主要,肇事逃逸,職業,旅次目的,車種,GPS緯度,GPS經度,事故類別
2022,7,7,10,56,臺中市,烏日區,0,1,0,8,1,5,60,14,7,1,5,4,5,7,1,1,1,4,4,2,13,23,2,8,1,1,C03,7,9,1,10,2,11,,23,23,1,18,8,C03,120.648532,24.110996,2
2022,7,7,11,0,臺中市,西屯區,0,0,0,8,,,50,,,,,,,,,,,,,,,26,,,,,B12,,,1,,1,,,26,,1,22,,B12,120.616504,24.182709,3
2022,7,7,11,0,臺中市,西屯區,0,0,0,8,,,30,,,,,,,,,,,,,,,12,,,,,B03,,,1,,1,,,12,,1,4,,B03,120.649733,24.158515,3
2022,7,7,11,8,臺中市,北區,0,1,0,8,1,5,50,4,1,1,5,4,5,7,1,1,10,5,5,2,17,4,2,9,1,1,C03,7,15,1,10,2,11,,4,4,1,22,9,C03,120.677,24.158991,2
2022,7,7,11,11,臺中市,大里區,0,0,0,8,,,50,,,,,,,,,,,,,,,8,,,,,B02,,,1,,2,,,8,,1,22,,B02,120.70365,24.08965,3
2022,7,7,11,15,臺中市,大肚區,0,0,0,8,,,50,,,,,,,,,,,,,,,6,,,,,B03,,,1,,2,,,6,,1,2,,B03,120.537403,24.160298,3
2022,7,7,11,16,臺中市,西屯區,0,0,0,8,,,50,,,,,,,,,,,,,,,16,,,,,C03,,,1,,2,,,16,,1,22,,C03,120.647546,24.170405,3
2022,7,7,11,18,臺中市,太平區,0,2,0,8,1,5,50,3,1,1,5,4,5,7,3,1,10,5,5,2,16,44,2,9,1,1,C03,7,9,1,10,2,11,,23,44,1,22,5,C03,120.716545,24.126517,2
2022,7,7,11,20,臺中市,西區,0,1,0,8,1,5,50,4,1,1,5,4,5,7,1,1,10,5,5,2,13,16,3,10,1,1,B12,7,9,1,8,2,1,,16,16,1,22,9,B12,120.660183,24.136552,2
2022,7,7,11,27,臺中市,梧棲區,0,1,0,8,1,5,70,14,7,1,5,4,5,7,4,4,1,4,4,1,13,23,2,9,1,1,C03,7,9,1,10,2,11,,23,23,1,20,8,C03,120.549277,24.237932,2
2022,7,7,11,30,臺中市,大雅區,0,0,0,8,,,50,,,,,,,,,,,,,,,12,,,,,B03,,,1,,2,,,12,,1,22,,B03,120.646933,24.22589,3
2022,7,7,11,36,臺中市,豐原區,0,2,0,8,1,5,50,3,1,1,5,4,5,7,4,4,5,5,5,2,16,6,2,9,1,1,C03,7,5,1,10,2,11,14,6,6,1,20,7,C03,120.699096,24.247515,2
2022,7,7,11,43,臺中市,豐原區,0,2,0,8,1,5,50,14,8,1,5,4,5,7,4,4,4,4,4,2,16,6,2,8,1,1,C03,7,6,1,10,2,13,,6,6,1,4,1,C03,120.734069,24.255411,2
2022,7,7,11,49,臺中市,南區,0,1,0,8,1,5,50,5,1,1,5,4,5,7,1,1,5,5,5,2,3,23,3,10,1,1,B03,7,5,1,8,2,8,,23,23,1,21,8,B03,120.657782,24.12901,2
2022,7,7,11,54,臺中市,龍井區,0,0,0,8,,,70,,,,,,,,,,,,,,,16,,,,,B12,,,1,,2,,,16,,1,22,,B12,120.581656,24.188116,3
2022,7,7,11,55,臺中市,大雅區,0,0,0,8,,,30,,,,,,,,,,,,,,,6,,,,,B03,,,1,,2,,,6,,1,22,,B03,120.670704,24.237746,3
2022,7,7,11,57,臺中市,大肚區,0,1,0,8,1,5,50,14,8,1,5,4,5,7,4,4,1,4,4,1,16,19,3,10,1,1,B03,7,1,1,8,2,8,,19,19,1,20,8,B03,120.553767,24.132153,2
2022,7,7,12,0,臺中市,大雅區,0,2,0,8,1,5,30,14,9,1,5,4,5,7,4,4,10,4,5,1,16,19,2,9,1,1,C03,7,1,1,10,2,11,,19,19,1,22,9,C03,120.661219,24.220657,2
2022,7,7,12,5,臺中市,太平區,0,2,0,8,1,5,50,3,1,1,5,4,5,7,4,4,10,5,5,2,13,16,2,9,1,1,C03,7,9,1,10,2,11,,16,16,1,22,8,C03,120.718617,24.125204,2
2022,7,7,12,14,臺中市,西屯區,0,0,0,8,,,50,,,,,,,,,,,,,,,12,,,,,B03,,,1,,9,,,12,,1,22,,B03,120.613459,24.19016,3
2022,7,7,12,15,臺中市,太平區,0,1,0,8,1,5,50,4,1,1,5,4,5,7,4,4,10,5,5,2,15,6,3,10,1,1,B03,7,9,1,8,2,5,,6,6,1,22,5,B03,120.720536,24.156173,2
2022,7,7,12,22,臺中市,西屯區,0,1,0,8,1,5,40,14,7,1,5,4,5,7,4,4,4,5,4,2,16,26,3,10,1,1,B03,7,11,1,8,2,4,,26,26,1,22,8,B03,120.64024,24.186352,2
2022,7,7,12,24,臺中市,西屯區,0,1,0,8,1,5,30,3,1,1,5,4,5,7,4,4,5,4,5,2,15,6,2,9,3,4,F01,7,9,8,20,2,16,,6,6,1,22,8,F01,120.647748,24.170685,2
2022,7,7,12,25,臺中市,南屯區,0,0,0,8,,,50,,,,,,,,,,,,,,,2,,,,,B03,,,1,,2,,,2,2,1,22,,B03,120.625776,24.148908,3
2022,7,7,12,35,臺中市,潭子區,0,1,0,8,1,5,40,3,1,1,5,4,5,7,3,1,10,4,5,1,13,8,3,10,1,1,C03,7,5,1,10,2,13,,8,8,1,22,9,C03,120.673735,24.205418,2
2022,7,7,12,41,臺中市,北屯區,0,0,0,8,,,50,,,,,,,,,,,,,,,23,,,,,B03,,,1,,1,,,23,,1,21,,B03,120.697373,24.169721,3
2022,7,7,12,44,臺中市,潭子區,0,1,0,8,1,5,60,14,8,1,5,4,5,7,4,4,3,4,4,1,16,16,2,9,1,1,C03,7,9,1,10,2,11,,27,16,1,22,8,C03,120.708806,24.231778,2
2022,7,7,12,44,臺中市,西區,0,0,0,8,,,40,,,,,,,,,,,,,,,9,,,,,B03,,,1,,1,,,9,,1,19,,B03,120.663728,24.154587,3
2022,7,7,12,45,臺中市,北區,0,1,0,8,1,5,50,3,1,1,5,4,5,7,1,1,1,4,4,2,16,10,3,10,1,1,B03,7,11,1,8,2,5,,10,10,1,5,8,B03,120.694418,24.159898,2
2022,7,7,12,47,臺中市,西屯區,0,0,0,,,,40,,,,,,,,,,,,,,,23,,,,,B12,,,1,,1,,,23,,1,22,,B12,120.638148,24.160645,3
2022,7,7,12,49,臺中市,東區,0,0,0,,,,50,,,,,,,,,,,,,,,12,,,,,A11,,,1,,2,,,12,,1,4,,A11,120.689186,24.142917,3
2022,7,7,12,55,臺中市,大雅區,0,1,0,8,1,5,30,3,1,1,5,4,5,7,4,4,10,4,5,1,16,6,3,10,1,1,B12,7,5,1,8,2,1,,6,6,1,22,9,B12,120.637232,24.2076,2
2022,7,7,13,20,臺中市,北區,0,0,0,8,,,50,,,,,,,,,,,,,,,43,,,,,B03,,,1,,2,,,43,,1,5,,B03,120.672512,24.169786,3
2022,7,7,13,31,臺中市,西區,0,0,0,8,,,40,,,,,,,,,,,,,,,19,,,,,B03,,,1,,1,,,19,,1,21,,B03,120.665076,24.140154,3
2022,7,7,13,31,臺中市,南屯區,0,0,0,8,,,30,,,,,,,,,,,,,,,12,,,,,B12,,,1,,1,,,12,,1,22,,B12,120.641388,24.144852,3
2022,7,7,13,34,臺中市,西區,0,0,0,8,1,5,50,14,9,1,5,4,5,7,4,4,10,5,5,2,14,12,,,,,B03,,,1,,1,,,12,,1,22,,B03,120.668939,24.13157,3
2022,7,7,13,34,臺中市,太平區,0,2,0,8,1,5,50,3,1,1,5,4,5,7,3,1,10,5,5,2,16,6,2,9,3,4,C03,7,5,1,10,2,11,,6,6,1,20,8,C03,120.710682,24.150275,2
2022,7,7,13,39,臺中市,北區,0,1,0,8,1,5,50,4,1,1,5,4,5,7,1,1,10,5,5,2,17,17,2,9,1,1,C03,7,9,1,10,2,12,,17,17,1,22,9,C03,120.69036,24.156193,2
2022,7,7,13,51,臺中市,南屯區,0,0,0,8,,,50,,,,,,,,,,,,,,,42,,,,,C03,,,1,,2,,,42,,1,22,,C03,120.638274,24.139924,3
2022,7,7,13,53,臺中市,西區,0,2,0,8,1,5,50,4,1,1,5,4,5,7,2,1,10,5,5,2,15,25,2,9,1,1,C03,7,9,1,10,2,11,,25,25,1,4,9,C03,120.666736,24.141067,2
2022,7,7,13,59,臺中市,南屯區,0,2,0,8,1,5,40,4,1,1,5,4,5,7,1,1,10,5,5,2,16,25,2,9,1,4,C03,7,9,1,10,2,11,,44,25,1,22,8,C03,120.62274,24.13667,2
2022,7,7,13,59,臺中市,西屯區,0,1,0,8,1,5,30,3,2,1,5,4,5,7,4,4,10,5,5,2,17,6,2,9,3,4,C03,7,6,4,8,2,15,,6,6,1,22,9,C03,120.642029,24.174749,2
2022,7,7,14,12,臺中市,潭子區,0,1,0,6,1,5,60,14,9,1,4,4,5,7,4,4,9,4,5,1,17,19,3,10,1,1,B02,7,1,1,8,2,15,,19,19,1,22,8,B02,120.702755,24.197831,2
2022,7,7,14,18,臺中市,西屯區,0,0,0,8,,,50,,,,,,,,,,,,,,,26,,,,,B03,,,1,,1,,,26,,1,22,,B03,120.646579,24.164214,3
2022,7,7,14,19,臺中市,潭子區,0,0,0,8,,,50,,,,,,,,,,,,,,,23,,,,,B03,,,1,,2,,,23,,1,22,,B03,120.680746,24.207153,3
2022,7,7,14,24,臺中市,中區,0,1,0,8,1,5,50,14,9,1,5,4,5,7,4,4,5,4,5,2,12,17,2,9,1,1,C03,7,9,1,10,2,15,,17,17,1,4,5,C03,120.677728,24.139824,2
2022,7,7,14,27,臺中市,西屯區,0,1,0,8,1,5,40,14,8,1,5,4,5,7,4,4,1,4,4,2,13,16,2,9,3,4,C03,7,9,1,10,2,11,,16,16,1,22,8,C03,120.638653,24.1647,2
2022,7,7,14,27,臺中市,清水區,0,0,0,8,,,30,,,,,,,,,,,,,,,12,,,,,B12,,,1,,2,,,12,,1,21,,B12,120.559294,24.270114,3
2022,7,7,14,28,臺中市,南區,0,3,0,8,1,5,40,14,8,1,5,4,5,7,4,4,3,4,4,2,17,23,2,9,1,1,C03,7,9,1,8,2,11,,23,23,1,21,8,C03,120.670676,24.118927,2
2022,7,7,14,32,臺中市,太平區,0,1,0,8,1,5,50,3,1,1,5,4,5,7,1,1,10,5,5,2,16,6,3,10,3,4,B02,7,6,1,6,2,2,,6,6,1,5,8,B02,120.707115,24.129138,2
2022,7,7,14,33,臺中市,北屯區,0,0,0,8,,,40,,,,,,,,,,,,,,,12,,,,,B03,,,1,,1,,,12,,1,21,,B03,120.689162,24.181167,3
2022,7,7,14,40,臺中市,沙鹿區,0,0,0,8,,,60,,,,,,,,,,,,,,,23,,,,,B02,,,1,,2,,,23,,1,19,,B02,120.566305,24.2046,3
2022,7,7,14,44,臺中市,太平區,0,1,0,8,1,5,50,11,9,1,5,4,5,7,4,4,5,4,5,1,11,26,3,10,1,1,C03,7,9,1,10,2,14,,26,26,1,22,5,C03,120.757717,24.117715,2
2022,7,7,14,48,臺中市,北區,0,1,0,8,1,5,50,4,1,1,5,4,5,7,4,4,10,5,5,2,15,6,3,10,1,1,B03,7,9,1,8,2,1,,6,6,1,5,8,B03,120.695962,24.159517,2
2022,7,7,14,50,臺中市,南屯區,0,0,0,8,,,50,,,,,,,,,,,,,,,12,,,,,B03,,,1,,1,,,12,,1,22,,B03,120.625805,24.141037,3
2022,7,7,14,52,臺中市,清水區,0,0,0,8,,,70,,,,,,,,,,,,,,,23,,,,,B12,,,1,,2,,,23,23,1,21,,B12,120.552015,24.293875,3
2022,7,7,14,56,臺中市,西區,0,0,0,8,,,50,,,,,,,,,,,,,,,23,,,,,B03,,,1,,1,,,23,,1,21,,B03,120.664208,24.154416,3
2022,7,7,14,57,臺中市,潭子區,0,0,0,8,,,50,,,,,,,,,,,,,,,16,,,,,B12,,,1,,2,,,16,,1,22,,B12,120.696076,24.224097,3
2022,7,7,15,0,臺中市,潭子區,0,0,0,8,,,80,,,,,,,,,,,,,,,23,,,,,B03,,,1,,9,,,23,,1,22,,B03,120.696555,24.201,3
2022,7,7,15,42,臺中市,南區,0,0,0,8,,,50,,,,,,,,,,,,,,,12,,,,,B03,,,1,,2,,,12,,1,3,,B03,120.667332,24.115679,3
2022,7,7,16,4,臺中市,清水區,0,1,0,8,1,5,40,3,1,1,5,4,5,7,4,4,10,5,5,2,16,13,2,9,1,1,C03,7,9,3,18,2,11,,13,13,1,21,8,C03,120.600191,24.303215,2
2022,7,7,16,8,臺中市,西屯區,0,0,0,8,,,50,,,,,,,,,,,,,,,7,,,,,B03,,,1,,1,,,7,,1,4,,B03,120.604987,24.193368,3
2022,7,7,16,10,臺中市,南屯區,0,0,0,8,,,50,,,,,,,,,,,,,,,6,,,,,B03,,,1,,1,,,6,,1,22,,B03,120.64975,24.155611,3
2022,7,7,16,11,臺中市,西區,0,0,0,8,1,5,50,14,9,1,5,4,5,7,4,4,5,5,5,2,16,19,,,,,B03,,,1,,1,,,19,,1,22,,B03,120.669467,24.149145,3
2022,7,7,16,18,臺中市,西區,0,0,0,8,,,50,,,,,,,,,,,,,,,23,,,,,A12,,,1,,2,,,23,,1,4,,A12,120.672239,24.147243,3
2022,7,7,16,21,臺中市,北屯區,0,2,0,8,1,5,40,4,18,1,5,4,5,7,1,1,10,5,5,2,3,25,2,9,3,4,C03,7,9,1,10,2,11,,25,25,1,21,8,C03,120.686438,24.187033,2
2022,7,7,16,31,臺中市,西屯區,0,0,0,8,,,1,,,,,,,,,,,,,,,42,,,,,,,,,,,,,67,42,1,,,,120.619751,24.181051,3
2022,7,7,16,32,臺中市,南屯區,0,1,0,8,1,5,50,4,1,1,5,4,5,7,1,1,10,5,5,2,16,23,3,10,1,4,C03,7,9,1,10,2,11,,23,23,1,22,8,C03,120.647408,24.153713,2
2022,7,7,16,38,臺中市,南區,0,0,0,,,,50,,,,,,,,,,,,,,,23,,,,,A12,,,1,,2,,,23,,1,4,,A12,120.655377,24.115645,3
2022,7,7,16,38,臺中市,南屯區,0,2,0,8,1,5,50,14,8,1,5,4,5,7,4,4,1,4,4,2,13,23,2,9,1,1,C03,7,9,1,10,2,11,,23,23,1,22,9,C03,120.648858,24.139963,2
2022,7,7,16,41,臺中市,清水區,0,1,0,8,1,5,50,3,1,1,5,4,5,7,1,1,10,5,5,2,16,10,2,9,1,1,C03,7,11,1,10,2,14,,10,10,1,21,8,C03,120.60392,24.311699,2
2022,7,7,16,44,臺中市,沙鹿區,0,1,0,8,1,5,60,3,1,1,5,4,5,7,2,1,10,5,5,2,16,26,3,10,1,1,B03,7,6,1,8,2,5,,26,26,1,19,8,B03,120.580337,24.219704,2
2022,7,7,16,45,臺中市,龍井區,0,0,0,8,,,30,,,,,,,,,,,,,,,23,,,,,B12,,,1,,1,,,23,,1,22,,B12,120.592349,24.18168,3
2022,7,7,17,1,臺中市,西屯區,0,1,0,8,1,5,1,3,1,1,5,4,5,7,4,4,10,5,5,2,17,19,3,10,1,1,B03,7,1,1,8,2,8,,19,19,1,22,8,B03,120.612664,24.191212,2
2022,7,7,17,9,臺中市,大甲區,0,0,0,8,,,50,,,,,,,,,,,,,,,16,,,,,B03,,,1,,1,,,16,,1,20,,B03,120.633958,24.356783,3
2022,7,7,17,10,臺中市,神岡區,0,1,0,8,1,5,50,3,9,1,5,4,5,7,4,4,10,5,5,2,17,42,2,9,3,4,C03,7,5,1,10,2,11,,42,42,1,22,1,C03,120.685671,24.280352,2
2022,7,7,17,11,臺中市,西區,0,0,0,8,1,5,30,14,9,1,5,4,5,7,4,4,10,5,5,2,12,6,,,,,C03,,,1,,1,,,6,,1,22,,C03,120.663848,24.151235,3
2022,7,7,17,14,臺中市,潭子區,0,0,0,8,,,60,,,,,,,,,,,,,,,7,,,,,B12,,,1,,2,,,7,7,1,22,,B12,120.707635,24.225775,3
2022,7,7,17,17,臺中市,北屯區,0,1,0,8,1,5,50,3,1,1,5,4,5,7,1,1,10,5,5,2,17,26,3,10,1,1,B01,7,6,1,4,2,2,,26,26,1,21,8,B01,120.782555,24.202315,2
2022,7,7,17,17,臺中市,太平區,0,1,0,8,2,5,40,4,1,1,5,4,5,7,1,1,1,4,5,2,16,6,3,10,1,1,B03,7,6,1,8,2,6,,6,6,1,21,8,B03,120.717395,24.158546,2
2022,7,7,17,21,臺中市,清水區,0,0,0,8,,,50,,,,,,,,,,,,,,,6,,,,,C03,,,1,,2,,,6,,1,5,,C03,120.550241,24.26474,3
2022,7,7,17,25,臺中市,北區,0,2,0,8,1,5,50,4,1,1,5,4,5,7,1,1,10,5,5,2,16,6,2,9,1,1,C03,7,5,1,10,2,14,,6,6,1,22,9,C03,120.670508,24.16044,2
2022,7,7,17,29,臺中市,北屯區,0,0,0,8,,,50,,,,,,,,,,,,,,,43,,,,,B03,,,1,8,2,,,43,43,1,21,,B03,120.689401,24.170939,3
2022,7,7,17,40,臺中市,梧棲區,0,1,0,8,1,5,40,4,1,1,5,4,5,7,4,4,10,5,5,2,16,6,3,10,1,1,C03,7,6,1,10,2,12,,6,6,1,2,8,C03,120.534547,24.250421,2
2022,7,7,17,48,臺中市,西區,0,3,0,8,1,5,50,14,9,1,5,4,5,7,4,4,5,4,5,2,16,26,2,9,3,4,C03,7,11,4,8,2,11,,26,26,1,22,5,C03,120.658584,24.14692,2
2022,7,7,17,50,臺中市,太平區,0,0,0,6,,,50,,,,,,,,,,,,,,,26,,,,,C03,,,1,,2,,,26,,1,18,,C03,120.722897,24.119613,3
2022,7,7,17,53,臺中市,南屯區,0,2,0,8,1,5,40,14,8,1,5,4,5,7,4,4,3,5,3,2,17,43,2,9,1,1,C03,7,9,1,10,2,12,,43,43,1,22,8,C03,120.610077,24.151161,2
2022,7,7,17,54,臺中市,南區,0,0,0,8,,,50,,,,,,,,,,,,,,,23,,,,,C03,,,1,,1,,,23,23,1,22,,C03,120.657346,24.131226,3
2022,7,7,17,57,臺中市,潭子區,0,0,0,8,1,5,80,14,9,1,5,4,5,7,4,4,1,3,5,1,13,16,,,,,B03,,,1,,2,,,16,,1,22,,B03,120.718294,24.197401,3
2022,7,7,17,58,臺中市,南屯區,0,2,0,8,1,5,50,3,1,1,5,4,5,7,4,4,10,5,5,2,16,6,2,5,1,4,C03,7,5,1,10,2,11,,6,6,1,22,8,C03,120.635655,24.136036,2
2022,7,7,18,7,臺中市,西區,0,2,0,8,1,5,50,14,9,1,5,4,5,7,4,4,5,4,5,2,17,19,2,9,1,1,C03,7,1,1,10,2,11,,19,19,1,22,9,C03,120.672369,24.135616,2
2022,7,7,18,10,臺中市,梧棲區,0,1,0,8,2,5,50,4,1,1,5,4,5,7,1,1,10,5,5,2,16,42,3,10,1,1,A41,7,9,1,1,2,5,,42,42,1,10,1,A41,120.530125,24.254338,2
2022,7,7,18,12,臺中市,北屯區,0,1,0,8,1,5,50,4,1,1,5,4,5,7,4,4,10,5,5,2,16,6,2,9,1,1,C03,7,9,1,10,2,11,,6,6,1,21,8,C03,120.68018,24.178108,2
2022,7,7,18,14,臺中市,中區,0,0,0,8,,,50,,,,,,,,,,,,,,,7,,,,,B03,,,1,,1,,,7,7,1,21,,B03,120.676776,24.140637,3
2022,7,7,18,19,臺中市,西區,0,0,0,8,1,5,50,4,1,1,5,4,5,7,4,4,10,5,5,2,13,23,,,,,B03,,,1,,1,,,23,,1,22,,B03,120.655135,24.140024,3
2022,7,7,18,25,臺中市,東區,0,0,0,,,,,,,,,,,,,,,,,,,43,,,,,,,,,,,,,43,,1,,,,120.706096,24.136656,3
2022,7,7,18,30,臺中市,西區,0,0,0,8,,,60,,,,,,,,,,,,,,,7,,,,,B12,,,1,,1,,,7,,1,22,,B12,120.659762,24.156985,3
2022,7,7,18,30,臺中市,北屯區,0,0,0,8,,,50,,,,,,,,,,,,,,,6,,,,,B03,,,1,,2,,,6,6,1,21,,B03,120.668466,24.198251,3
2022,7,7,18,34,臺中市,南區,0,0,0,8,,,30,,,,,,,,,,,,,,,12,,,,,B12,,,1,,2,,,12,,1,20,,B12,120.671821,24.111425,3
2022,7,7,18,47,臺中市,大甲區,0,0,0,8,,,50,,,,,,,,,,,,,,,23,,,,,B03,,,1,,3,,,23,,1,22,,B03,120.62225,24.343766,3
2022,7,7,18,54,臺中市,梧棲區,0,2,0,8,3,5,40,14,8,1,5,4,5,7,4,4,1,3,1,2,19,50,2,9,1,1,C03,7,9,1,10,2,15,,50,50,1,18,8,C03,120.518147,24.225386,2
2022,7,7,18,55,臺中市,中區,0,1,0,8,3,5,50,4,1,1,5,4,5,7,4,4,10,5,5,2,15,6,3,10,1,1,B12,7,9,1,8,2,8,,6,6,1,21,8,B12,120.681345,24.142198,2
2022,7,7,19,10,臺中市,南屯區,0,1,0,8,2,5,50,4,1,1,5,4,5,7,1,1,5,5,5,2,17,23,2,9,1,1,C03,7,9,1,10,2,12,,23,23,1,22,9,C03,120.651367,24.148775,2
2022,7,7,19,19,臺中市,神岡區,0,1,0,8,3,5,50,14,12,1,5,4,5,7,4,4,9,4,5,1,13,7,3,10,3,4,C03,7,8,1,10,2,13,,7,7,1,22,9,C03,120.666521,24.257364,2
2022,7,7,19,22,臺中市,潭子區,0,1,0,8,3,5,50,4,1,1,5,4,5,7,2,1,10,5,5,2,3,23,3,10,1,1,B03,7,5,1,8,2,8,,23,23,1,22,8,B03,120.708891,24.233312,2
2022,7,7,19,22,臺中市,南區,0,1,0,8,2,5,40,14,8,1,5,4,5,7,4,4,1,4,4,2,16,19,3,10,1,1,A04,7,1,1,2,2,8,,19,19,1,10,8,A04,120.656161,24.11571,2
2022,7,7,19,24,臺中市,北區,0,2,0,8,3,5,50,4,1,1,5,4,5,7,1,1,10,5,5,2,17,25,2,9,1,1,C04,7,15,6,18,11,11,,25,25,1,22,8,C04,120.673773,24.165153,2
2022,7,7,19,28,臺中市,中區,0,1,0,7,3,5,50,4,1,1,5,4,5,7,1,1,10,5,5,2,3,23,3,10,3,4,B12,7,5,1,8,2,8,,23,23,1,21,8,B12,120.678382,24.144739,2
2022,7,7,19,29,臺中市,西區,0,2,0,8,3,5,50,4,1,1,5,4,5,7,1,1,10,5,5,2,12,8,2,9,1,1,C04,7,5,1,10,2,13,,8,8,1,22,9,C04,120.653962,24.147746,2
2022,7,7,19,53,臺中市,豐原區,0,0,0,8,,,50,,,,,,,,,,,,,,,23,,,,,C03,,,1,,2,,,23,,1,22,,C03,120.708311,24.250448,3
2022,7,7,20,0,臺中市,南屯區,0,1,0,8,3,5,50,14,9,1,5,4,5,7,4,4,10,5,5,2,13,23,2,9,1,4,C03,7,15,1,10,2,11,,23,23,1,22,8,C03,120.649542,24.147473,2
2022,7,7,20,1,臺中市,太平區,0,1,0,8,1,5,50,14,7,1,5,4,5,7,4,4,5,5,4,1,17,40,3,10,3,4,B03,7,13,1,8,2,4,,40,40,1,9,8,B03,120.717643,24.152453,2
2022,7,7,20,2,臺中市,北屯區,0,0,0,8,,,50,,,,,,,,,,,,,,,16,,,,,B03,,,1,,1,,,16,,1,22,,B03,120.690488,24.177295,3
2022,7,7,20,6,臺中市,北屯區,0,1,0,8,3,5,50,4,1,1,4,4,5,7,2,1,10,5,5,2,16,6,3,10,1,1,B03,7,5,1,8,2,8,,6,6,1,21,8,B03,120.705966,24.165129,2
2022,7,7,20,7,臺中市,潭子區,0,0,0,7,3,5,50,14,7,1,5,4,5,7,4,1,5,5,4,2,14,12,,,,,B03,,,1,,2,,,12,,1,22,,B03,120.709687,24.215136,3
2022,7,7,20,30,臺中市,西屯區,0,0,0,8,,,30,,,,,,,,,,,,,,,17,,,,,B03,,,1,,1,,,17,,1,12,,B03,120.660916,24.196978,3
2022,7,7,20,36,臺中市,南區,0,1,0,8,3,5,50,14,9,1,5,4,5,7,4,4,1,4,5,2,13,42,3,10,1,4,B12,7,9,1,8,2,1,,42,42,1,21,8,B12,120.683534,24.11904,2
2022,7,7,20,45,臺中市,北區,0,2,0,8,1,5,50,4,1,1,5,4,5,7,2,1,10,5,5,2,17,4,2,9,1,1,C03,7,11,1,10,2,12,,4,4,1,22,9,C03,120.680948,24.159108,2
2022,7,7,20,47,臺中市,南區,0,4,0,7,3,5,50,14,9,1,5,4,5,7,4,4,5,4,5,2,16,19,2,7,1,1,C03,7,1,1,10,2,14,,19,19,1,22,9,C03,120.666885,24.116381,2
2022,7,7,20,52,臺中市,太平區,0,1,0,8,3,5,50,14,7,1,5,4,5,7,4,4,5,4,4,2,17,26,3,10,1,1,B03,7,11,1,8,2,4,,26,26,1,21,8,B03,120.703406,24.152988,2
2022,7,7,21,0,臺中市,豐原區,0,1,0,7,3,5,50,14,8,1,5,4,5,7,4,4,8,3,5,1,17,23,2,1,3,4,C03,7,9,1,10,5,11,,23,23,2,22,8,C03,120.724791,24.232602,2
2022,7,7,21,14,臺中市,北區,0,1,0,8,3,5,50,3,1,1,5,4,5,7,1,1,10,5,5,2,12,26,2,9,3,4,C03,7,9,1,10,2,11,,26,26,1,5,8,C03,120.698888,24.155282,2
2022,7,7,21,14,臺中市,霧峰區,0,0,0,8,,,40,,,,,,,,,,,,,,,23,,,,,B03,,,1,,2,,,23,,1,22,,B03,120.662636,24.060976,3
2022,7,7,21,43,臺中市,北區,0,1,0,8,3,5,50,4,1,1,5,4,5,7,4,4,10,5,5,2,16,6,3,10,1,1,B03,7,5,1,8,2,8,,6,6,1,22,9,B03,120.671178,24.170054,2
2022,7,7,21,46,臺中市,南屯區,0,1,0,8,3,5,50,4,1,1,5,4,5,7,2,1,10,5,5,2,13,23,2,8,1,1,C03,7,9,1,10,2,11,,23,23,1,22,9,C03,120.623711,24.149553,2
2022,7,7,21,48,臺中市,大雅區,0,1,0,8,3,5,50,14,8,1,5,4,5,7,4,4,5,4,5,1,13,23,2,8,1,1,C03,7,9,1,10,2,11,,23,23,1,22,9,C03,120.648666,24.226749,2
2022,7,7,21,56,臺中市,東區,0,2,0,8,3,5,50,4,1,1,5,4,5,7,1,1,10,5,5,2,16,26,2,1,1,1,B12,7,5,1,8,2,5,,26,26,1,5,8,B12,120.706185,24.146172,2
2022,7,7,22,6,臺中市,大甲區,0,0,0,8,3,5,50,5,1,1,5,4,5,7,1,1,4,4,5,2,12,16,3,10,1,1,B02,7,9,1,8,2,1,,16,16,1,22,6,B02,120.621961,24.34425,3
2022,7,7,22,32,臺中市,西屯區,0,1,0,8,1,5,50,14,9,1,5,4,5,7,4,4,9,4,5,2,16,26,3,10,1,1,B03,7,11,1,8,2,4,,26,26,1,12,8,B03,120.63504,24.17619,2
2022,7,7,22,33,臺中市,西區,0,1,0,8,3,5,50,4,1,1,5,4,5,7,4,4,10,5,5,2,16,6,3,10,1,1,B03,7,5,1,8,2,8,,6,6,1,21,8,B03,120.665275,24.147883,2
2022,7,7,22,42,臺中市,北區,0,1,0,8,3,5,50,14,9,1,5,4,5,7,4,4,8,3,5,2,12,40,3,10,1,1,B03,7,13,1,1,2,7,,40,40,1,8,8,B03,120.675226,24.163373,2
2022,7,7,23,45,臺中市,北屯區,0,0,0,8,,,50,,,,,,,,,,,,,,,7,,,,,B03,,,1,,2,,,7,,1,21,,B03,120.671044,24.174377,3