年,月,日,時,分,縣市,區,死,受傷,2-30,天候,光線,道路類別,速限,道路型態,事故位置,路面鋪裝,路面狀態,路面缺陷,障礙物,視距,號誌種類,號誌動作,分向設施,快車道或一般車道間,快慢車道間,路面邊線,事故類型及型態,主要肇因,受傷程度,主要傷處,保護裝備,行動電話,當事者區分,車輛用途,當事者行動狀態,駕駛資格情形,駕駛執照種類,飲酒情形,車輛撞擊部位最初,車輛撞擊部位其他,肇事因素個別,肇事因素主要,肇事逃逸,職業,旅次目的,車種,GPS緯度,GPS經度,事故類別
2022,7,9,20,23,臺中市,南屯區,0,0,0,,,,50,,,,,,,,,,,,,,,7,,,,,B03,,,1,,2,,,7,,1,22,,B03,120.628928,24.145016,3
2022,7,9,20,40,臺中市,清水區,0,1,0,8,1,5,50,14,8,1,5,4,5,7,4,4,5,4,4,2,13,23,2,8,1,1,C03,7,9,2,18,2,11,,23,23,1,5,5,C03,120.571388,24.27121,2
2022,7,9,20,52,臺中市,北區,0,0,0,8,,,50,,,,,,,,,,,,,,,12,,,,,B12,,,1,,2,,,12,,1,22,,B12,120.69787,24.153237,3
2022,7,9,20,57,臺中市,北區,0,0,0,8,,,50,,,,,,,,,,,,,,,43,,,,,B03,,,1,,2,,,43,,1,21,,B03,120.685695,24.143194,3
2022,7,9,21,2,臺中市,南區,0,1,0,8,3,5,30,4,1,1,5,4,5,7,4,4,10,5,5,2,15,6,2,7,1,1,C03,7,9,4,8,2,11,,6,6,1,5,8,C03,120.674706,24.128998,2
2022,7,9,21,3,臺中市,東區,0,0,0,8,,,50,,,,,,,,,,,,,,,26,,,,,B03,,,1,6,2,,,26,26,1,21,,B03,120.703494,24.135214,3
2022,7,9,21,3,臺中市,太平區,0,1,0,8,3,5,50,4,1,1,5,4,5,7,1,1,5,5,5,2,18,23,2,9,1,1,C03,7,6,1,10,2,12,,23,23,1,21,8,C03,120.710086,24.134725,2
2022,7,9,21,12,臺中市,東區,0,1,0,8,3,5,50,4,1,1,5,4,5,7,4,4,10,5,5,2,16,6,3,10,3,4,B03,7,5,1,8,2,5,,6,6,1,5,8,B03,120.679726,24.132831,2
2022,7,9,21,20,臺中市,北區,0,0,0,,,,,,,,,,,,,,,,,,,43,,,,,,,,,,,,,43,,1,,,,120.688162,24.151819,3
2022,7,9,21,25,臺中市,東區,0,0,0,,,,50,,,,,,,,,,,,,,,23,,,,,B03,,,1,,1,,,23,,1,22,,B03,120.703964,24.135048,3
2022,7,9,21,37,臺中市,西屯區,0,0,0,8,,,80,,,,,,,,,,,,,,,37,,,,,A42,,,1,,1,,,37,,1,22,,A42,120.634948,24.179291,3
2022,7,9,21,45,臺中市,東區,0,0,0,,,,50,,,,,,,,,,,,,,,23,,,,,B03,,,1,,2,,,23,,1,5,,B03,120.697782,24.13316,3
2022,7,9,22,0,臺中市,南屯區,0,2,0,8,3,5,50,4,1,1,5,4,5,7,4,4,10,5,5,2,15,6,2,9,1,1,C03,7,9,1,10,2,11,,6,6,1,22,8,C03,120.632278,24.142826,2
2022,7,9,22,8,臺中市,西屯區,0,0,0,8,,,50,,,,,,,,,,,,,,,7,,,,,B03,,,1,,1,,,7,,1,22,,B03,120.650015,24.172118,3
2022,7,9,22,36,臺中市,東區,0,1,0,8,3,5,30,4,1,1,5,4,5,7,4,4,10,5,5,2,15,6,3,10,1,1,B03,7,9,1,8,2,2,,6,6,1,21,8,B03,120.691665,24.132809,2
2022,7,9,22,45,臺中市,大雅區,0,1,0,8,3,5,40,14,13,1,5,4,5,7,4,4,3,4,4,1,9,19,3,10,1,1,C03,7,1,1,10,2,11,,19,19,1,22,8,C03,120.65659,24.220641,2
2022,7,9,23,19,臺中市,西屯區,0,0,0,8,,,30,,,,,,,,,,,,,,,23,,,,,B03,,,1,,2,,,23,,1,22,,B03,120.662013,24.168755,3
2022,7,9,23,58,臺中市,大甲區,0,1,0,8,3,5,50,4,1,1,5,4,5,7,3,1,10,5,4,1,15,6,3,10,1,1,B03,7,9,1,8,2,8,1,6,6,1,22,1,B03,120.614839,24.351061,2
2022,7,10,0,30,臺中市,太平區,0,1,0,8,3,5,30,14,9,1,5,4,5,7,4,4,5,5,5,2,18,23,2,9,1,1,C03,7,9,1,10,2,14,,23,23,1,21,8,C03,120.762346,24.113622,2
2022,7,10,1,16,臺中市,南屯區,0,0,0,,,,40,,,,,,,,,,,,,,,42,,,,,B03,,,1,,11,,,42,,2,22,,B03,120.651265,24.15475,3
2022,7,10,2,20,臺中市,西區,0,1,0,8,3,5,50,4,1,1,5,4,5,7,2,1,10,5,5,2,16,25,3,10,1,1,B01,7,5,1,1,2,2,,25,25,1,5,4,B01,120.659555,24.156927,2
2022,7,10,4,36,臺中市,大甲區,0,1,0,8,1,5,70,14,8,1,5,4,5,7,4,4,1,4,1,1,17,6,3,10,1,1,B02,7,6,1,8,2,15,,6,6,1,5,3,B02,120.608934,24.327659,2
2022,7,10,4,40,臺中市,北區,0,0,0,8,,,50,,,,,,,,,,,,,,,43,,,,,B01,,,1,,1,,,43,,1,5,,B01,120.675562,24.146086,3
2022,7,10,5,30,臺中市,神岡區,0,1,0,8,1,5,50,15,9,1,5,4,5,7,4,4,9,5,5,2,17,19,3,10,1,1,B12,7,1,1,8,2,5,,19,19,1,22,8,B12,120.659,24.27039,2
2022,7,10,5,40,臺中市,大安區,0,1,0,8,1,5,50,4,1,1,5,4,5,7,3,1,5,5,5,2,16,6,2,7,1,1,C03,7,9,1,10,2,11,,6,6,1,21,8,C03,120.586411,24.379501,2
2022,7,10,6,15,臺中市,后里區,0,1,0,8,1,5,50,14,9,1,5,4,5,7,4,4,9,5,5,2,26,43,2,9,1,1,C03,7,9,1,10,2,12,,43,43,1,21,9,C03,120.730902,24.305069,2
2022,7,10,6,40,臺中市,大安區,0,1,0,8,1,5,30,4,1,1,5,4,5,7,4,4,5,5,5,2,16,6,2,9,1,1,C03,7,9,1,10,2,11,,6,6,1,20,8,C03,120.604451,24.362026,2
2022,7,10,7,0,臺中市,西區,0,2,0,8,1,5,30,3,2,1,5,4,5,7,4,4,10,5,5,2,17,6,2,9,3,4,C03,7,6,1,10,2,11,,6,6,1,22,5,C03,120.658218,24.154769,2
2022,7,10,7,9,臺中市,西屯區,0,1,0,8,1,5,30,14,9,1,5,4,5,7,4,4,10,5,5,2,17,42,2,9,1,1,C03,7,9,1,10,2,11,,42,42,1,1,9,C03,120.607839,24.186319,2
2022,7,10,7,50,臺中市,太平區,0,0,0,8,,,30,,,,,,,,,,,,,,,5,,,,,C03,,,1,,2,,,5,,1,19,,C03,120.713702,24.132783,3
2022,7,10,7,55,臺中市,神岡區,0,1,0,8,1,5,50,14,7,1,5,4,5,7,4,4,5,5,4,2,13,23,3,10,1,1,B03,7,9,1,4,2,5,,23,23,1,21,8,B03,120.69865,24.264438,2
2022,7,10,7,56,臺中市,豐原區,0,1,0,8,1,5,50,14,7,1,5,4,5,7,4,4,1,3,4,1,17,10,2,9,1,1,C03,7,11,1,10,2,11,,10,10,1,19,5,C03,120.741494,24.263205,2
2022,7,10,8,25,臺中市,東區,0,0,0,8,,,50,,,,,,,,,,,,,,,23,,,,,B03,,,1,,2,,,23,,1,22,,B03,120.69855,24.12701,3
2022,7,10,8,35,臺中市,神岡區,0,0,0,8,,,30,,,,,,,,,,,,,,,6,,,,,B03,,,1,,1,,,6,,1,12,,B03,120.642802,24.243308,4
2022,7,10,8,56,臺中市,清水區,0,0,0,8,1,5,50,14,7,1,5,4,5,7,4,4,5,5,4,2,14,12,3,10,1,1,B03,7,2,1,8,2,3,,12,12,1,5,8,B03,120.577176,24.272227,3
2022,7,10,9,20,臺中市,東區,0,2,0,8,1,5,50,14,9,1,5,4,5,7,4,4,5,5,5,2,16,1,2,9,1,1,C03,7,9,1,10,2,14,,1,1,1,22,8,C03,120.708371,24.141038,2
2022,7,10,9,22,臺中市,東區,0,1,0,8,1,5,50,4,1,1,5,4,5,7,1,1,10,5,5,2,18,23,2,9,1,1,C03,7,6,1,10,2,12,,23,23,1,5,8,C03,120.685066,24.12957,2
2022,7,10,9,24,臺中市,中區,0,1,0,8,1,5,50,4,1,1,5,4,5,7,1,1,10,5,5,2,16,26,3,10,1,1,B02,7,6,1,8,2,2,,26,26,1,22,8,B02,120.676559,24.145004,2
2022,7,10,9,26,臺中市,太平區,0,1,0,8,1,5,50,3,1,1,5,4,5,7,4,4,10,5,5,2,16,6,3,10,1,1,C03,7,5,1,10,2,11,,6,6,1,20,6,C03,120.711079,24.151639,2
2022,7,10,9,41,臺中市,北區,0,2,0,8,1,5,50,4,1,1,5,4,5,7,1,1,10,5,5,2,16,8,2,9,1,1,C03,7,5,1,10,2,14,,8,8,1,5,8,C03,120.66923,24.159216,2
2022,7,10,9,46,臺中市,西屯區,0,1,0,8,1,5,30,3,1,1,5,4,5,7,4,4,5,4,5,2,16,6,2,3,3,4,B03,7,6,1,8,2,8,,6,6,1,22,8,B03,120.628493,24.202816,2
2022,7,10,9,53,臺中市,新社區,0,0,0,8,,,30,,,,,,,,,,,,,,,6,,,,,B02,,,1,,2,,,6,,1,21,,B02,120.829695,24.156691,3
2022,7,10,9,57,臺中市,北區,0,0,0,8,1,5,50,4,2,1,5,4,5,7,4,4,5,5,5,2,12,23,3,10,1,1,B02,7,5,1,8,2,5,,23,23,1,5,5,B02,120.683687,24.163925,3
2022,7,10,10,0,臺中市,梧棲區,0,0,0,8,,,50,,,,,,,,,,,,,,,12,,,,,B03,,,1,,2,,,12,,1,21,,B03,120.533704,24.255229,3
2022,7,10,10,3,臺中市,中區,0,1,0,8,1,5,50,4,1,1,5,4,5,7,2,1,10,5,5,2,15,25,2,8,1,1,B03,7,9,1,10,2,5,,25,25,1,18,9,B03,120.676559,24.145004,2
2022,7,10,10,28,臺中市,南區,0,1,0,8,1,5,50,3,1,1,5,4,5,7,1,1,10,5,5,2,13,23,3,10,1,1,C03,7,9,1,10,2,11,,23,23,1,22,8,C03,120.657511,24.113097,2
2022,7,10,10,28,臺中市,西屯區,0,1,0,8,1,5,50,14,9,1,5,4,5,7,4,4,5,5,5,1,12,42,3,10,1,1,C03,7,9,1,10,2,14,,42,42,1,1,9,C03,120.640988,24.178573,2
2022,7,10,10,28,臺中市,太平區,0,0,0,8,,,50,,,,,,,,,,,,,,,18,,,,,B12,,,1,,2,,,18,,1,9,,B12,120.712882,24.157108,3
2022,7,10,10,30,臺中市,大甲區,0,0,0,8,,,50,,,,,,,,,,,,,,,12,,,,,B03,,,1,,2,,,12,,1,4,,B03,120.624905,24.343623,3
2022,7,10,10,42,臺中市,南區,0,0,0,8,,,50,,,,,,,,,,,,,,,23,,,,,B03,,,1,,2,,,23,,1,22,,B03,120.657127,24.130667,3
2022,7,10,10,44,臺中市,西屯區,0,0,0,8,,,60,,,,,,,,,,,,,,,16,,,,,B03,,,1,,1,,,16,16,1,22,,B03,120.64806,24.162981,3
2022,7,10,11,0,臺中市,大甲區,0,2,0,8,1,5,50,14,9,1,5,4,5,7,4,4,5,5,5,1,17,42,3,10,1,1,C03,7,6,2,18,2,12,,42,43,1,16,8,C03,120.620078,24.347289,2
2022,7,10,11,1,臺中市,北區,0,1,0,8,1,5,50,4,1,1,5,4,5,7,1,1,10,5,5,2,16,8,2,9,1,1,C03,7,5,1,10,2,14,,8,8,1,20,8,C03,120.668095,24.162861,2
2022,7,10,11,7,臺中市,西區,0,0,0,8,1,5,60,14,7,1,5,4,5,7,4,4,1,4,1,2,13,23,,,,,B03,,,1,,1,,,23,,1,4,,B03,120.663656,24.155213,3
2022,7,10,11,12,臺中市,西區,0,1,0,8,1,5,50,4,1,1,5,4,5,7,1,1,10,5,5,2,16,6,3,10,1,1,B02,7,5,1,8,2,2,,6,6,1,22,8,B02,120.675975,24.141326,2
2022,7,10,11,18,臺中市,神岡區,0,0,0,8,,,50,,,,,,,,,,,,,,,12,,,,,B03,,,1,,1,,,12,,1,21,,B03,120.695325,24.234448,3
2022,7,10,11,35,臺中市,沙鹿區,0,0,0,8,1,5,50,14,9,1,5,4,5,7,1,1,4,3,5,1,13,19,,,,,B03,,,1,,2,,,19,,1,2,,B03,120.575446,24.22651,3
2022,7,10,11,36,臺中市,北屯區,0,0,0,8,,,50,,,,,,,,,,,,,,,23,,,,,B03,,,1,,1,,,23,,1,21,,B03,120.684314,24.188276,3
2022,7,10,11,41,臺中市,南區,0,0,0,,,,50,,,,,,,,,,,,,,,23,,,,,C03,,,1,,2,,,23,,1,21,,C03,120.670095,24.119043,3
2022,7,10,11,51,臺中市,大甲區,0,0,0,8,1,5,40,14,9,1,5,4,5,7,4,4,10,5,5,1,26,12,3,10,1,1,A11,7,2,1,1,2,3,,12,12,1,22,1,A11,120.611991,24.341281,3
2022,7,10,12,0,臺中市,北區,0,2,0,8,1,5,50,14,9,1,5,4,5,7,4,4,5,4,4,1,6,23,2,9,3,4,C03,7,9,1,10,2,12,,23,23,1,22,9,C03,120.685892,24.165832,2
2022,7,10,12,2,臺中市,西屯區,0,0,0,8,,,50,,,,,,,,,,,,,,,23,,,,,B03,,,1,,2,,,7,23,1,4,,B03,120.632584,24.173876,3
2022,7,10,12,7,臺中市,北屯區,0,0,0,8,,,30,,,,,,,,,,,,,,,23,,,,,B11,,,1,,1,,,38,23,1,22,,B11,120.732764,24.179914,3
2022,7,10,12,9,臺中市,太平區,0,0,0,8,,,30,,,,,,,,,,,,,,,12,,,,,B03,,,1,,2,,,12,,1,21,,B03,120.74228,24.156022,3
2022,7,10,12,10,臺中市,神岡區,0,0,0,8,,,50,,,,,,,,,,,,,,,17,,,,,B03,,,1,,1,,,17,,1,12,,B03,120.673554,24.269276,3
2022,7,10,12,22,臺中市,大甲區,0,0,0,8,,,50,,,,,,,,,,,,,,,19,,,,,B03,,,1,,2,,,19,,1,21,,B03,120.623759,24.34482,3
2022,7,10,12,25,臺中市,北區,0,0,0,8,,,50,,,,,,,,,,,,,,,19,,,,,B03,,,1,,2,,,19,,1,20,,B03,120.663956,24.161746,3
2022,7,10,12,30,臺中市,南區,0,0,0,,,,50,,,,,,,,,,,,,,,12,,,,,B03,,,1,,2,,,12,,1,21,,B03,120.660938,24.124403,3
2022,7,10,12,40,臺中市,南屯區,0,2,0,8,1,5,40,14,8,1,5,4,5,7,4,4,10,5,4,2,16,8,2,8,1,4,C03,7,5,1,10,2,15,,8,8,1,22,8,C03,120.627733,24.118864,2
2022,7,10,12,40,臺中市,梧棲區,0,0,0,8,,,50,,,,,,,,,,,,,,,10,,,,,B12,,,1,,2,,,10,,1,20,,B12,120.544324,24.248878,4
2022,7,10,12,54,臺中市,大雅區,0,1,0,8,1,5,30,5,1,1,5,4,5,7,4,4,10,5,5,2,11,6,3,10,1,1,B03,7,5,1,8,2,8,,6,6,1,22,9,B03,120.64733,24.2304,2
2022,7,10,13,7,臺中市,西屯區,0,1,0,8,1,5,30,3,1,1,5,4,5,7,4,4,10,5,5,2,17,42,2,9,1,1,C03,7,1,1,10,2,11,,42,42,1,1,9,C03,120.666829,24.17445,2
2022,7,10,13,22,臺中市,梧棲區,0,0,0,8,,,30,,,,,,,,,,,,,,,18,,,,,B03,,,1,,2,,,18,,1,5,,B03,120.549401,24.229269,3
2022,7,10,13,33,臺中市,西屯區,0,1,0,8,1,5,50,14,9,1,5,4,5,7,3,1,5,5,5,2,18,43,2,9,1,1,C03,7,9,1,10,3,14,,43,43,1,22,8,C03,120.640168,24.179278,2
2022,7,10,13,37,臺中市,西屯區,0,0,0,8,,,1,,,,,,,,,,,,,,,43,,,,,C03,,,1,,1,,,43,,1,22,,C03,120.652421,24.166786,3
2022,7,10,13,40,臺中市,清水區,0,0,0,,,,50,,,,,,,,,,,,,,,8,,,,,B03,,,1,,2,,,8,,1,19,,B03,120.574034,24.274043,3
2022,7,10,13,57,臺中市,中區,0,0,0,8,,,50,,,,,,,,,,,,,,,23,,,,,C03,,,1,,1,,,23,,1,22,,C03,120.681796,24.144577,3
2022,7,10,14,5,臺中市,東勢區,0,0,0,8,,,50,,,,,,,,,,,,,,,23,,,,,B03,,,1,,2,,,23,,1,22,,B03,120.850195,24.24026,3
2022,7,10,14,6,臺中市,潭子區,0,0,0,8,1,5,30,14,9,1,5,4,5,7,4,4,10,5,5,2,14,12,,,,,B03,,,1,,2,,,12,,1,22,,B03,120.710866,24.231742,3
2022,7,10,14,8,臺中市,東區,0,0,0,,,,50,,,,,,,,,,,,,,,23,,,,,B03,,,1,,2,,,23,,1,22,,B03,120.691605,24.139724,3
2022,7,10,14,12,臺中市,西區,0,0,0,8,1,5,50,4,2,1,5,4,5,7,1,1,1,5,5,2,18,23,,,,,C03,,,1,,9,,,23,,1,21,,C03,120.657111,24.14068,3
2022,7,10,14,19,臺中市,西屯區,0,0,0,8,,,50,,,,,,,,,,,,,,,23,,,,,B03,,,1,,1,,,23,,1,22,,B03,120.649106,24.162451,3
2022,7,10,14,19,臺中市,東勢區,0,0,0,8,1,5,70,3,1,1,5,4,5,7,2,1,1,5,5,1,15,6,3,10,3,4,B03,7,5,1,8,2,1,,6,6,1,22,8,B03,120.82458,24.25692,3
2022,7,10,14,20,臺中市,外埔區,0,0,0,8,1,5,50,14,7,1,5,4,5,7,4,4,5,5,4,1,13,16,,,,,B03,,,1,,2,,,16,,1,22,,B03,120.637825,24.341524,3
2022,7,10,14,21,臺中市,北屯區,0,1,0,8,1,5,50,14,9,1,5,4,5,7,4,4,1,4,5,1,13,16,2,9,1,1,C03,7,9,1,10,2,11,,16,16,1,21,8,C03,120.68541,24.168681,2
2022,7,10,14,32,臺中市,北屯區,0,2,0,8,1,5,40,14,8,1,5,4,5,7,4,4,9,5,4,2,18,48,2,9,1,1,C03,7,9,1,10,2,12,14,48,48,1,5,8,C03,120.710618,24.192218,2
2022,7,10,14,32,臺中市,烏日區,0,0,0,8,1,8,無,17,22,1,5,4,5,7,4,4,10,5,5,2,16,19,,,,,B03,,,1,,2,,,19,,1,3,,B03,120.642411,24.077752,3
2022,7,10,14,50,臺中市,西區,0,0,0,8,,,50,,,,,,,,,,,,,,,16,,,,,B03,,,1,,1,,,16,,1,22,,B03,120.665819,24.152132,3
2022,7,10,14,50,臺中市,大肚區,0,1,0,8,1,5,50,14,8,1,5,4,5,7,4,4,4,5,4,2,18,23,2,8,1,1,C03,7,12,1,10,2,11,,23,23,1,20,8,C03,120.563836,24.160674,2
2022,7,10,14,54,臺中市,新社區,0,0,0,8,,,50,,,,,,,,,,,,,,,23,,,,,B03,,,1,,2,,,23,,1,22,,B03,120.810146,24.243718,3
2022,7,10,14,58,臺中市,潭子區,0,0,0,8,,,60,,,,,,,,,,,,,,,23,,,,,B03,,,1,,2,,,23,,1,22,,B03,120.687973,24.216532,3
2022,7,10,14,58,臺中市,后里區,0,0,0,8,,,50,,,,,,,,,,,,,,,6,,,,,B03,,,1,,1,,,6,6,1,22,,B03,120.706053,24.309619,3
2022,7,10,15,0,臺中市,東區,0,0,0,8,,,50,,,,,,,,,,,,,,,42,,,,,B03,,,1,,9,,,42,,1,22,,B03,120.70151,24.141886,3
2022,7,10,15,10,臺中市,大雅區,0,0,0,8,,,50,,,,,,,,,,,,,,,6,,,,,B03,,,1,,2,,,6,,1,22,,B03,120.66621,24.238062,3
2022,7,10,15,10,臺中市,沙鹿區,0,2,0,8,1,5,40,4,1,1,5,4,5,7,2,1,10,5,5,2,16,44,3,10,1,1,B03,7,6,1,8,2,5,,44,44,1,3,5,B03,120.560604,24.240851,2
2022,7,10,15,11,臺中市,沙鹿區,0,1,0,8,1,5,40,14,8,1,5,4,5,7,4,4,1,4,4,1,13,23,2,9,1,1,C03,7,9,1,10,2,11,,23,23,1,18,1,C03,120.581237,24.212358,2
2022,7,10,15,16,臺中市,東區,0,0,0,,,,50,,,,,,,,,,,,,,,42,,,,,C03,,,1,,2,,,42,,1,21,,C03,120.68874,24.1324,3
2022,7,10,15,27,臺中市,西屯區,0,0,0,8,,,40,,,,,,,,,,,,,,,7,,,,,B03,,,1,,1,,,7,,1,22,,B03,120.630445,24.161984,3
2022,7,10,15,35,臺中市,南區,0,1,0,8,1,5,50,14,9,1,5,4,5,7,4,4,10,4,5,2,13,23,3,10,1,1,B03,7,9,1,8,2,1,,23,23,1,22,8,B03,120.679291,24.127136,2
2022,7,10,16,0,臺中市,神岡區,0,0,0,8,,,30,,,,,,,,,,,,,,,42,,,,,B03,,,1,,2,,,42,,1,12,,B03,120.697005,24.256976,4
2022,7,10,16,3,臺中市,西區,0,0,0,8,1,5,50,4,1,1,5,4,5,7,1,1,5,5,5,2,12,26,,,,,C03,,,1,,1,,,26,,1,21,,C03,120.661678,24.136547,3
2022,7,10,16,6,臺中市,龍井區,0,1,0,8,1,5,30,5,1,1,5,4,5,7,3,1,10,5,5,2,29,43,2,8,1,1,C03,7,9,1,10,2,11,,43,43,1,19,8,C03,120.538744,24.192985,2
2022,7,10,16,19,臺中市,潭子區,0,0,0,8,,,50,,,,,,,,,,,,,,,23,,,,,B03,,,1,,2,,,23,,1,22,,B03,120.704751,24.204644,3
2022,7,10,16,19,臺中市,外埔區,0,2,0,8,1,5,40,14,9,1,5,4,5,7,4,4,10,5,5,2,18,66,,,,,,,,,,,,,66,66,1,,,,120.643612,24.333705,2
2022,7,10,16,20,臺中市,龍井區,0,1,0,8,1,5,30,5,1,1,5,4,5,7,3,1,10,5,5,2,15,6,3,10,1,1,B03,7,9,1,8,2,2,,6,6,1,12,8,B03,120.53862,24.193115,2
2022,7,10,16,24,臺中市,東區,0,1,0,8,1,5,50,4,1,1,5,4,5,7,1,1,10,5,5,2,17,19,3,10,1,1,B03,7,1,1,8,2,4,,19,19,1,22,8,B03,120.699913,24.142778,2
2022,7,10,16,28,臺中市,大里區,0,0,0,8,,,50,,,,,,,,,,,,,,,23,,,,,B12,,,1,,2,,,23,,1,22,,B12,120.698093,24.109271,3
2022,7,10,16,30,臺中市,北區,0,0,0,8,,,50,,,,,,,,,,,,,,,23,,,,,B03,,,1,,2,,,23,,1,22,,B03,120.689722,24.15787,3
2022,7,10,16,32,臺中市,西屯區,0,0,0,8,,,30,,,,,,,,,,,,,,,6,,,,,B03,,,1,,1,,,6,,1,22,,B03,120.6567,24.161074,3
2022,7,10,16,34,臺中市,西區,0,1,0,8,1,5,50,14,9,1,5,4,5,7,4,4,5,4,5,2,17,7,2,9,1,1,C03,7,7,1,10,2,14,,7,7,1,4,8,C03,120.659886,24.146483,2
2022,7,10,16,40,臺中市,南屯區,0,0,0,8,,,50,,,,,,,,,,,,,,,12,,,,,B03,,,1,,2,,,12,,1,22,,B03,120.636855,24.138247,3
2022,7,10,16,45,臺中市,潭子區,0,2,0,8,1,5,30,14,9,1,5,4,5,7,4,4,9,5,5,2,16,6,2,9,4,1,F01,7,5,8,20,2,16,,6,6,1,22,8,F01,120.713608,24.217031,2
2022,7,10,16,50,臺中市,龍井區,0,1,0,8,1,5,60,3,1,1,5,4,5,7,1,1,1,4,1,1,17,25,3,10,1,1,B03,7,6,1,8,2,2,,25,25,1,21,8,B03,120.579946,24.189101,2
2022,7,10,17,3,臺中市,東區,0,0,0,,,,50,,,,,,,,,,,,,,,6,,,,,B03,,,1,,2,,,6,,1,5,,B03,120.700087,24.127257,3
2022,7,10,17,4,臺中市,潭子區,0,0,0,8,,,50,,,,,,,,,,,,,,,6,,,,,B03,,,1,,2,,,6,,1,22,,B03,120.696598,24.194706,3
2022,7,10,17,5,臺中市,梧棲區,0,0,0,8,,,40,,,,,,,,,,,,,,,23,,,,,F03,,,,,,,,23,,1,,,F03,120.551255,24.244724,3
2022,7,10,17,6,臺中市,潭子區,0,0,0,8,,,50,,,,,,,,,,,,,,,12,,,,,B03,,,1,,2,,,12,,1,22,,B03,120.701216,24.212851,3
2022,7,10,17,16,臺中市,西區,0,1,0,8,1,5,50,4,1,1,5,4,5,7,2,1,10,5,5,2,13,23,2,9,1,1,C03,7,9,2,18,2,14,,23,23,1,16,8,C03,120.670255,24.146337,2
2022,7,10,17,24,臺中市,北區,0,0,0,,,,40,,,,,,,,,,,,,,,19,,,,,B03,,,1,,1,,,19,,1,5,,B03,120.683885,24.155326,3
2022,7,10,17,26,臺中市,南屯區,0,0,0,8,,,50,,,,,,,,,,,,,,,42,,,,,B03,,,1,,1,,,42,,1,22,,B03,120.643875,24.137516,3
2022,7,10,17,46,臺中市,西屯區,0,0,0,8,,,50,,,,,,,,,,,,,,,7,,,,,B03,,,1,,1,,,7,,1,22,,B03,120.656268,24.158584,3
2022,7,10,17,48,臺中市,北區,0,1,0,8,1,5,50,5,1,1,5,4,5,7,2,1,10,5,5,2,12,25,2,9,1,1,C03,7,9,1,10,2,12,,25,25,1,22,8,C03,120.677155,24.16518,2
2022,7,10,17,52,臺中市,龍井區,0,0,0,8,,,50,,,,,,,,,,,,,,,19,,,,,B03,,,1,,2,,,19,,1,21,,B03,120.582091,24.176448,3
2022,7,10,17,58,臺中市,大雅區,0,1,0,8,1,5,50,4,1,1,5,4,5,7,1,1,5,5,4,2,16,9,3,10,1,1,B03,7,6,1,8,2,5,,9,9,1,22,8,B03,120.65336,24.219082,2
2022,7,10,18,0,臺中市,西屯區,0,1,0,8,2,5,50,4,1,1,5,4,5,7,1,1,10,5,5,2,16,9,3,10,3,4,B03,7,6,1,8,2,6,,9,9,1,22,8,B03,120.636762,24.155797,2
2022,7,10,18,3,臺中市,西屯區,0,0,0,8,,,50,,,,,,,,,,,,,,,23,,,,,B12,,,1,,2,,,23,,1,22,,B12,120.620905,24.188723,3
2022,7,10,18,5,臺中市,東區,0,1,0,8,2,5,50,4,1,1,5,4,5,7,1,1,10,5,5,2,16,6,3,10,1,1,B12,7,5,1,8,2,6,,6,6,1,20,8,B12,120.694458,24.149733,2
2022,7,10,18,7,臺中市,潭子區,0,0,0,8,,,50,,,,,,,,,,,,,,,23,,,,,B03,,,1,,2,,,23,,1,22,,B03,120.690533,24.224816,3
2022,7,10,18,9,臺中市,東區,0,0,0,8,,,50,,,,,,,,,,,,,,,10,,,,,B03,,,1,8,2,,,10,10,1,5,,B03,120.696573,24.129662,3
2022,7,10,18,10,臺中市,西區,0,1,0,8,1,5,50,4,1,1,5,4,5,7,1,1,10,5,5,2,16,25,3,10,1,1,B03,7,9,1,8,2,1,,25,25,1,20,8,B03,120.657261,24.139286,2
2022,7,10,18,18,臺中市,大雅區,0,2,0,8,1,5,50,14,9,1,5,4,5,7,4,4,5,5,5,1,13,1,2,9,1,1,C03,7,4,1,10,2,11,,1,1,1,22,8,C03,120.6688,24.220166,2
2022,7,10,18,18,臺中市,沙鹿區,0,1,0,8,2,5,40,4,1,1,5,4,5,7,1,1,10,5,5,2,16,25,2,9,1,1,C03,7,9,1,10,2,11,,25,25,1,22,9,C03,120.564059,24.206514,2
2022,7,10,18,21,臺中市,南區,0,0,0,8,,,50,,,,,,,,,,,,,,,23,,,,,C03,,,1,,11,,,26,23,1,22,,C03,120.657635,24.116818,3
2022,7,10,18,40,臺中市,太平區,0,1,0,8,1,5,50,4,1,1,5,4,5,7,4,4,5,5,5,2,13,23,3,10,1,1,C03,7,9,1,10,2,11,,23,23,1,21,8,C03,120.717604,24.152631,2
2022,7,10,18,53,臺中市,大里區,0,0,0,8,,,30,,,,,,,,,,,,,,,23,,,,,B12,,,1,,2,,,23,23,1,9,,B12,120.694551,24.121758,3