年,月,日,時,分,縣市,區,死,受傷,2-30,天候,光線,道路類別,速限,道路型態,事故位置,路面鋪裝,路面狀態,路面缺陷,障礙物,視距,號誌種類,號誌動作,分向設施,快車道或一般車道間,快慢車道間,路面邊線,事故類型及型態,主要肇因,受傷程度,主要傷處,保護裝備,行動電話,當事者區分,車輛用途,當事者行動狀態,駕駛資格情形,駕駛執照種類,飲酒情形,車輛撞擊部位最初,車輛撞擊部位其他,肇事因素個別,肇事因素主要,肇事逃逸,職業,旅次目的,車種,GPS緯度,GPS經度,事故類別
2022,7,10,19,0,臺中市,潭子區,0,0,0,8,,,30,,,,,,,,,,,,,,,23,,,,,B03,,,1,,2,,,23,,1,22,,B03,120.679609,24.214818,3
2022,7,10,19,6,臺中市,東區,0,0,0,,,,50,,,,,,,,,,,,,,,23,,,,,B01,,,1,,2,,,23,,1,10,,B01,120.687477,24.137986,3
2022,7,10,19,8,臺中市,清水區,0,2,0,8,3,5,50,3,1,1,5,4,5,7,3,1,8,3,5,1,16,8,2,9,1,1,C03,7,5,1,10,2,14,,8,8,1,21,8,C03,120.573441,24.266685,2
2022,7,10,19,23,臺中市,北區,0,2,0,8,1,5,50,4,1,1,5,4,5,7,1,1,10,5,5,2,15,25,2,9,1,1,C03,7,9,1,10,2,11,,25,25,1,22,9,C03,120.675816,24.15748,2
2022,7,10,19,40,臺中市,大雅區,0,1,0,8,3,5,50,3,2,1,5,4,5,7,4,4,5,4,5,1,13,23,2,9,1,1,C03,7,9,1,10,2,11,,23,23,1,22,8,C03,120.65509,24.229758,2
2022,7,10,19,46,臺中市,潭子區,0,1,0,6,3,5,50,3,2,1,4,4,5,7,4,4,1,4,4,2,13,16,2,9,1,1,C03,7,9,1,10,2,11,14,16,16,1,22,8,C03,120.706856,24.200427,2
2022,7,10,19,46,臺中市,西屯區,0,0,0,8,,,50,,,,,,,,,,,,,,,12,,,,,B12,,,6,,7,,,12,12,1,22,,B12,120.615112,24.186668,3
2022,7,10,19,46,臺中市,大甲區,0,2,0,8,3,5,40,14,8,1,5,4,5,7,4,4,1,4,4,1,13,23,2,9,1,1,C03,7,9,1,10,2,11,,23,23,1,7,8,C03,120.642445,24.367321,2
2022,7,10,19,50,臺中市,大雅區,0,0,0,8,,,50,,,,,,,,,,,,,,,25,,,,,C03,,,1,,2,,,25,,1,22,,C03,120.61455,24.21737,3
2022,7,10,20,10,臺中市,太平區,0,1,0,8,3,5,50,3,18,1,5,4,5,7,1,1,10,5,5,2,3,15,3,10,1,1,B03,7,5,1,8,2,8,,15,15,1,21,8,B03,120.716274,24.148739,2
2022,7,10,20,11,臺中市,太平區,0,0,0,6,3,5,50,4,1,1,4,4,5,7,1,1,5,5,5,2,16,6,3,10,1,1,B03,7,5,1,8,2,8,,6,6,1,21,8,B03,120.737736,24.131531,3
2022,7,10,20,22,臺中市,南屯區,0,0,0,8,,,50,,,,,,,,,,,,,,,26,,,,,B12,,,1,,2,,,26,,1,22,,B12,120.623766,24.149726,3
2022,7,10,20,27,臺中市,北屯區,0,1,0,6,3,5,50,4,1,1,4,4,5,7,2,1,10,5,5,2,3,15,3,10,1,1,B03,7,6,1,8,2,5,,15,15,1,21,8,B03,120.70223,24.18622,2
2022,7,10,20,30,臺中市,北區,0,1,0,6,3,5,50,3,1,1,4,4,5,7,2,1,8,3,4,2,18,43,2,9,1,1,C03,7,9,1,10,2,15,,43,43,1,19,8,C03,120.681132,24.151769,2
2022,7,10,20,30,臺中市,北區,0,1,0,6,3,5,40,14,8,1,4,4,5,7,4,4,1,4,4,2,18,67,,,,,,,,,,,,,67,67,1,,,,120.673797,24.165647,2
2022,7,10,20,49,臺中市,北區,0,1,0,6,3,5,50,14,7,1,4,4,5,7,4,4,5,4,4,2,3,51,2,9,4,5,H01,8,18,8,20,10,16,,51,51,1,22,9,H01,120.675551,24.1717,2
2022,7,10,21,3,臺中市,西屯區,0,3,0,8,3,5,50,14,9,1,5,4,5,7,4,4,9,4,5,2,17,44,2,9,1,1,C03,7,9,1,10,2,14,,44,44,1,22,8,C03,120.635525,24.171631,2
2022,7,10,21,8,臺中市,北區,0,0,0,6,3,5,50,4,1,1,4,4,5,7,2,1,10,5,5,2,12,7,,,,,C03,,,1,,2,,,7,,1,22,,C03,120.683201,24.152786,3
2022,7,10,21,11,臺中市,潭子區,0,1,0,8,3,5,50,3,2,1,5,4,5,7,3,1,5,2,5,1,17,23,2,9,1,1,C03,7,9,1,10,2,15,,23,23,1,22,8,C03,120.72204,24.199124,2
2022,7,10,21,14,臺中市,北屯區,0,0,0,8,3,5,50,14,9,1,5,4,5,7,4,4,9,5,5,2,29,23,3,10,1,1,B03,7,15,6,18,8,5,,23,23,1,22,8,B03,120.729038,24.1573,3
2022,7,10,21,18,臺中市,東區,0,0,0,8,3,5,50,14,9,1,5,4,5,7,4,4,9,5,5,2,13,23,3,10,3,4,B03,7,9,1,8,4,1,,23,23,1,5,8,B03,120.719728,24.131398,3
2022,7,10,21,20,臺中市,霧峰區,0,0,0,8,,,50,,,,,,,,,,,,,,,12,,,,,B03,,,1,,2,,,12,,1,12,,B03,120.700106,24.060128,3
2022,7,10,21,22,臺中市,西屯區,0,0,0,8,,,50,,,,,,,,,,,,,,,43,,,,,B03,,,1,,11,,,43,,1,22,,B03,120.657742,24.200696,3
2022,7,10,21,24,臺中市,西區,0,0,0,8,,,50,,,,,,,,,,,,,,,16,,,,,B03,,,1,,1,,,16,,1,5,,B03,120.661035,24.146605,4
2022,7,10,22,0,臺中市,南區,0,1,0,8,3,5,50,14,9,1,5,4,5,7,1,1,9,4,5,2,17,40,3,10,1,1,B03,7,14,1,8,2,4,,40,40,1,22,8,B03,120.683564,24.133208,2
2022,7,10,22,7,臺中市,北屯區,0,0,0,8,,,50,,,,,,,,,,,,,,,23,,,,,B03,,,1,,2,,,23,23,1,21,,B03,120.723695,24.165434,3
2022,7,10,22,29,臺中市,西屯區,0,1,0,8,1,5,50,3,1,1,5,4,5,7,1,1,4,3,4,2,16,23,3,10,1,1,B03,7,6,1,8,2,2,,23,23,1,22,8,B03,120.663753,24.176174,2
2022,7,10,22,30,臺中市,太平區,0,2,0,8,3,5,50,3,2,1,5,4,5,7,2,1,5,2,5,2,13,23,2,8,1,1,C03,7,9,1,10,2,11,,23,23,1,5,8,C03,120.725428,24.123191,2
2022,7,10,22,34,臺中市,東區,0,2,0,8,3,5,50,4,1,1,5,4,5,7,1,1,10,5,5,2,13,23,2,9,1,1,C03,7,9,1,10,2,11,,23,23,1,5,8,C03,120.687749,24.131982,2
2022,7,10,22,45,臺中市,西屯區,0,2,0,8,3,5,50,4,1,1,5,4,5,7,1,1,10,5,5,2,16,25,2,9,1,1,B03,7,5,1,8,2,1,,25,25,1,22,8,B03,120.646325,24.164685,2
2022,7,10,23,9,臺中市,南區,0,2,0,8,3,5,40,4,1,1,5,4,5,7,1,1,5,4,4,2,16,10,2,9,1,1,C03,7,11,4,8,2,12,,10,10,1,21,8,C03,120.681592,24.129445,2
2022,7,10,23,12,臺中市,西屯區,0,0,0,8,,,1,,,,,,,,,,,,,,,19,,,,,B03,,,1,,1,,,19,,1,22,,B03,120.622224,24.178991,3
2022,7,10,23,22,臺中市,太平區,0,0,0,8,,,50,,,,,,,,,,,,,,,23,,,,,B12,,,1,,2,,,23,,1,5,,B12,120.725428,24.123191,3
2022,7,10,23,32,臺中市,太平區,0,1,0,8,3,5,50,4,1,1,5,4,5,7,2,1,10,5,5,2,16,8,3,10,1,1,B03,7,5,1,8,2,1,,8,8,1,3,8,B03,120.723709,24.133903,2
2022,7,10,23,40,臺中市,南區,0,1,0,8,3,5,50,3,1,1,5,4,5,7,4,4,1,4,4,2,18,23,2,9,1,1,C03,7,6,1,10,9,15,,23,23,1,5,5,C03,120.664449,24.119093,2
2022,7,10,23,40,臺中市,東勢區,0,1,0,8,3,5,50,4,1,1,5,4,5,7,3,1,10,5,5,2,15,6,3,10,1,1,B03,7,9,1,8,2,2,,6,6,1,21,8,B03,120.829017,24.255859,2
2022,7,10,23,57,臺中市,西屯區,0,1,0,8,3,5,50,4,1,1,5,4,5,7,2,1,5,2,5,2,11,21,2,9,1,1,C03,7,6,1,10,7,11,,21,21,1,22,8,C03,120.60996,24.186064,2
2022,7,11,0,3,臺中市,大肚區,0,1,0,8,3,5,60,3,13,1,5,4,5,7,4,4,10,5,5,2,20,23,2,9,1,1,B03,7,5,1,8,8,1,,23,23,1,21,8,B03,120.542804,24.170614,2
2022,7,11,0,7,臺中市,西區,0,1,0,8,3,5,50,14,9,1,5,4,5,7,4,4,5,4,5,2,27,42,2,9,1,1,C03,7,9,1,10,2,11,,42,42,1,5,8,C03,120.675102,24.138342,2
2022,7,11,1,54,臺中市,西屯區,0,1,0,8,3,5,60,4,1,1,5,4,5,7,2,1,10,5,5,2,12,26,3,10,1,1,B01,7,9,1,4,2,8,,26,26,2,21,8,B01,120.646481,24.164419,2
2022,7,11,2,54,臺中市,西屯區,0,1,0,8,3,5,50,14,9,1,5,4,5,7,4,4,10,5,5,2,29,23,2,8,1,1,B03,7,9,1,8,11,5,,23,23,1,22,8,B03,120.647478,24.168847,2
2022,7,11,5,26,臺中市,太平區,0,2,0,8,2,5,50,14,9,1,5,4,5,7,4,4,9,5,5,2,13,23,2,9,1,1,C03,7,9,2,18,2,11,,23,23,1,20,8,C03,120.703504,24.156457,2
2022,7,11,5,48,臺中市,西屯區,0,0,0,8,,,30,,,,,,,,,,,,,,,43,,,,,B01,,,1,,11,,,43,,1,22,,B01,120.646446,24.182014,3
2022,7,11,6,56,臺中市,潭子區,0,1,0,8,1,5,50,14,9,1,5,4,5,7,4,4,10,4,4,2,13,16,2,9,1,1,C03,7,9,1,10,2,11,,16,16,1,22,9,C03,120.71193,24.200744,2
2022,7,11,7,11,臺中市,潭子區,0,1,0,8,1,5,50,14,9,1,5,4,5,7,4,4,5,4,5,1,13,16,2,9,1,1,C04,7,9,1,10,2,11,,16,16,1,22,9,C04,120.722635,24.205019,2
2022,7,11,7,15,臺中市,大甲區,0,1,0,8,1,5,50,3,2,1,5,4,5,7,4,4,5,5,5,1,17,4,2,9,1,1,C03,7,9,1,10,2,12,,4,4,1,20,8,C03,120.62499,24.337346,2
2022,7,11,7,17,臺中市,東區,0,2,0,8,1,5,50,4,1,1,5,4,5,7,4,4,10,5,5,2,15,6,2,8,1,1,C03,7,9,1,10,2,11,,6,6,1,22,9,C03,120.689331,24.13207,2
2022,7,11,7,20,臺中市,龍井區,0,0,0,8,,,60,,,,,,,,,,,,,,,23,,,,,B03,,,1,,2,,,23,,1,21,,B03,120.583412,24.168005,3
2022,7,11,7,30,臺中市,東勢區,0,0,0,8,,,40,,,,,,,,,,,,,,,42,,,,,B12,,,1,,1,,,42,42,1,21,,B12,120.826201,24.265303,3
2022,7,11,7,35,臺中市,潭子區,0,0,0,8,,,60,,,,,,,,,,,,,,,12,,,,,B03,,,1,,2,,,12,,1,22,,B03,120.686867,24.210406,3
2022,7,11,7,35,臺中市,潭子區,0,1,0,8,1,5,50,14,9,1,5,4,5,7,4,4,5,4,5,1,13,16,2,9,1,1,C03,7,9,1,10,2,11,,16,16,1,22,9,C03,120.718319,24.191547,2
2022,7,11,7,36,臺中市,北屯區,0,2,0,8,1,5,50,14,9,1,5,4,5,7,4,4,5,5,5,2,16,7,3,10,1,1,C03,7,8,4,8,2,13,,7,7,1,9,1,C03,120.702512,24.169778,2
2022,7,11,7,38,臺中市,潭子區,0,1,0,8,1,5,60,3,2,1,5,4,5,7,1,1,1,4,4,1,12,7,3,10,1,1,C03,7,7,1,10,2,13,,7,7,1,22,9,C03,120.702433,24.189496,2
2022,7,11,7,38,臺中市,北屯區,0,1,0,8,1,5,50,14,9,1,5,4,5,7,4,4,9,4,5,2,13,23,3,10,1,1,B03,7,1,1,8,2,8,,23,23,1,5,8,B03,120.676128,24.20015,2
2022,7,11,7,41,臺中市,大安區,0,1,0,8,1,5,50,4,1,1,5,4,5,7,1,1,10,5,5,2,16,6,3,10,1,1,B03,7,5,1,8,2,1,,6,6,1,4,1,B03,120.578518,24.350095,2
2022,7,11,7,42,臺中市,龍井區,0,0,0,8,,,50,,,,,,,,,,,,,,,23,,,,,B12,,,1,,2,,,23,23,1,21,,B12,120.569866,24.19485,3
2022,7,11,7,45,臺中市,神岡區,0,0,0,8,,,30,,,,,,,,,,,,,,,18,,,,,B03,,,1,,1,,,18,,1,22,,B03,120.657393,24.256578,4
2022,7,11,7,48,臺中市,梧棲區,0,1,0,8,1,5,70,14,7,1,5,4,5,7,4,4,1,4,4,1,13,23,3,10,1,1,B03,7,9,1,8,2,1,,23,23,1,5,1,B03,120.550328,24.240981,2
2022,7,11,7,50,臺中市,梧棲區,0,1,0,8,1,5,50,14,9,1,5,4,5,7,1,1,1,2,5,2,16,7,3,10,1,1,B03,7,7,1,8,2,8,,7,7,1,20,8,B03,120.550191,24.240801,2
2022,7,11,7,50,臺中市,后里區,0,0,0,8,,,30,,,,,,,,,,,,,,,6,,,,,F03,,,8,,2,,,6,,1,9,,F03,120.726249,24.305547,3
2022,7,11,7,50,臺中市,神岡區,0,0,0,8,,,30,,,,,,,,,,,,,,,19,,,,,F03,,,8,,2,,,19,,1,22,,F03,120.693392,24.267584,3
2022,7,11,7,53,臺中市,大甲區,0,1,0,8,1,5,30,4,1,1,5,4,5,7,3,1,10,5,5,2,16,6,2,9,1,1,C03,7,9,1,10,2,11,,6,6,1,4,1,C03,120.630348,24.346805,2
2022,7,11,8,0,臺中市,潭子區,0,0,0,8,,,50,,,,,,,,,,,,,,,23,,,,,B03,,,1,,2,,,23,,1,22,,B03,120.719658,24.229009,3
2022,7,11,8,0,臺中市,大肚區,0,1,0,8,1,5,50,14,9,1,5,4,5,7,4,4,5,5,5,1,17,23,2,8,1,1,C03,7,9,1,10,2,11,,23,23,1,21,1,C03,120.583888,24.168333,2
2022,7,11,8,4,臺中市,龍井區,0,0,0,8,,,50,,,,,,,,,,,,,,,23,,,,,B03,,,3,,1,,,23,,1,21,,B03,120.581758,24.175784,3
2022,7,11,8,15,臺中市,西區,0,0,0,8,1,5,50,4,2,1,5,4,5,7,1,1,3,4,4,2,12,17,,,,,C03,,,1,,1,,,17,,1,22,,C03,120.666736,24.141067,3
2022,7,11,8,15,臺中市,西區,0,0,0,8,,,50,,,,,,,,,,,,,,,23,,,,,B03,,,1,,2,,,23,,1,22,,B03,120.666792,24.141268,3
2022,7,11,8,17,臺中市,南區,0,0,0,8,,,50,,,,,,,,,,,,,,,6,,,,,B12,,,1,,9,,,6,,2,22,,B12,120.681109,24.119045,3
2022,7,11,8,27,臺中市,神岡區,0,0,0,8,,,40,,,,,,,,,,,,,,,42,,,,,B12,,,1,,1,,,42,,1,22,,B12,120.668538,24.273,3
2022,7,11,8,30,臺中市,南區,0,2,0,8,1,5,40,3,2,1,5,4,5,7,1,1,5,4,4,2,13,23,2,9,1,1,C03,7,9,1,10,2,11,12,23,23,1,21,8,C03,120.659907,24.12476,2
2022,7,11,8,40,臺中市,南屯區,0,1,0,8,1,5,30,3,2,1,5,4,5,7,4,4,10,5,5,2,16,6,3,10,1,4,C03,7,9,1,10,2,11,,6,6,1,22,8,C03,120.630753,24.12601,2
2022,7,11,8,42,臺中市,龍井區,0,1,0,8,1,5,50,14,9,1,5,4,4,7,4,4,5,5,5,1,29,23,2,9,1,1,C03,7,9,1,10,2,11,,23,43,1,18,8,C03,120.591658,24.190991,2
2022,7,11,8,45,臺中市,南區,0,0,0,,,,50,,,,,,,,,,,,,,,23,,,,,B03,,,1,,2,,,23,,1,22,,B03,120.660408,24.113869,3
2022,7,11,8,49,臺中市,北屯區,0,1,0,8,1,5,50,4,1,1,5,4,5,7,1,1,10,5,5,2,3,15,3,10,1,1,B12,7,6,1,8,2,1,,15,15,1,21,8,B12,120.687614,24.171973,2
2022,7,11,8,58,臺中市,北區,0,0,0,8,,,50,,,,,,,,,,,,,,,23,,,,,B03,,,1,,1,,,44,23,1,22,,B03,120.688113,24.151003,3
2022,7,11,8,58,臺中市,南屯區,0,0,0,8,,,50,,,,,,,,,,,,,,,12,,,,,B03,,,1,,1,,,12,,1,5,,B03,120.628348,24.115425,3
2022,7,11,9,12,臺中市,南屯區,0,1,0,8,1,5,50,3,1,1,5,4,5,7,4,4,1,4,4,2,16,6,3,10,1,1,B03,7,6,1,8,2,2,,6,6,1,22,9,B03,120.640799,24.15466,2
2022,7,11,9,17,臺中市,梧棲區,0,0,0,8,,,50,,,,,,,,,,,,,,,18,,,,,B03,,,1,,2,,,18,,1,9,,B03,120.531689,24.228009,3
2022,7,11,9,19,臺中市,南區,0,0,0,,,,40,,,,,,,,,,,,,,,23,,,,,B12,,,1,,2,,,23,,1,5,,B12,120.682597,24.126349,3
2022,7,11,9,20,臺中市,北屯區,0,0,0,8,,,50,,,,,,,,,,,,,,,43,,,,,B03,,,1,,2,,,43,,1,5,,B03,120.738226,24.178645,3
2022,7,11,9,21,臺中市,梧棲區,0,1,0,8,1,5,50,3,1,1,5,4,5,7,4,4,10,5,5,2,14,12,3,10,1,1,B03,7,2,6,8,2,6,,12,12,1,9,8,B03,120.537163,24.243256,2
2022,7,11,9,24,臺中市,南屯區,0,0,0,8,,,50,,,,,,,,,,,,,,,26,,,,,B12,,,1,,1,,,26,,1,22,,B12,120.649722,24.154999,3
2022,7,11,9,31,臺中市,東區,0,1,0,8,1,5,50,4,1,1,5,4,5,7,1,1,10,5,5,2,16,43,3,10,1,1,C03,7,5,6,10,11,15,,43,43,2,22,9,C03,120.688965,24.134145,2
2022,7,11,9,34,臺中市,神岡區,0,0,0,8,,,50,,,,,,,,,,,,,,,42,,,,,A31,,,1,,2,,,42,,1,22,,A31,120.685939,24.241418,3
2022,7,11,9,42,臺中市,南區,0,1,0,8,1,5,1,14,9,1,5,4,5,7,4,4,5,4,5,2,13,23,3,10,1,1,B03,7,9,1,8,2,5,,23,23,1,22,8,B03,120.66411,24.116891,2
2022,7,11,9,50,臺中市,南屯區,0,1,0,8,1,5,30,4,2,1,5,4,5,7,4,4,10,5,5,2,16,6,2,8,1,4,C03,7,5,1,10,2,11,,6,6,1,22,8,C03,120.639306,24.137679,2
2022,7,11,9,54,臺中市,西區,0,0,0,8,,,50,,,,,,,,,,,,,,,23,,,,,B03,,,1,,1,,,23,,1,22,,B03,120.661417,24.139114,3
2022,7,11,9,55,臺中市,南屯區,0,1,0,8,1,5,50,4,1,1,5,4,5,7,2,1,10,5,5,2,17,7,3,10,1,1,B03,7,7,1,8,2,4,7,7,7,1,4,3,B03,120.61653,24.153576,2
2022,7,11,10,3,臺中市,霧峰區,0,1,0,8,1,5,30,14,9,1,5,4,5,7,4,4,10,5,5,1,18,23,2,9,1,1,C03,7,9,1,10,7,15,,23,23,1,22,8,C03,120.720118,24.037849,2
2022,7,11,10,4,臺中市,北屯區,0,0,0,8,,,50,,,,,,,,,,,,,,,23,,,,,B03,,,1,,1,,,23,,1,22,,B03,120.681612,24.173556,3
2022,7,11,10,6,臺中市,北屯區,0,1,0,8,1,5,50,14,9,1,5,4,5,7,4,4,5,5,5,1,18,23,2,9,1,1,F01,7,9,8,20,2,16,,23,23,1,22,8,F01,120.752128,24.163455,2
2022,7,11,10,24,臺中市,大里區,0,1,0,8,1,5,50,14,9,1,5,4,5,7,4,4,5,4,4,1,17,23,3,10,1,1,C03,7,5,3,18,2,15,,8,23,1,5,8,C03,120.676746,24.100816,2
2022,7,11,10,25,臺中市,新社區,0,2,0,8,1,5,50,3,1,1,5,4,5,7,1,1,10,5,5,2,16,8,2,9,1,1,C03,7,5,1,10,2,12,,8,8,1,22,8,C03,120.795903,24.218405,2
2022,7,11,10,32,臺中市,北區,0,0,0,,,,50,,,,,,,,,,,,,,,6,,,,,C03,,,1,,11,,,6,6,1,22,,C03,120.676016,24.163906,3
2022,7,11,10,34,臺中市,清水區,0,0,0,8,,,30,,,,,,,,,,,,,,,6,,,,,B03,,,1,,1,,,6,,1,21,,B03,120.548903,24.262312,3
2022,7,11,10,35,臺中市,北區,0,2,0,8,1,5,50,4,1,1,5,4,5,7,2,1,10,5,5,2,16,8,2,9,1,1,C03,7,5,4,11,2,12,,8,8,1,22,9,C03,120.67817,24.151537,2
2022,7,11,10,37,臺中市,太平區,0,2,0,8,1,5,40,14,9,1,5,4,5,7,4,4,10,5,5,2,3,19,2,9,1,1,C03,7,1,1,10,2,11,,19,19,1,21,8,C03,120.71939,24.12991,2
2022,7,11,10,40,臺中市,北屯區,0,1,0,8,1,5,50,4,1,1,5,4,5,7,1,1,10,5,5,2,14,12,3,10,1,1,B03,7,2,1,8,2,7,,12,12,1,21,8,B03,120.680392,24.169711,2
2022,7,11,10,49,臺中市,太平區,0,0,0,8,,,50,,,,,,,,,,,,,,,42,,,,,C03,,,1,,2,,,42,,1,21,,C03,120.716559,24.132148,3
2022,7,11,10,56,臺中市,南區,0,0,0,,,,40,,,,,,,,,,,,,,,23,,,,,C03,,,1,,2,,,23,,1,5,,C03,120.680296,24.128902,3
2022,7,11,11,4,臺中市,西區,0,1,0,8,1,5,50,4,1,1,5,4,5,7,4,4,10,5,5,2,16,6,2,9,3,4,C03,7,9,1,10,2,12,,6,6,1,21,8,C03,120.660857,24.149695,2
2022,7,11,11,20,臺中市,清水區,0,0,0,8,,,50,,,,,,,,,,,,,,,43,,,,,B12,,,1,,2,,,43,,1,22,,B12,120.539141,24.26611,3
2022,7,11,11,22,臺中市,潭子區,0,1,0,8,1,5,30,4,1,1,5,4,5,7,4,4,10,5,5,2,16,6,2,9,1,1,C03,7,9,1,10,2,11,,6,6,1,22,9,C03,120.701938,24.214707,2
2022,7,11,11,22,臺中市,北區,0,1,0,8,1,5,50,4,2,1,5,4,5,7,2,1,5,4,4,1,16,8,3,10,3,4,C03,7,5,1,10,2,11,,8,8,1,22,9,C03,120.665783,24.166801,2
2022,7,11,11,30,臺中市,南屯區,0,0,0,8,,,50,,,,,,,,,,,,,,,6,,,,,C03,,,1,10,2,,,14,6,1,12,,C03,120.647803,24.147741,3
2022,7,11,11,31,臺中市,神岡區,0,0,0,8,,,30,,,,,,,,,,,,,,,12,,,,,B02,,,1,,1,,,12,,1,22,,B02,120.673166,24.259633,3
2022,7,11,11,33,臺中市,中區,0,0,0,8,1,5,50,4,1,1,5,4,5,7,4,4,10,5,5,2,14,18,,,,,B03,,,1,,2,,,18,,1,22,,B03,120.683803,24.14008,3
2022,7,11,11,33,臺中市,東區,0,0,0,,,,50,,,,,,,,,,,,,,,6,,,,,B03,,,1,,2,,,6,,1,22,,B03,120.706183,24.131563,3
2022,7,11,11,37,臺中市,南屯區,0,0,0,8,,,40,,,,,,,,,,,,,,,19,,,,,B03,,,,,,,,19,19,1,22,,B03,120.611751,24.138434,3
2022,7,11,11,37,臺中市,豐原區,0,0,0,8,,,60,,,,,,,,,,,,,,,17,,,,,B03,,,1,,2,,,17,,1,21,,B03,120.726275,24.236944,3
2022,7,11,11,40,臺中市,清水區,0,2,0,8,1,5,50,3,1,1,5,4,5,7,4,4,10,5,5,2,17,19,2,8,1,1,C03,7,1,3,18,2,12,,19,19,1,5,6,C03,120.577486,24.272038,2
2022,7,11,11,43,臺中市,東區,0,1,0,8,1,5,50,5,1,1,5,4,5,7,1,1,10,5,5,2,16,9,3,10,1,1,B03,7,6,1,8,2,2,,9,9,1,22,8,B03,120.693346,24.132971,2
2022,7,11,11,45,臺中市,南區,0,0,0,8,,,50,,,,,,,,,,,,,,,23,,,,,B03,,,1,,2,,,23,,1,22,,B03,120.684506,24.129107,3
2022,7,11,11,48,臺中市,西屯區,0,1,0,8,1,5,40,14,7,1,5,4,5,7,4,4,5,5,4,2,16,10,2,7,2,1,F01,7,11,8,20,2,16,,10,10,1,22,8,F01,120.636058,24.168946,2
2022,7,11,11,50,臺中市,南屯區,0,1,0,8,1,5,50,4,1,1,5,4,5,7,1,1,5,4,4,2,12,8,2,9,1,1,C03,7,5,1,10,2,14,,8,8,1,22,9,C03,120.640731,24.146859,2
2022,7,11,12,4,臺中市,北屯區,0,0,0,8,,,50,,,,,,,,,,,,,,,16,,,,,B03,,,3,,2,,,16,,1,5,,B03,120.721635,24.17968,3
2022,7,11,12,7,臺中市,南屯區,0,1,0,8,1,5,40,4,2,1,5,4,5,7,4,4,10,5,4,2,16,8,3,10,1,4,F03,7,5,8,20,2,16,,8,8,1,22,8,F03,120.655141,24.143227,2
2022,7,11,12,8,臺中市,梧棲區,0,1,0,8,1,5,50,3,2,1,5,4,5,7,4,4,5,5,4,2,16,19,3,10,1,1,B12,7,1,1,8,2,8,,19,19,1,9,8,B12,120.544421,24.253303,2
2022,7,11,12,9,臺中市,大里區,0,1,0,8,1,5,30,4,1,1,5,4,5,7,4,4,10,5,5,2,16,6,3,10,1,1,C03,7,5,1,10,2,11,,6,6,1,5,5,C03,120.688696,24.11139,2
2022,7,11,12,10,臺中市,北屯區,0,1,0,8,1,5,50,5,1,1,5,4,5,7,1,1,10,5,5,2,16,6,3,10,1,1,B03,7,6,1,8,2,2,,6,6,1,4,8,B03,120.690555,24.170346,2
2022,7,11,12,15,臺中市,龍井區,0,0,0,8,,,30,,,,,,,,,,,,,,,23,,,,,C03,,,1,,2,,,23,,1,21,,C03,120.59204,24.18134,3
2022,7,11,12,18,臺中市,西區,0,1,0,8,1,5,50,4,1,1,5,4,5,7,1,1,10,5,5,2,13,23,3,10,1,1,B03,7,9,1,8,2,1,,23,23,1,22,8,B03,120.657265,24.141255,2
2022,7,11,12,23,臺中市,潭子區,0,0,0,8,,,30,,,,,,,,,,,,,,,12,,,,,B03,,,1,,2,,,12,,1,22,,B03,120.680561,24.221573,3
2022,7,11,12,25,臺中市,北屯區,0,4,0,8,1,5,50,14,7,1,5,4,5,7,4,4,4,3,4,2,16,42,2,9,1,1,C03,7,5,1,10,2,14,,42,42,1,21,8,C03,120.694578,24.164217,2
2022,7,11,12,28,臺中市,南區,0,0,0,,,,50,,,,,,,,,,,,,,,23,,,,,B03,,,1,,2,,,23,,1,4,,B03,120.67001,24.114802,3
2022,7,11,12,30,臺中市,南區,0,0,0,,,,,,,,,,,,,,,,,,,67,,,,,,,,,,,,,67,,1,,,,120.681159,24.127926,3
2022,7,11,12,30,臺中市,大甲區,0,1,0,8,1,5,50,4,2,1,5,4,5,7,4,4,5,5,5,1,13,16,2,9,1,1,C03,7,9,1,10,2,11,,16,16,1,20,8,C03,120.61995,24.34678,2
2022,7,11,12,50,臺中市,北區,0,1,0,8,1,5,50,14,7,1,5,4,5,7,4,4,3,4,4,2,13,23,2,9,1,1,C03,7,9,1,10,2,11,,23,23,1,22,9,C03,120.684841,24.166456,2
2022,7,11,12,55,臺中市,后里區,0,1,0,8,1,5,50,3,1,1,5,4,5,7,2,1,8,5,4,1,15,44,3,10,1,1,C03,7,9,1,10,2,11,,44,44,1,4,3,C03,120.716941,24.309751,2
2022,7,11,13,26,臺中市,南屯區,0,1,0,8,1,5,40,14,8,1,5,4,5,7,4,4,9,4,4,2,12,7,2,9,1,1,C03,7,7,1,10,2,14,,7,7,1,22,9,C03,120.648285,24.153607,2
2022,7,11,13,30,臺中市,東區,0,0,0,,,,50,,,,,,,,,,,,,,,12,,,,,B03,,,1,,2,,,12,,1,22,,B03,120.703406,24.13074,3
2022,7,11,13,38,臺中市,石岡區,0,0,0,8,,,70,,,,,,,,,,,,,,,23,,,,,B12,,,1,,2,,,23,,1,21,,B12,120.785231,24.274658,3