年,月,日,時,分,縣市,區,死,受傷,2-30,天候,光線,道路類別,速限,道路型態,事故位置,路面鋪裝,路面狀態,路面缺陷,障礙物,視距,號誌種類,號誌動作,分向設施,快車道或一般車道間,快慢車道間,路面邊線,事故類型及型態,主要肇因,受傷程度,主要傷處,保護裝備,行動電話,當事者區分,車輛用途,當事者行動狀態,駕駛資格情形,駕駛執照種類,飲酒情形,車輛撞擊部位最初,車輛撞擊部位其他,肇事因素個別,肇事因素主要,肇事逃逸,職業,旅次目的,車種,GPS緯度,GPS經度,事故類別
2022,7,12,21,40,臺中市,太平區,0,0,0,8,,,50,,,,,,,,,,,,,,,23,,,,,B03,,,1,,1,,,23,,1,5,,B03,120.706694,24.128298,3
2022,7,12,22,11,臺中市,東區,0,0,0,8,,,50,,,,,,,,,,,,,,,6,,,,,C03,,,1,,2,,,6,,1,5,,C03,120.684136,24.133413,3
2022,7,12,22,14,臺中市,北屯區,0,1,0,8,3,5,50,4,1,1,5,4,5,7,1,1,10,5,5,2,16,6,3,10,1,1,B03,7,5,1,8,2,2,,6,6,1,22,8,B03,120.711361,24.172181,2
2022,7,12,22,14,臺中市,龍井區,0,1,0,8,3,5,50,11,9,1,5,4,5,7,4,4,5,5,5,1,18,42,2,9,1,1,C03,7,5,1,10,2,14,,42,42,1,22,8,C03,120.579213,24.19227,2
2022,7,12,22,39,臺中市,太平區,0,0,0,8,,,50,,,,,,,,,,,,,,,23,,,,,B03,,,1,,2,,,23,,1,22,,B03,120.716835,24.151642,3
2022,7,12,22,46,臺中市,大甲區,0,1,0,8,3,5,50,14,9,1,5,4,5,7,4,4,9,5,5,1,17,23,2,9,1,1,C03,7,9,1,10,2,14,,23,23,1,22,9,C03,120.614445,24.341593,2
2022,7,12,23,5,臺中市,大雅區,0,1,0,8,1,5,50,4,1,1,5,4,5,7,1,1,9,4,4,1,17,25,2,9,1,1,C03,7,9,1,10,2,11,,25,25,1,22,9,C03,120.645845,24.225776,2
2022,7,12,23,34,臺中市,梧棲區,0,0,0,8,3,5,50,14,9,1,5,4,5,7,4,4,5,5,5,2,17,23,3,10,1,1,B03,7,9,1,8,5,5,,23,23,1,9,8,B03,120.534223,24.255671,3
2022,7,12,23,37,臺中市,大雅區,0,1,0,8,3,5,50,3,2,1,5,4,5,7,3,1,9,4,4,1,17,23,2,9,1,1,C03,7,9,2,18,2,12,,23,23,1,20,9,C03,120.673394,24.240039,2
2022,7,13,0,13,臺中市,北區,0,1,0,8,3,5,50,4,1,1,5,4,5,7,1,1,1,2,4,2,15,25,3,10,1,1,B02,7,9,1,8,2,1,,25,25,1,5,8,B02,120.685102,24.160322,2
2022,7,13,1,0,臺中市,東區,0,0,0,,,,,,,,,,,,,,,,,,,43,,,,,,,,,,,,,43,,1,,,,120.707611,24.142152,3
2022,7,13,1,8,臺中市,梧棲區,0,3,0,8,3,5,70,4,1,1,5,4,5,7,1,1,10,5,5,2,15,25,2,3,1,1,B03,7,9,3,18,2,1,,25,25,1,5,8,B03,120.551946,24.244653,2
2022,7,13,4,12,臺中市,西屯區,0,0,0,8,,,50,,,,,,,,,,,,,,,12,,,,,B03,,,1,,2,,,12,,1,22,,B03,120.64766,24.171171,4
2022,7,13,4,16,臺中市,北屯區,0,0,0,8,,,50,,,,,,,,,,,,,,,23,,,,,B03,,,5,,11,,,23,23,2,21,,B03,120.694377,24.165761,3
2022,7,13,4,30,臺中市,南屯區,0,0,0,8,,,30,,,,,,,,,,,,,,,17,,,,,A41,,,1,,1,,,17,,1,22,,A41,120.596388,24.163611,3
2022,7,13,5,10,臺中市,北屯區,0,1,0,8,2,5,50,4,1,1,5,4,5,7,2,1,10,5,5,2,16,6,3,10,1,1,B03,7,5,1,6,2,1,,6,6,1,22,8,B03,120.671205,24.174993,2
2022,7,13,7,10,臺中市,梧棲區,0,0,0,8,,,50,,,,,,,,,,,,,,,6,,,,,C03,,,1,,1,,,6,,1,5,,C03,120.537104,24.242361,4
2022,7,13,7,16,臺中市,西區,0,1,0,8,1,5,50,5,1,1,5,4,5,7,2,1,10,5,5,2,16,6,3,10,1,1,B03,7,6,1,8,2,2,,6,6,1,21,8,B03,120.670492,24.153412,2
2022,7,13,7,18,臺中市,太平區,0,0,0,8,,,50,,,,,,,,,,,,,,,16,,,,,A02,,,1,,2,,,16,,1,10,,A02,120.733763,24.157477,3
2022,7,13,7,20,臺中市,清水區,0,1,0,8,1,5,30,14,9,1,5,4,5,7,4,4,10,5,5,1,17,16,2,9,1,1,C03,7,9,1,10,2,12,,16,16,1,21,8,C03,120.607024,24.276982,2
2022,7,13,7,25,臺中市,南區,0,2,0,8,1,5,50,3,1,1,5,4,5,7,4,4,5,5,5,2,16,10,2,9,1,1,C03,7,11,1,10,2,13,,10,10,1,3,5,C03,120.662157,24.128372,2
2022,7,13,7,27,臺中市,潭子區,0,2,0,8,1,5,50,5,1,1,5,4,5,7,1,1,5,4,4,2,16,26,2,9,1,1,C03,7,9,1,10,2,11,,26,26,1,22,9,C03,120.705206,24.23164,2
2022,7,13,7,27,臺中市,南屯區,0,0,0,8,,,50,,,,,,,,,,,,,,,16,,,,,C01,,,1,,1,,,16,16,1,22,,C01,120.614776,24.148348,3
2022,7,13,7,28,臺中市,梧棲區,0,1,0,8,1,5,50,4,2,1,5,4,5,7,1,1,10,5,5,2,16,42,3,10,1,1,C03,7,5,1,10,2,12,,42,42,1,11,1,C03,120.549803,24.239393,2
2022,7,13,7,28,臺中市,后里區,0,2,0,8,1,5,50,4,2,1,5,4,5,7,1,1,1,2,5,1,16,6,2,7,1,1,C03,7,6,1,10,2,12,,6,6,1,21,8,C03,120.676933,24.294748,2
2022,7,13,7,29,臺中市,沙鹿區,0,1,0,8,1,5,50,14,7,1,5,4,5,7,4,4,9,5,4,2,12,17,3,10,1,1,B03,7,9,1,8,2,5,,17,17,1,4,8,B03,120.562322,24.237655,2
2022,7,13,7,39,臺中市,南屯區,0,0,0,8,,,50,,,,,,,,,,,,,,,42,,,,,B03,,,1,,1,,,42,,1,22,,B03,120.595526,24.150599,3
2022,7,13,7,40,臺中市,大肚區,0,1,0,8,1,5,50,12,7,1,5,4,5,7,4,4,4,4,4,2,12,17,3,10,1,1,B03,7,9,1,8,2,2,,17,17,1,21,8,B03,120.556884,24.160566,2
2022,7,13,7,47,臺中市,北區,0,1,0,8,1,5,50,4,1,1,5,4,5,7,1,1,10,5,5,2,12,26,3,10,3,4,B03,7,6,1,8,2,5,,26,26,1,5,8,B03,120.674507,24.162862,2
2022,7,13,7,48,臺中市,南區,0,2,0,8,1,5,40,4,1,1,5,4,5,7,2,1,10,5,5,2,16,8,2,9,1,1,C03,7,5,1,10,2,12,,8,8,1,21,8,C03,120.663458,24.113437,2
2022,7,13,7,48,臺中市,西屯區,0,1,0,8,1,5,50,5,1,1,5,4,5,7,2,1,10,5,5,2,13,23,3,10,1,1,B03,7,9,1,8,2,1,,23,23,1,22,8,B03,120.619551,24.168818,2
2022,7,13,7,51,臺中市,南區,0,1,0,8,1,5,50,4,1,1,5,4,5,7,4,4,10,5,5,2,18,23,2,9,1,1,C03,7,9,1,9,2,12,,23,23,1,22,9,C03,120.671566,24.119086,2
2022,7,13,7,52,臺中市,大里區,0,0,0,8,,,50,,,,,,,,,,,,,,,23,,,,,B03,,,1,,2,,,23,,1,5,,B03,120.69516,24.111493,3
2022,7,13,7,55,臺中市,西區,0,2,0,8,1,5,50,3,1,1,5,4,5,7,4,4,10,5,5,2,16,6,2,9,1,1,C03,7,5,1,10,2,11,,6,6,1,22,9,C03,120.656277,24.144813,2
2022,7,13,7,58,臺中市,沙鹿區,1,0,0,8,1,5,40,3,1,1,5,4,5,7,1,1,10,5,5,2,21,23,1,1,1,4,C03,7,9,1,10,9,14,,23,23,1,21,1,C03,120.580968,24.214567,1
2022,7,13,8,5,臺中市,南區,0,0,0,8,,,40,,,,,,,,,,,,,,,43,,,,,,,,,,,,,43,,1,,,,120.663563,24.119445,3
2022,7,13,8,6,臺中市,南屯區,0,0,0,,,,50,,,,,,,,,,,,,,,12,,,,,B12,,,1,,2,,,12,,1,22,,B12,120.650883,24.153754,3
2022,7,13,8,21,臺中市,北區,0,1,0,8,1,5,50,5,1,1,5,4,5,7,2,1,10,5,5,2,15,25,3,10,1,1,C03,7,9,1,10,1,11,,25,25,1,22,9,C03,120.673773,24.165153,2
2022,7,13,8,28,臺中市,大里區,0,0,0,8,,,50,,,,,,,,,,,,,,,23,,,,,C03,,,1,,2,,,23,,1,22,,C03,120.69439,24.089165,3
2022,7,13,8,31,臺中市,霧峰區,0,0,0,8,,,50,,,,,,,,,,,,,,,12,,,,,B12,,,1,,2,,,12,,1,22,,B12,120.675686,24.049184,3
2022,7,13,8,32,臺中市,大雅區,0,2,0,8,1,5,50,3,1,1,5,4,5,7,1,1,10,5,5,2,16,25,2,9,1,1,C03,7,9,4,11,2,11,,25,25,1,22,9,C03,120.657015,24.230483,2
2022,7,13,8,34,臺中市,西區,0,0,0,8,,,40,,,,,,,,,,,,,,,1,,,,,B01,,,1,,2,,,1,,1,10,,B01,120.65777,24.15806,3
2022,7,13,8,35,臺中市,北屯區,0,1,0,8,1,5,50,3,1,1,5,4,5,7,4,4,1,5,5,2,16,7,3,10,1,1,B03,7,8,1,8,2,5,,7,7,1,21,8,B03,120.666198,24.181669,2
2022,7,13,8,38,臺中市,北屯區,0,0,0,8,,,50,,,,,,,,,,,,,,,23,,,,,B03,,,1,,1,,,23,,1,5,,B03,120.66227,24.189705,3
2022,7,13,8,47,臺中市,大甲區,0,0,0,8,,,50,,,,,,,,,,,,,,,60,,,,,C03,,,1,,1,,,44,60,1,4,,C03,120.616931,24.346988,3
2022,7,13,8,53,臺中市,大里區,0,2,0,8,1,5,40,14,9,1,5,4,5,7,4,4,10,5,5,2,16,6,2,9,1,1,C03,7,9,1,10,2,12,,6,6,1,22,8,C03,120.682602,24.11438,2
2022,7,13,8,54,臺中市,西區,0,2,0,8,1,5,50,4,1,1,5,4,5,7,2,1,10,5,5,2,16,42,2,9,1,1,C03,7,9,1,10,2,12,,42,42,1,21,8,C03,120.682212,24.135899,2
2022,7,13,8,55,臺中市,南屯區,0,1,0,8,1,5,50,14,7,1,5,4,5,7,4,4,5,4,4,2,17,16,2,9,1,1,C03,7,9,6,18,2,11,,16,16,1,22,8,C03,120.612401,24.137066,2
2022,7,13,8,55,臺中市,大甲區,0,2,0,8,1,5,50,4,1,1,5,4,5,7,1,1,5,5,5,2,13,16,2,9,1,1,C03,7,9,1,10,2,11,,16,16,1,4,8,C03,120.623789,24.349456,2
2022,7,13,9,0,臺中市,南區,0,0,0,,,,50,,,,,,,,,,,,,,,8,,,,,C03,,,1,,2,,,8,,1,5,,C03,120.673346,24.130423,3
2022,7,13,9,7,臺中市,西區,0,2,0,8,1,5,1,14,9,1,5,4,4,7,4,4,5,5,5,2,17,19,3,10,3,4,C03,7,1,1,10,2,14,,19,19,1,21,8,C03,120.660049,24.142951,2
2022,7,13,9,20,臺中市,大肚區,0,0,0,8,,,50,,,,,,,,,,,,,,,23,,,,,C03,,,1,,2,,,42,23,1,22,,C03,120.573321,24.152261,3
2022,7,13,9,23,臺中市,潭子區,0,1,0,8,1,5,50,14,7,1,5,4,5,7,4,4,5,4,4,1,16,19,2,9,1,1,C03,7,1,1,10,2,14,,19,19,1,22,9,C03,120.707499,24.211124,2
2022,7,13,9,26,臺中市,太平區,0,2,0,8,1,5,50,3,1,1,5,4,5,7,1,1,10,5,5,2,16,25,2,9,1,1,C03,7,9,1,10,2,12,,25,25,1,22,8,C03,120.733132,24.150564,2
2022,7,13,9,46,臺中市,北屯區,0,2,0,8,1,5,50,14,9,1,5,4,5,7,4,4,5,4,5,1,13,16,3,10,1,1,C04,7,9,1,11,2,11,,16,16,1,21,8,C04,120.680675,24.18907,2
2022,7,13,9,46,臺中市,西屯區,0,0,0,8,,,50,,,,,,,,,,,,,,,23,,,,,B03,,,1,,2,,,23,,1,22,,B03,120.625673,24.183435,3
2022,7,13,9,51,臺中市,北屯區,0,1,0,8,1,5,30,14,9,1,5,4,5,7,4,4,1,5,5,2,17,43,2,9,1,1,F03,7,21,8,20,2,15,,43,43,1,21,8,F03,120.674023,24.181256,2
2022,7,13,9,57,臺中市,潭子區,0,0,0,8,,,30,,,,,,,,,,,,,,,40,,,,,B12,,,1,,10,,,40,,1,22,,B12,120.704534,24.215401,3
2022,7,13,9,58,臺中市,北區,0,0,0,8,,,50,,,,,,,,,,,,,,,23,,,,,B12,,,1,,9,,,23,,2,22,,B12,120.68565,24.162995,3
2022,7,13,10,0,臺中市,南屯區,0,0,0,8,,,30,,,,,,,,,,,,,,,43,,,,,B12,,,1,,11,,,43,,1,22,,B12,120.618171,24.158988,3
2022,7,13,10,4,臺中市,西區,0,2,0,8,1,5,50,4,1,1,5,4,5,7,1,1,10,5,5,2,12,16,2,9,1,1,C03,7,9,1,10,1,14,,16,16,1,22,9,C03,120.675855,24.133176,2
2022,7,13,10,11,臺中市,大雅區,0,0,0,8,,,50,,,,,,,,,,,,,,,17,,,,,B03,,,1,,2,,,17,,1,22,,B03,120.649043,24.221526,3
2022,7,13,10,20,臺中市,潭子區,0,0,0,8,,,60,,,,,,,,,,,,,,,23,,,,,B03,,,1,,2,,,23,,1,22,,B03,120.705793,24.217193,3
2022,7,13,10,24,臺中市,北區,0,0,0,,,,50,,,,,,,,,,,,,,,12,,,,,B03,,,1,,2,,,12,,1,5,,B03,120.673992,24.154384,3
2022,7,13,10,25,臺中市,北區,0,1,0,8,1,5,50,4,1,1,5,4,1,7,1,1,10,5,5,2,16,6,3,10,1,1,B03,7,6,1,8,2,5,,6,6,1,22,9,B03,120.670529,24.162837,2
2022,7,13,10,28,臺中市,北區,0,0,0,8,,,50,,,,,,,,,,,,,,,23,,,,,B03,,,1,,2,,,23,,1,22,,B03,120.674801,24.163043,3
2022,7,13,10,32,臺中市,清水區,0,0,0,8,,,60,,,,,,,,,,,,,,,42,,,,,B03,,,1,,1,,,42,42,1,21,,B03,120.548182,24.277051,3
2022,7,13,10,40,臺中市,大雅區,0,1,0,8,1,5,50,4,1,1,5,4,5,7,1,1,10,5,5,2,13,23,2,9,1,1,C03,7,9,1,10,2,11,,23,23,1,22,9,C03,120.634789,24.236583,2
2022,7,13,10,51,臺中市,大雅區,0,0,0,8,,,50,,,,,,,,,,,,,,,23,,,,,B03,,,1,,2,,,23,,1,22,,B03,120.648547,24.240186,3
2022,7,13,11,2,臺中市,北區,0,1,0,8,1,5,50,4,1,1,5,4,5,7,1,1,10,5,5,2,12,6,3,10,3,4,B03,7,6,1,8,2,5,,6,6,1,5,8,B03,120.685119,24.165279,2
2022,7,13,11,5,臺中市,潭子區,0,0,0,8,,,30,,,,,,,,,,,,,,,5,,,,,B12,,,1,,2,,,5,,1,22,,B12,120.677082,24.208421,3
2022,7,13,11,5,臺中市,清水區,0,0,0,8,1,5,30,14,9,1,5,4,5,7,4,4,10,5,5,2,17,18,3,10,1,1,B03,7,15,1,8,2,3,,18,18,1,5,8,B03,120.556714,24.272346,3
2022,7,13,11,10,臺中市,北區,0,2,0,8,1,5,50,14,7,1,5,4,5,7,4,4,5,5,4,2,16,43,2,9,1,1,C03,7,9,1,10,2,12,,43,43,1,22,8,C03,120.674418,24.163123,2
2022,7,13,11,24,臺中市,北屯區,0,0,0,8,,,50,,,,,,,,,,,,,,,23,,,,,B12,,,1,,11,,,23,,1,21,,B12,120.665517,24.179242,3
2022,7,13,11,32,臺中市,西區,0,0,0,8,,,60,,,,,,,,,,,,,,,16,,,,,B03,,,1,,1,,,16,,1,21,,B03,120.663833,24.154896,3
2022,7,13,11,40,臺中市,神岡區,0,2,0,8,1,5,50,4,1,1,5,4,5,7,1,1,10,5,5,2,15,25,2,9,3,4,C03,7,9,1,10,2,14,,25,25,1,22,9,C03,120.65721,24.256031,2
2022,7,13,11,44,臺中市,西區,0,2,0,8,1,5,50,3,1,1,5,4,5,7,4,4,10,5,5,2,13,44,2,9,1,1,C03,7,8,1,10,2,12,,44,7,1,21,8,C03,120.657508,24.138536,2
2022,7,13,11,55,臺中市,太平區,0,0,0,8,,,30,,,,,,,,,,,,,,,23,,,,,A11,,,1,,2,,,23,,1,22,,A11,120.722175,24.154866,3
2022,7,13,11,58,臺中市,太平區,0,0,0,8,,,50,,,,,,,,,,,,,,,9,,,,,B12,,,1,,2,2,,9,9,1,22,,B12,120.722427,24.112679,3
2022,7,13,12,20,臺中市,北屯區,0,0,0,8,,,50,,,,,,,,,,,,,,,25,,,,,B03,,,1,,1,,,25,,1,21,,B03,120.665463,24.201318,3
2022,7,13,12,34,臺中市,東區,0,3,0,8,1,5,50,5,1,1,5,4,5,7,3,1,10,5,5,2,15,6,2,8,1,1,C03,7,9,1,10,2,14,,6,6,1,5,8,C03,120.692477,24.146289,2
2022,7,13,12,38,臺中市,北區,0,0,0,,,,50,,,,,,,,,,,,,,,12,,,,,B03,,,7,,1,,,12,,1,5,,B03,120.685299,24.16662,3
2022,7,13,12,47,臺中市,西屯區,0,0,0,8,,,50,,,,,,,,,,,,,,,23,,,,,B12,,,1,,2,,,23,,1,22,,B12,120.632711,24.182808,3
2022,7,13,12,47,臺中市,豐原區,0,2,0,8,1,5,30,4,1,1,5,4,5,7,4,4,10,5,5,2,16,23,2,9,1,1,C03,7,9,1,10,2,11,,23,23,1,22,8,C03,120.724503,24.266395,2
2022,7,13,12,51,臺中市,北屯區,0,0,0,8,,,80,,,,,,,,,,,,,,,23,,,,,B03,,,1,,2,,,23,,1,21,,B03,120.695227,24.20104,3
2022,7,13,12,54,臺中市,南屯區,0,0,0,8,1,5,30,13,9,1,5,4,5,7,4,4,10,5,5,2,29,12,3,10,1,1,A12,7,2,1,3,5,6,,12,12,1,22,8,A12,120.618761,24.148156,3
2022,7,13,12,55,臺中市,東區,0,0,0,8,,,30,,,,,,,,,,,,,,,40,,,,,B03,,,1,8,2,,,40,40,1,21,,B03,120.688803,24.143398,3
2022,7,13,13,16,臺中市,潭子區,0,2,0,8,1,5,50,4,2,1,5,4,5,7,4,4,5,5,5,2,16,6,2,7,1,1,C03,7,5,1,10,2,11,14,6,6,1,22,8,C03,120.701777,24.19092,2
2022,7,13,13,17,臺中市,北區,0,0,0,8,,,30,,,,,,,,,,,,,,,6,,,,,B12,,,1,,2,,,6,,1,22,,B12,120.679723,24.153005,3
2022,7,13,13,18,臺中市,東勢區,0,1,0,8,1,5,50,3,2,1,5,4,5,7,4,4,5,5,5,1,17,4,2,9,1,1,C03,7,6,1,10,2,11,,4,4,1,9,8,C03,120.829471,24.259188,2
2022,7,13,13,26,臺中市,西屯區,0,0,0,8,,,70,,,,,,,,,,,,,,,42,,,,,B03,,,1,,1,,,42,,1,22,,B03,120.625,24.17833,3
2022,7,13,13,31,臺中市,潭子區,0,1,0,8,1,5,50,5,1,1,5,4,5,7,1,1,10,5,5,2,16,7,2,9,1,1,F03,7,10,8,20,2,16,,7,7,1,22,8,F03,120.70593,24.21792,2
2022,7,13,13,36,臺中市,大雅區,0,1,0,8,1,5,50,14,9,1,5,4,5,7,4,4,5,5,5,1,13,23,3,10,1,1,C03,7,9,1,10,2,11,,23,23,1,21,8,C03,120.652153,24.227231,2
2022,7,13,13,40,臺中市,大雅區,0,0,0,8,,,50,,,,,,,,,,,,,,,7,,,,,B03,,,1,,2,,,7,,1,22,,B03,120.662797,24.219397,3
2022,7,13,13,41,臺中市,東區,0,1,0,8,1,5,50,4,1,1,5,4,5,7,4,4,10,5,5,2,15,6,2,9,1,1,C03,7,9,1,10,2,11,,6,6,1,22,9,C03,120.708571,24.14245,2
2022,7,13,13,43,臺中市,北區,0,1,0,8,1,5,50,3,1,1,5,4,5,7,4,4,10,5,5,2,11,6,3,10,3,4,B03,7,11,1,8,2,1,,6,6,1,5,8,B03,120.668278,24.169294,2
2022,7,13,13,50,臺中市,北區,0,0,0,8,,,50,,,,,,,,,,,,,,,12,,,,,C03,,,1,,11,,,12,,1,22,,C03,120.684034,24.153148,3
2022,7,13,13,53,臺中市,沙鹿區,0,0,0,8,,,60,,,,,,,,,,,,,,,7,,,,,A11,,,1,,11,,,7,,2,10,,A11,120.59747,24.250001,3
2022,7,13,13,56,臺中市,中區,0,0,0,8,,,50,,,,,,,,,,,,,,,16,,,,,B01,,,1,,2,,,16,,1,21,,B01,120.680714,24.138675,3
2022,7,13,14,5,臺中市,北屯區,0,1,0,8,1,5,50,4,1,1,5,4,5,7,4,4,10,5,5,2,16,6,2,9,1,1,C03,7,9,1,10,2,12,,6,6,1,21,8,C03,120.679325,24.181846,2
2022,7,13,14,13,臺中市,潭子區,0,0,0,8,,,80,,,,,,,,,,,,,,,7,,,,,B03,,,1,,2,,,7,,1,22,,B03,120.716438,24.198579,3
2022,7,13,14,22,臺中市,大里區,0,0,0,8,,,50,,,,,,,,,,,,,,,23,,,,,B12,,,1,,2,,,23,,1,9,,B12,120.701301,24.110661,3
2022,7,13,14,34,臺中市,東區,0,0,0,,,,50,,,,,,,,,,,,,,,23,,,,,B03,,,1,,2,,,23,,1,5,,B03,120.708262,24.13384,3
2022,7,13,14,51,臺中市,梧棲區,0,1,0,8,1,5,50,4,1,1,5,4,5,7,4,4,10,5,5,2,15,6,3,10,1,1,B03,7,9,1,8,2,1,,6,6,1,5,8,B03,120.532805,24.256226,2
2022,7,13,14,52,臺中市,神岡區,0,0,0,8,,,50,,,,,,,,,,,,,,,12,,,,,B12,,,1,,2,,,12,,1,22,,B12,120.696111,24.23604,4
2022,7,13,14,53,臺中市,太平區,0,0,0,8,,,30,,,,,,,,,,,,,,,23,,,,,B12,,,1,,2,,,23,,1,22,,B12,120.727774,24.107163,3
2022,7,13,14,54,臺中市,北屯區,0,1,0,8,1,5,50,14,9,1,5,4,5,7,4,4,10,5,5,2,16,6,3,10,1,1,B03,7,5,1,8,2,6,,6,6,1,21,8,B03,120.66476,24.19372,2
2022,7,13,15,0,臺中市,潭子區,0,0,0,8,,,50,,,,,,,,,,,,,,,23,,,,,B03,,,1,,2,,,23,,1,22,,B03,120.718121,24.197412,3
2022,7,13,15,5,臺中市,西區,0,0,0,,,,50,,,,,,,,,,,,,,,6,,,,,B12,,,1,,1,,,6,,1,5,,B12,120.664547,24.155812,4
2022,7,13,15,6,臺中市,東勢區,0,1,0,8,1,5,50,4,1,1,5,4,5,7,4,4,10,5,5,2,15,6,2,5,1,1,C03,7,9,1,10,2,11,,6,6,1,21,8,C03,120.824926,24.25875,2
2022,7,13,15,7,臺中市,太平區,0,1,0,8,1,5,30,3,1,1,5,4,5,7,4,4,10,5,5,2,16,6,2,8,1,1,C03,7,5,1,10,1,12,14,6,6,1,22,8,C03,120.706322,24.11704,2
2022,7,13,15,9,臺中市,大安區,0,2,0,8,1,5,50,3,1,1,5,4,5,7,3,1,10,5,5,2,16,23,2,9,1,1,C03,7,9,1,10,2,11,,23,23,1,4,1,C03,120.617106,24.346873,2
2022,7,13,15,10,臺中市,北區,0,0,0,,,,50,,,,,,,,,,,,,,,23,,,,,B12,,,1,,2,,,23,,1,21,,B12,120.685947,24.146471,3
2022,7,13,15,14,臺中市,后里區,0,2,0,8,1,5,50,5,1,1,5,4,5,7,1,1,10,5,5,2,11,8,3,10,1,1,B03,7,5,1,8,2,2,,8,8,1,19,5,B03,120.697015,24.314455,2
2022,7,13,15,15,臺中市,西屯區,0,0,0,8,,,1,,,,,,,,,,,,,,,43,,,,,C03,,,1,,1,,,43,,1,22,,C03,120.645826,24.157353,3
2022,7,13,15,27,臺中市,沙鹿區,0,1,0,8,1,5,50,4,1,1,5,4,5,7,2,1,10,5,5,2,17,42,3,10,1,1,B03,7,6,1,10,2,2,,42,42,1,2,1,B03,120.560739,24.241187,2
2022,7,13,15,28,臺中市,北區,0,0,0,8,,,30,,,,,,,,,,,,,,,23,,,,,B03,,,1,,9,,,23,,1,22,,B03,120.685386,24.151372,3
2022,7,13,15,33,臺中市,西區,0,1,0,8,1,5,50,3,1,1,5,4,5,7,2,1,10,5,5,2,17,23,3,10,1,1,B03,7,9,1,8,2,1,,23,23,1,21,8,B03,120.658977,24.155921,2
2022,7,13,15,36,臺中市,西區,0,1,0,8,1,5,50,4,1,1,5,4,5,7,4,4,10,5,5,2,16,6,3,10,3,4,B03,7,6,1,8,2,1,,6,6,1,21,8,B03,120.672553,24.145739,2
2022,7,13,15,38,臺中市,北屯區,0,0,0,8,,,50,,,,,,,,,,,,,,,23,,,,,B03,,,1,,1,,,23,,1,22,,B03,120.721635,24.178753,3
2022,7,13,15,41,臺中市,清水區,0,1,0,8,1,5,50,3,1,1,5,4,5,7,4,4,10,5,5,2,16,6,3,10,1,1,B03,7,6,1,8,2,8,,6,6,1,21,8,B03,120.57866,24.269235,2
2022,7,13,15,43,臺中市,南區,0,2,0,8,1,5,50,4,1,1,5,4,5,7,2,1,10,5,5,2,12,42,2,9,1,1,C03,7,9,1,10,2,14,,42,42,1,21,8,C03,120.662687,24.126984,2
2022,7,13,15,45,臺中市,北屯區,0,0,0,8,1,5,50,4,2,1,5,4,5,7,2,1,5,4,5,2,13,23,3,10,3,4,B03,7,9,1,8,7,1,,23,23,1,22,8,B03,120.727365,24.176586,3
2022,7,13,15,49,臺中市,北屯區,0,2,0,8,1,5,50,4,1,1,5,4,5,7,2,1,10,5,5,2,16,6,2,9,1,1,C03,7,5,1,10,2,11,,6,6,1,21,8,C03,120.710681,24.181983,2
2022,7,13,16,5,臺中市,梧棲區,0,2,0,8,1,5,40,3,1,1,5,4,5,7,1,1,10,5,5,2,16,26,2,9,1,1,B03,7,5,1,8,2,8,,26,26,1,5,8,B03,120.547726,24.245631,2
2022,7,13,16,10,臺中市,烏日區,0,0,0,,,,50,,,,,,,,,,,,,,,9,,,,,A04,,,1,,2,,,9,,1,10,,A04,120.62946,24.109902,3
2022,7,13,16,11,臺中市,西屯區,0,1,0,8,1,5,30,3,1,1,5,4,5,7,4,4,10,5,5,1,16,6,2,9,1,4,C03,7,6,1,10,2,14,,6,6,1,4,8,C03,120.640145,24.172183,2
2022,7,13,16,12,臺中市,北屯區,0,1,0,8,1,5,50,14,9,1,5,4,5,7,4,4,5,4,5,2,13,16,3,10,1,1,B03,7,9,1,8,2,1,,16,16,1,21,8,B03,120.74762,24.196111,2
2022,7,13,16,13,臺中市,大雅區,0,3,0,8,1,5,30,3,1,1,5,4,5,7,4,4,10,5,5,2,17,6,2,9,1,1,C03,7,5,1,10,2,11,,6,6,1,22,9,C03,120.629657,24.240286,2
2022,7,13,16,15,臺中市,神岡區,0,0,0,8,,,50,,,,,,,,,,,,,,,19,,,,,B03,,,1,,1,,,19,,1,21,,B03,120.691641,24.248421,4
2022,7,13,16,18,臺中市,南屯區,0,0,0,8,,,40,,,,,,,,,,,,,,,23,,,,,C03,,,1,,9,,,23,23,2,22,,C03,120.612457,24.149921,3
2022,7,13,16,20,臺中市,南區,0,1,0,8,1,5,30,14,9,1,5,4,5,7,4,4,10,5,5,2,17,19,3,10,1,1,C03,7,1,2,18,2,11,,19,19,1,22,8,C03,120.669343,24.115611,2
2022,7,13,16,22,臺中市,太平區,0,1,0,8,1,5,50,14,9,1,5,4,5,7,4,4,5,4,4,1,16,19,3,10,1,1,B12,7,1,1,8,2,4,,19,19,1,22,5,B12,120.725133,24.134136,2