年,月,日,時,分,縣市,區,死,受傷,2-30,天候,光線,道路類別,速限,道路型態,事故位置,路面鋪裝,路面狀態,路面缺陷,障礙物,視距,號誌種類,號誌動作,分向設施,快車道或一般車道間,快慢車道間,路面邊線,事故類型及型態,主要肇因,受傷程度,主要傷處,保護裝備,行動電話,當事者區分,車輛用途,當事者行動狀態,駕駛資格情形,駕駛執照種類,飲酒情形,車輛撞擊部位最初,車輛撞擊部位其他,肇事因素個別,肇事因素主要,肇事逃逸,職業,旅次目的,車種,GPS緯度,GPS經度,事故類別
2022,7,13,16,22,臺中市,太平區,0,1,0,8,1,5,50,14,9,1,5,4,5,7,4,4,5,5,5,1,17,19,3,10,1,1,B03,7,1,6,7,2,8,,19,19,1,21,8,B03,120.71073,24.150092,2
2022,7,13,16,30,臺中市,西屯區,0,0,0,8,,,50,,,,,,,,,,,,,,,42,,,,,B12,,,1,,1,,,42,,1,22,,B12,120.660016,24.163418,3
2022,7,13,16,35,臺中市,大雅區,0,2,0,8,1,5,50,5,1,1,5,4,5,7,1,1,1,5,5,2,15,25,3,10,1,1,B03,7,9,1,8,2,6,,25,25,1,21,8,B03,120.648923,24.21804,2
2022,7,13,16,37,臺中市,太平區,0,1,0,8,1,5,30,4,1,1,5,4,5,7,4,4,10,5,5,2,16,6,2,9,1,1,F03,7,9,8,20,2,16,,6,6,1,22,8,F03,120.720086,24.149599,2
2022,7,13,16,38,臺中市,太平區,0,2,0,8,1,5,50,3,1,1,5,4,5,7,1,1,10,5,5,2,16,7,2,9,1,1,C03,7,8,1,10,2,12,14,7,7,1,22,8,C03,120.724465,24.106705,2
2022,7,13,16,52,臺中市,北屯區,0,0,0,8,,,50,,,,,,,,,,,,,,,23,,,,,B03,,,1,,1,,,23,,1,21,,B03,120.67722,24.191724,3
2022,7,13,16,54,臺中市,西屯區,0,1,0,8,1,5,1,14,20,4,5,4,5,7,4,4,10,5,5,2,2,26,3,10,1,1,C03,7,9,1,10,2,12,,26,26,1,22,8,C03,120.616552,24.182251,2
2022,7,13,16,55,臺中市,北屯區,0,0,0,8,,,50,,,,,,,,,,,,,,,42,,,,,C03,,,1,,1,,,42,,1,22,,C03,120.660843,24.193995,3
2022,7,13,16,55,臺中市,北屯區,0,1,0,8,1,5,50,4,1,1,5,4,5,7,4,4,10,5,5,2,15,6,2,9,1,1,C03,7,9,1,10,2,11,,6,6,1,21,8,C03,120.716681,24.180373,2
2022,7,13,16,57,臺中市,梧棲區,0,1,0,8,1,5,30,4,1,1,5,4,5,7,4,4,10,5,5,2,15,6,2,9,1,1,C03,7,9,1,10,2,11,,6,6,1,5,8,C03,120.517928,24.224102,2
2022,7,13,16,58,臺中市,東區,0,2,0,8,1,5,50,4,1,1,5,4,5,7,1,1,10,5,5,2,15,19,2,9,1,1,C03,7,1,1,10,2,11,,19,19,1,22,8,C03,120.704491,24.130755,2
2022,7,13,17,2,臺中市,龍井區,0,0,0,8,,,60,,,,,,,,,,,,,,,23,,,,,B03,,,1,,1,,,23,,1,22,,B03,120.58232,24.175443,3
2022,7,13,17,3,臺中市,北屯區,0,0,0,8,,,80,,,,,,,,,,,,,,,16,,,,,B03,,,1,,1,,,16,,1,21,,B03,120.718988,24.163368,3
2022,7,13,17,15,臺中市,霧峰區,0,0,0,8,,,40,,,,,,,,,,,,,,,6,,,,,B03,,,1,,1,,,6,,1,4,,B03,120.671339,24.043175,3
2022,7,13,17,16,臺中市,潭子區,0,0,0,8,,,50,,,,,,,,,,,,,,,16,,,,,C03,,,1,,2,,,16,,1,22,,C03,120.673741,24.208132,3
2022,7,13,17,17,臺中市,西區,0,0,0,,,,50,,,,,,,,,,,,,,,23,,,,,B03,,,1,,2,,,23,,1,5,,B03,120.656527,24.143442,3
2022,7,13,17,17,臺中市,豐原區,0,1,0,8,1,5,60,4,1,1,5,4,5,7,1,1,1,2,5,2,17,26,2,9,1,1,C03,7,5,1,10,2,11,,26,26,1,4,1,C03,120.717308,24.264055,2
2022,7,13,17,20,臺中市,東區,0,0,0,8,1,5,1,4,1,1,5,4,5,7,1,1,10,5,5,2,17,12,3,10,1,1,C03,7,15,1,10,2,13,,12,12,1,22,8,C03,120.706119,24.129998,3
2022,7,13,17,23,臺中市,大里區,0,0,0,8,,,60,,,,,,,,,,,,,,,17,,,,,B03,,,1,,2,,,17,,1,22,,B03,120.670616,24.102597,3
2022,7,13,17,31,臺中市,烏日區,0,0,0,,,,50,,,,,,,,,,,,,,,23,,,,,B03,,,1,,2,,,23,,1,22,,B03,120.624946,24.101141,3
2022,7,13,17,33,臺中市,潭子區,0,1,0,8,1,5,40,3,1,1,5,4,5,7,4,4,9,4,4,1,17,8,3,10,1,1,C03,7,5,1,10,2,12,,8,8,1,22,8,C03,120.703572,24.211938,2
2022,7,13,17,35,臺中市,豐原區,0,1,0,8,1,5,60,4,2,1,5,4,5,7,1,1,3,3,4,1,17,23,2,8,3,4,C03,7,9,1,10,2,12,,23,23,1,22,8,C03,120.723258,24.234816,2
2022,7,13,17,37,臺中市,潭子區,0,0,0,8,,,50,,,,,,,,,,,,,,,23,,,,,B03,,,1,,2,,,23,,1,22,,B03,120.708603,24.200315,3
2022,7,13,17,37,臺中市,龍井區,0,0,0,8,,,30,,,,,,,,,,,,,,,23,,,,,B12,,,1,,1,,,23,,1,22,,B12,120.573855,24.185702,3
2022,7,13,17,43,臺中市,南區,0,2,0,8,1,5,50,4,1,1,5,4,5,7,1,1,9,4,4,2,16,25,2,9,1,1,C03,7,9,1,10,11,11,12,25,25,2,5,1,C03,120.656365,24.13423,2
2022,7,13,17,44,臺中市,太平區,0,1,0,8,2,5,50,14,9,1,5,4,5,7,4,4,5,4,5,2,16,26,2,9,1,1,C03,7,11,1,10,2,12,,26,26,1,5,8,C03,120.717301,24.128264,2
2022,7,13,17,45,臺中市,東區,0,0,0,8,1,5,50,14,9,1,5,4,5,7,4,4,5,4,5,2,13,23,3,10,1,1,B03,7,9,1,8,2,1,,23,23,1,22,8,B03,120.692502,24.138738,3
2022,7,13,17,45,臺中市,北屯區,0,1,0,8,1,5,40,16,6,1,5,4,5,1,4,4,10,5,5,2,13,23,3,10,1,1,B03,7,11,1,8,2,8,,23,23,1,22,8,B03,120.687081,24.181548,2
2022,7,13,17,47,臺中市,梧棲區,0,0,0,8,,,50,,,,,,,,,,,,,,,23,,,,,B03,,,1,,11,,,23,,1,19,,B03,120.533111,24.2569,3
2022,7,13,17,48,臺中市,北屯區,0,0,0,8,,,50,,,,,,,,,,,,,,,16,,,,,B03,,,1,,2,,,16,,1,21,,B03,120.699196,24.170345,3
2022,7,13,17,48,臺中市,東勢區,0,0,0,8,,,25,,,,,,,,,,,,,,,17,,,,,B03,,,1,,2,,,17,,1,5,,B03,120.878123,24.23606,3
2022,7,13,17,48,臺中市,豐原區,0,1,0,8,2,5,60,14,8,1,5,4,5,7,4,4,1,3,4,1,16,6,3,10,1,1,B03,7,6,1,8,2,6,,6,6,1,4,1,B03,120.737327,24.253677,2
2022,7,13,17,50,臺中市,北屯區,0,2,0,8,1,5,50,4,4,1,5,4,5,7,2,1,10,5,5,2,16,16,2,8,1,1,C03,7,9,1,10,2,11,,16,16,1,21,8,C03,120.70475,24.16948,2
2022,7,13,17,51,臺中市,東區,0,0,0,,,,50,,,,,,,,,,,,,,,19,,,,,B03,,,1,,2,,,19,,1,22,,B03,120.687072,24.135911,3
2022,7,13,17,52,臺中市,西區,0,1,0,8,1,5,50,5,1,1,5,4,5,7,1,1,5,5,5,1,16,19,3,10,1,1,B12,7,1,1,8,2,5,,19,19,1,21,8,B12,120.665649,24.135153,2
2022,7,13,17,53,臺中市,西屯區,0,1,0,8,1,5,50,4,2,1,5,4,5,7,2,1,9,5,4,2,12,23,3,10,1,1,B03,7,5,1,8,1,5,,23,23,1,22,8,B03,120.639256,24.174775,2
2022,7,13,17,56,臺中市,北屯區,0,1,0,8,1,5,30,4,1,1,5,4,5,7,4,4,10,5,5,2,16,8,3,10,1,1,B03,7,5,1,8,2,8,,8,8,1,22,8,B03,120.691541,24.184101,2
2022,7,13,17,56,臺中市,北屯區,0,0,0,8,,,50,,,,,,,,,,,,,,,43,,,,,B03,,,1,,2,,,43,43,1,21,,B03,120.679428,24.181803,3
2022,7,13,18,0,臺中市,西區,0,1,0,8,1,5,50,4,1,1,5,4,5,7,2,1,10,5,5,2,13,44,2,9,1,1,C03,7,9,1,10,2,11,,23,44,1,20,8,C03,120.662609,24.155678,2
2022,7,13,18,0,臺中市,大肚區,0,1,0,8,1,5,30,11,9,1,5,4,5,7,4,4,10,5,5,2,18,23,2,9,1,1,C03,7,6,1,10,2,12,,23,23,1,21,8,C03,120.543494,24.169248,2
2022,7,13,18,2,臺中市,西區,0,0,0,8,,,50,,,,,,,,,,,,,,,42,,,,,B03,,,1,8,1,,,42,42,1,5,,B03,120.662613,24.144433,3
2022,7,13,18,2,臺中市,東區,0,1,0,8,2,5,50,4,1,1,5,4,5,7,1,1,10,5,5,2,16,6,3,10,1,1,B03,7,5,1,8,2,8,,6,6,1,5,8,B03,120.700722,24.127289,2
2022,7,13,18,8,臺中市,清水區,0,0,0,8,,,70,,,,,,,,,,,,,,,23,,,,,A42,,,1,,3,,,23,,1,21,,A42,120.552015,24.293875,3
2022,7,13,18,14,臺中市,北屯區,0,0,0,8,,,50,,,,,,,,,,,,,,,23,,,,,C03,,,1,,1,,,23,,1,21,,C03,120.684235,24.169573,3
2022,7,13,18,15,臺中市,大里區,0,1,0,8,1,5,40,8,9,1,5,4,5,7,4,4,5,4,5,2,13,23,2,9,1,1,C03,7,9,1,10,2,11,,23,23,1,9,1,C03,120.701291,24.101086,2
2022,7,13,18,20,臺中市,清水區,0,0,0,8,,,50,,,,,,,,,,,,,,,23,,,,,C03,,,3,,1,,,23,23,1,5,,C03,120.563846,24.29348,3
2022,7,13,18,23,臺中市,西屯區,0,0,0,8,,,40,,,,,,,,,,,,,,,8,,,,,C03,,,1,,1,,,8,,1,4,,C03,120.640077,24.160462,3
2022,7,13,18,24,臺中市,清水區,0,3,0,8,1,5,50,3,1,1,5,4,5,7,4,4,10,5,5,2,13,16,2,9,1,1,C03,7,9,1,10,2,11,,16,16,1,21,8,C03,120.563391,24.306248,2
2022,7,13,18,28,臺中市,西區,0,0,0,,,,50,,,,,,,,,,,,,,,23,,,,,C03,,,1,,1,,,23,,1,5,,C03,120.6772,24.140232,3
2022,7,13,18,33,臺中市,北屯區,0,1,0,8,3,5,50,4,1,1,5,4,5,7,4,4,10,5,5,2,15,6,2,9,1,1,C03,7,9,1,10,2,12,14,6,6,1,5,8,C03,120.722465,24.170521,2
2022,7,13,18,47,臺中市,太平區,0,1,0,8,3,5,50,3,1,1,5,4,5,7,4,4,10,5,5,2,18,23,2,9,1,1,C03,7,9,1,10,2,12,,23,23,1,22,5,C03,120.717792,24.12314,2
2022,7,13,18,47,臺中市,后里區,0,0,0,8,,,50,,,,,,,,,,,,,,,23,,,,,C03,,,1,,1,,,23,,1,18,,C03,120.708526,24.311072,3
2022,7,13,18,50,臺中市,大甲區,0,1,0,8,3,5,50,4,1,1,5,4,5,7,4,4,10,5,5,2,17,42,2,9,1,1,C03,7,9,1,10,2,11,,42,42,1,19,8,C03,120.62593,24.34699,2
2022,7,13,18,54,臺中市,北區,0,1,0,8,4,5,30,14,9,4,5,2,1,7,4,4,10,5,5,2,18,23,2,8,1,1,C03,7,9,1,10,2,11,,23,23,1,21,8,C03,120.671027,24.166253,2
2022,7,13,18,56,臺中市,東區,0,1,0,8,1,5,50,4,1,1,5,4,5,7,1,1,9,4,5,2,12,7,3,10,1,1,C03,7,9,2,18,2,12,,23,7,1,5,1,C03,120.703592,24.140392,2
2022,7,13,19,14,臺中市,東區,0,1,0,8,2,5,50,4,1,1,5,4,5,7,2,1,10,5,5,2,15,25,3,10,1,1,C03,7,9,1,10,9,12,,25,25,2,5,8,C03,120.709269,24.135319,2
2022,7,13,19,17,臺中市,北屯區,0,1,0,8,3,5,50,4,1,1,5,4,5,7,4,4,10,5,5,2,15,6,2,9,1,1,C03,7,9,1,10,2,12,,6,6,1,22,8,C03,120.726895,24.163349,2
2022,7,13,19,21,臺中市,南屯區,0,1,0,8,3,5,50,4,1,1,5,4,5,7,2,1,10,5,5,2,16,27,3,10,1,1,B03,7,6,1,8,2,6,,27,27,1,22,9,B03,120.633406,24.123993,2
2022,7,13,19,26,臺中市,東勢區,0,1,0,8,3,5,50,5,1,1,5,4,5,7,1,1,10,5,5,2,16,43,2,9,1,1,F01,7,21,8,20,2,16,,43,43,1,22,9,F01,120.832476,24.246611,2
2022,7,13,19,34,臺中市,北屯區,0,0,0,8,,,50,,,,,,,,,,,,,,,16,,,,,C03,,,1,,1,,,16,,1,21,,C03,120.706495,24.197473,3
2022,7,13,19,35,臺中市,北區,0,4,0,8,1,5,50,14,9,1,5,4,5,7,4,4,5,4,5,2,17,43,2,9,1,1,C03,7,15,1,10,2,12,,43,43,1,5,8,C03,120.686826,24.148485,2
2022,7,13,19,36,臺中市,西屯區,0,0,0,8,,,50,,,,,,,,,,,,,,,44,,,,,B03,,,1,,1,,,44,44,1,22,,B03,120.666461,24.174888,3
2022,7,13,19,38,臺中市,大雅區,0,1,0,8,3,5,50,4,1,1,5,4,5,7,1,1,9,4,5,2,17,25,3,10,1,1,B03,7,9,1,8,2,5,,25,25,1,22,9,B03,120.644354,24.209369,2
2022,7,13,19,40,臺中市,后里區,0,0,0,8,,,50,,,,,,,,,,,,,,,12,,,,,B12,,,1,,1,,,12,,1,4,,B12,120.71242,24.308788,3
2022,7,13,19,43,臺中市,西區,0,1,0,8,3,5,50,14,7,1,5,4,5,7,4,4,5,2,5,2,17,26,2,9,1,1,C03,7,11,1,10,2,14,,26,26,1,5,7,C03,120.661372,24.146818,2
2022,7,13,19,54,臺中市,大雅區,0,2,0,8,1,5,50,3,1,1,5,4,5,7,4,4,9,4,4,1,17,9,3,10,1,1,B03,7,6,1,8,2,6,,9,9,1,22,9,B03,120.635872,24.215506,2
2022,7,13,19,55,臺中市,大雅區,0,1,0,8,3,5,50,4,2,1,5,4,5,7,1,1,5,5,5,1,17,42,3,10,1,1,C03,7,15,1,10,2,11,,42,42,1,21,8,C03,120.647961,24.222949,2
2022,7,13,19,59,臺中市,大肚區,0,2,0,8,3,5,40,11,8,1,5,4,5,7,4,4,1,4,1,2,23,23,2,9,1,1,C03,7,9,1,10,2,11,,23,23,1,22,8,C03,120.582155,24.169093,2
2022,7,13,20,0,臺中市,北屯區,0,1,0,8,3,5,50,14,7,1,5,4,5,7,4,4,5,4,4,2,16,40,3,10,3,1,B03,7,13,1,8,2,4,,40,40,1,21,8,B03,120.719805,24.178206,2
2022,7,13,20,10,臺中市,西區,0,0,0,,,,50,,,,,,,,,,,,,,,12,,,,,B03,,,1,,1,,,12,12,1,5,,B03,120.661668,24.13764,3
2022,7,13,20,10,臺中市,南屯區,0,1,0,8,3,5,50,3,2,1,5,4,5,7,1,1,1,4,5,2,17,7,3,10,1,1,B03,7,8,1,8,2,2,,7,7,1,4,8,B03,120.646623,24.144937,2
2022,7,13,20,11,臺中市,沙鹿區,0,1,0,8,3,5,50,4,1,1,5,4,5,7,1,1,1,4,4,2,16,26,2,8,1,1,C03,7,11,4,11,2,14,,26,26,1,4,8,C03,120.563291,24.24736,2
2022,7,13,20,20,臺中市,大里區,0,0,0,8,,,50,,,,,,,,,,,,,,,12,,,,,A11,,,1,,2,,,12,,1,21,,A11,120.700256,24.102263,3
2022,7,13,20,33,臺中市,太平區,0,0,0,8,,,40,,,,,,,,,,,,,,,19,,,,,B03,,,1,,2,,,19,,1,5,,B03,120.7192,24.105454,3
2022,7,13,20,40,臺中市,南區,0,2,0,8,3,5,50,4,1,1,5,4,5,7,3,1,10,5,5,2,15,6,2,9,1,1,C03,7,9,1,10,2,11,,6,6,1,22,8,C03,120.656848,24.120757,2
2022,7,13,20,41,臺中市,大甲區,0,1,0,8,4,5,50,4,1,1,5,4,5,7,1,1,10,5,5,1,13,23,3,10,1,1,B03,7,9,1,8,2,8,,23,23,1,19,8,B03,120.62776,24.34664,2
2022,7,13,21,11,臺中市,北區,0,1,0,8,3,5,50,4,1,1,5,4,5,7,1,1,1,4,5,2,23,23,2,9,1,1,B12,7,9,6,18,8,1,,23,23,1,21,8,B12,120.68616,24.146227,2
2022,7,13,21,31,臺中市,東區,0,0,0,8,,,30,,,,,,,,,,,,,,,43,,,,,,,,,,,,,43,,1,,,,120.690791,24.144614,3
2022,7,13,21,35,臺中市,北屯區,0,1,0,8,3,5,50,4,1,1,5,4,5,7,2,1,10,5,5,2,16,42,3,10,1,1,B03,7,11,1,2,2,7,,42,42,1,5,8,B03,120.65938,24.190615,2
2022,7,13,22,6,臺中市,北屯區,0,0,0,8,,,40,,,,,,,,,,,,,,,26,,,,,C03,,,1,,1,,,26,,1,22,,C03,120.700665,24.179781,3
2022,7,13,22,23,臺中市,神岡區,0,0,0,8,,,1,,,,,,,,,,,,,,,42,,,,,C03,,,1,,1,,,42,,1,22,,C03,120.693834,24.248789,4
2022,7,13,22,29,臺中市,北屯區,0,1,0,8,3,5,50,4,1,1,5,4,5,7,2,1,10,5,5,2,15,25,3,10,1,1,B03,7,9,6,8,2,1,,25,25,1,5,8,B03,120.719256,24.159488,2
2022,7,13,22,56,臺中市,南屯區,0,1,0,8,3,5,50,3,1,1,5,4,5,7,4,4,10,5,5,2,16,6,3,10,1,1,B03,7,5,1,8,2,8,1,6,6,1,6,8,B03,120.651379,24.154816,2
2022,7,13,23,10,臺中市,石岡區,0,1,0,8,3,5,70,14,9,1,5,4,5,7,2,1,1,4,4,1,13,23,3,10,1,1,B01,7,9,1,5,2,8,,23,23,1,22,9,B01,120.763691,24.277238,2
2022,7,13,23,50,臺中市,大雅區,0,0,0,8,,,50,,,,,,,,,,,,,,,23,,,,,B03,,,3,,2,,,23,,1,22,,B03,120.653328,24.219061,3
2022,7,13,23,58,臺中市,西區,0,0,0,8,,,50,,,,,,,,,,,,,,,12,,,,,B03,,,1,,2,,,12,,1,4,,B03,120.649886,24.145688,3
2022,7,14,0,2,臺中市,西屯區,0,0,0,8,,,60,,,,,,,,,,,,,,,7,,,,,B03,,,1,,2,,,7,,1,22,,B03,120.649725,24.162663,3
2022,7,14,2,50,臺中市,北屯區,0,0,0,8,,,50,,,,,,,,,,,,,,,42,,,,,B03,,,1,,2,,,42,,1,22,,B03,120.70401,24.182147,3
2022,7,14,6,7,臺中市,豐原區,0,1,0,8,1,5,50,4,1,1,5,4,5,7,1,1,5,5,5,2,17,43,,,,,,,,,,,,,43,43,2,,,,120.71454,24.251186,2
2022,7,14,6,30,臺中市,北區,0,2,0,8,1,5,50,5,2,1,5,4,5,7,2,1,5,4,4,1,16,25,2,7,3,4,C03,7,9,1,10,2,12,,25,25,1,22,9,C03,120.690207,24.156245,2
2022,7,14,6,31,臺中市,北屯區,0,2,0,8,1,5,50,4,1,1,5,4,5,7,2,1,10,5,5,2,16,25,2,9,1,1,C03,7,9,1,10,2,14,,25,25,1,20,8,C03,120.694594,24.174574,2
2022,7,14,7,15,臺中市,南屯區,0,2,0,8,1,5,50,3,1,1,5,4,5,7,4,4,10,5,5,2,16,6,2,9,1,1,C03,7,5,1,10,2,12,,6,6,1,22,8,C03,120.610887,24.145395,2
2022,7,14,7,24,臺中市,大里區,0,0,0,8,,,60,,,,,,,,,,,,,,,23,,,,,B03,,,1,,2,,,23,,1,5,,B03,120.653975,24.089505,3
2022,7,14,7,34,臺中市,東區,0,0,0,8,,,50,,,,,,,,,,,,,,,16,,,,,B03,,,1,4,2,,,16,16,1,21,,B03,120.686524,24.135964,3
2022,7,14,7,35,臺中市,西區,0,3,0,8,1,5,50,14,8,1,4,4,5,7,4,4,3,4,4,2,17,42,2,9,1,1,C03,7,4,1,10,2,12,,44,42,1,5,1,C03,120.672856,24.147293,2
2022,7,14,7,38,臺中市,南屯區,0,2,0,8,1,5,50,4,1,1,5,4,5,7,1,1,10,5,5,2,16,6,2,9,1,4,C03,7,5,1,10,2,12,,6,6,1,22,8,C03,120.65306,24.132343,2
2022,7,14,7,40,臺中市,霧峰區,0,0,0,8,,,40,,,,,,,,,,,,,,,23,,,,,B03,,,1,,2,,,23,,1,3,,B03,120.664978,24.060136,3
2022,7,14,8,0,臺中市,潭子區,0,0,0,8,,,50,,,,,,,,,,,,,,,23,,,,,G03,,,1,,2,,,23,,1,22,,G03,120.703747,24.211757,3
2022,7,14,8,0,臺中市,潭子區,0,0,0,8,,,50,,,,,,,,,,,,,,,8,,,,,B03,,,1,,2,,,8,,1,22,,B03,120.702971,24.227041,3
2022,7,14,8,0,臺中市,太平區,0,0,0,8,,,40,,,,,,,,,,,,,,,23,,,,,C03,,,1,,2,,,23,,1,22,,C03,120.728958,24.102861,3
2022,7,14,8,1,臺中市,大里區,0,1,0,8,1,5,30,14,9,1,5,4,5,7,4,4,10,5,5,2,13,16,3,10,1,1,C03,7,9,1,10,2,11,,16,16,1,5,8,C03,120.653455,24.090056,2
2022,7,14,8,5,臺中市,神岡區,0,0,0,8,,,50,,,,,,,,,,,,,,,17,,,,,B12,,,1,,1,,,17,,1,12,,B12,120.698032,24.248941,4
2022,7,14,8,7,臺中市,北區,0,0,0,8,,,50,,,,,,,,,,,,,,,23,,,,,B03,,,1,,2,,,23,,1,21,,B03,120.681312,24.161726,3
2022,7,14,8,10,臺中市,后里區,0,1,0,8,1,5,30,4,1,1,5,4,5,7,4,4,10,5,5,2,17,6,3,10,1,1,B03,7,9,1,14,2,8,,6,6,1,22,1,B03,120.715849,24.308528,2
2022,7,14,8,11,臺中市,神岡區,0,0,0,8,,,30,,,,,,,,,,,,,,,10,,,,,A12,,,1,,1,,,10,,1,22,,A12,120.694658,24.249063,3
2022,7,14,8,24,臺中市,南屯區,0,0,0,,,,50,,,,,,,,,,,,,,,12,,,,,B12,,,1,,1,,,12,,1,22,,B12,120.632834,24.159622,3
2022,7,14,8,24,臺中市,梧棲區,0,2,0,8,1,5,50,4,2,1,5,4,5,7,1,1,10,5,5,1,16,6,3,10,1,1,B12,7,6,1,8,2,2,,6,6,1,9,8,B12,120.528162,24.221814,2
2022,7,14,8,25,臺中市,清水區,0,0,0,,,,50,,,,,,,,,,,,,,,12,,,,,B12,,,1,,2,,,12,,1,5,,B12,120.540305,24.289105,3
2022,7,14,8,26,臺中市,東區,0,0,0,8,,,50,,,,,,,,,,,,,,,19,,,,,B03,,,1,,2,,,19,,1,22,,B03,120.698977,24.129774,3
2022,7,14,8,31,臺中市,潭子區,0,0,0,8,,,50,,,,,,,,,,,,,,,23,,,,,A12,,,1,,2,,,23,,1,22,,A12,120.72272,24.197839,3
2022,7,14,8,32,臺中市,大雅區,0,0,0,8,,,50,,,,,,,,,,,,,,,23,,,,,B11,,,1,,2,,,23,,1,22,,B11,120.628047,24.242258,3
2022,7,14,8,35,臺中市,大雅區,0,1,0,8,1,5,50,3,1,1,5,4,5,7,1,1,10,5,5,2,16,8,2,9,1,1,C03,7,5,1,10,2,13,,8,8,1,22,9,C03,120.670866,24.215843,2
2022,7,14,8,37,臺中市,北區,0,1,0,8,1,5,50,14,9,1,5,4,5,7,1,1,3,4,5,2,13,23,2,9,3,4,C03,7,9,1,10,2,11,,23,23,1,5,8,C03,120.67231,24.170035,2
2022,7,14,8,42,臺中市,北區,0,1,0,8,1,5,40,4,1,1,5,4,5,7,2,1,1,4,3,2,13,16,2,9,1,1,C03,7,9,1,10,2,11,,16,16,1,22,8,C03,120.665554,24.153803,2
2022,7,14,8,47,臺中市,南屯區,0,0,0,8,,,50,,,,,,,,,,,,,,,12,,,,,B03,,,1,,1,,,12,,1,22,,B03,120.625703,24.14901,3
2022,7,14,8,48,臺中市,東區,0,0,0,8,,,40,,,,,,,,,,,,,,,23,,,,,B03,,,1,8,2,,,23,23,1,21,,B03,120.702039,24.144462,3
2022,7,14,8,50,臺中市,清水區,0,0,0,8,,,50,,,,,,,,,,,,,,,6,,,,,B11,,,1,,2,,,6,,1,21,,B11,120.551607,24.262914,3
2022,7,14,8,55,臺中市,南屯區,0,2,0,8,1,5,50,4,1,1,5,4,5,7,1,1,5,4,4,2,17,9,3,10,1,1,B03,7,6,1,8,2,2,,9,9,1,22,9,B03,120.643846,24.1488,2
2022,7,14,8,59,臺中市,南區,0,1,0,8,1,5,50,14,9,1,5,4,5,7,4,4,5,4,5,2,17,10,3,10,1,1,B03,7,11,1,8,2,8,,10,10,1,22,9,B03,120.660563,24.116091,2
2022,7,14,9,0,臺中市,大里區,0,1,0,8,1,5,30,14,9,1,5,4,5,7,4,4,10,5,5,2,17,23,3,10,1,1,B03,7,9,1,8,2,2,,23,23,1,5,3,B03,120.68631,24.114803,2
2022,7,14,9,8,臺中市,梧棲區,0,1,0,8,1,5,40,3,1,1,5,4,5,7,3,3,10,5,5,2,16,26,3,10,1,1,B03,7,6,1,8,2,2,,26,26,1,5,8,B03,120.524698,24.22581,2
2022,7,14,9,16,臺中市,西屯區,0,2,0,8,1,5,80,14,9,1,5,4,5,7,4,4,1,5,5,2,13,42,2,7,1,1,B11,7,9,1,3,2,1,,42,42,1,22,8,B11,120.628223,24.162077,2
2022,7,14,9,24,臺中市,南屯區,0,0,0,8,,,40,,,,,,,,,,,,,,,7,,,,,B03,,,1,,1,,,7,,1,22,,B03,120.608595,24.150959,3
2022,7,14,9,31,臺中市,南屯區,0,1,0,8,1,5,30,4,1,1,5,4,5,7,4,4,10,5,5,2,15,6,2,9,1,1,C03,7,9,1,10,2,12,,6,6,1,22,8,C03,120.637173,24.139764,2
2022,7,14,9,34,臺中市,大雅區,0,1,0,8,1,5,50,3,1,1,5,4,5,7,1,1,10,5,5,2,16,42,2,9,1,1,C03,7,5,1,10,2,12,,42,42,1,22,9,C03,120.647864,24.215923,2
2022,7,14,9,42,臺中市,西屯區,0,1,0,8,1,5,50,3,2,1,5,4,5,7,2,1,8,3,4,1,12,6,3,10,1,1,B03,7,6,1,8,2,6,,6,6,1,22,8,B03,120.61874,24.187802,2
2022,7,14,9,50,臺中市,南區,0,2,0,8,1,5,50,4,1,1,5,4,5,7,1,1,10,5,5,2,13,16,2,9,1,1,C03,7,9,1,10,2,11,,16,16,1,5,8,C03,120.673378,24.13043,2
2022,7,14,10,1,臺中市,南區,0,0,0,8,,,50,,,,,,,,,,,,,,,23,,,,,B03,,,1,,2,,,23,,1,22,,B03,120.684288,24.128844,3
2022,7,14,10,6,臺中市,大甲區,0,0,0,8,1,5,50,14,9,1,5,4,5,2,4,4,10,3,5,1,14,12,3,10,1,1,B12,7,2,1,14,2,7,,12,19,1,4,3,B12,120.634377,24.344495,3
2022,7,14,10,13,臺中市,潭子區,0,1,0,8,1,5,50,11,9,1,5,4,5,1,4,4,5,4,5,1,13,23,2,9,1,1,C03,7,9,1,10,2,11,,23,23,1,22,8,C03,120.701514,24.223046,2
2022,7,14,10,23,臺中市,南區,0,0,0,8,1,5,50,14,9,1,5,4,5,7,4,4,5,5,5,2,17,23,3,10,1,1,B12,7,8,1,8,2,6,,23,23,1,10,8,B12,120.677501,24.124591,3
2022,7,14,10,24,臺中市,西屯區,0,1,0,8,1,5,50,4,1,1,5,4,5,7,1,1,10,5,5,2,15,25,3,10,1,1,B03,7,9,1,8,2,4,,25,25,1,22,8,B03,120.642895,24.197545,2