年,月,日,時,分,縣市,區,死,受傷,2-30,天候,光線,道路類別,速限,道路型態,事故位置,路面鋪裝,路面狀態,路面缺陷,障礙物,視距,號誌種類,號誌動作,分向設施,快車道或一般車道間,快慢車道間,路面邊線,事故類型及型態,主要肇因,受傷程度,主要傷處,保護裝備,行動電話,當事者區分,車輛用途,當事者行動狀態,駕駛資格情形,駕駛執照種類,飲酒情形,車輛撞擊部位最初,車輛撞擊部位其他,肇事因素個別,肇事因素主要,肇事逃逸,職業,旅次目的,車種,GPS緯度,GPS經度,事故類別
2022,7,14,20,18,臺中市,神岡區,0,0,0,8,,,40,,,,,,,,,,,,,,,17,,,,,B03,,,1,,2,,,17,,1,22,,B03,120.667457,24.273547,4
2022,7,14,20,20,臺中市,大雅區,0,2,0,8,3,5,50,4,8,1,5,4,5,7,1,1,9,4,4,1,17,6,2,8,1,1,C03,7,5,1,10,2,11,,6,6,1,22,9,C03,120.644354,24.209369,2
2022,7,14,20,23,臺中市,南屯區,0,1,0,8,3,5,50,3,1,1,5,4,5,7,4,4,5,5,5,2,16,10,3,10,1,1,B03,7,11,1,8,2,6,,10,10,1,22,8,B03,120.613183,24.140417,2
2022,7,14,20,30,臺中市,西屯區,0,2,0,8,3,5,30,14,9,1,5,4,5,7,4,4,10,5,5,2,16,1,2,9,1,1,C03,7,4,1,10,2,12,,1,44,1,4,8,C03,120.593913,24.196347,2
2022,7,14,20,41,臺中市,南區,0,0,0,8,,,30,,,,,,,,,,,,,,,23,,,,,C03,,,1,10,11,,,38,23,1,5,,C03,120.67642,24.129226,3
2022,7,14,20,41,臺中市,大肚區,0,0,0,8,,,50,,,,,,,,,,,,,,,23,,,,,C03,,,1,,2,,,23,,1,2,,C03,120.54441,24.151069,3
2022,7,14,20,51,臺中市,西屯區,0,1,0,8,3,5,50,4,1,1,5,4,5,7,2,1,10,5,5,2,17,23,2,9,3,4,C03,7,9,3,18,2,15,,23,23,1,22,8,C03,120.625043,24.18161,2
2022,7,14,20,58,臺中市,南區,0,0,0,,,,50,,,,,,,,,,,,,,,42,,,,,B03,,,1,,1,,,42,,1,5,,B03,120.665925,24.116858,3
2022,7,14,21,20,臺中市,南屯區,0,1,0,8,3,5,40,4,8,1,5,4,5,7,1,1,1,2,4,2,17,23,2,8,1,1,C03,7,9,1,10,2,15,,23,23,1,22,9,C03,120.643055,24.150833,2
2022,7,14,21,21,臺中市,神岡區,0,1,0,8,1,5,30,11,9,1,5,4,5,7,4,4,10,5,5,2,13,16,2,9,3,4,C03,7,9,1,10,2,11,,16,16,1,22,6,C03,120.690779,24.2564,2
2022,7,14,21,41,臺中市,西屯區,0,1,0,8,3,5,50,3,9,1,5,4,5,7,4,4,5,4,5,2,13,23,2,9,3,4,C03,7,9,1,10,1,11,,23,23,1,22,8,C03,120.645288,24.176615,2
2022,7,14,21,50,臺中市,南屯區,0,1,0,8,3,5,50,14,7,1,5,4,5,7,4,4,1,4,4,2,12,7,2,8,1,1,C03,7,7,1,10,2,13,,7,7,1,22,9,C03,120.627439,24.145167,2
2022,7,14,22,9,臺中市,太平區,0,2,0,8,1,5,50,4,1,1,5,4,5,7,2,1,10,5,5,2,16,8,2,9,1,1,C03,7,5,3,18,2,14,,8,8,1,18,7,C03,120.734193,24.148353,2
2022,7,14,22,20,臺中市,北區,0,2,0,8,3,5,50,3,2,1,5,4,5,7,4,4,5,4,4,1,16,8,2,7,3,4,C03,7,5,1,10,2,12,,8,8,1,22,9,C03,120.667038,24.159221,2
2022,7,14,22,40,臺中市,中區,0,1,0,8,3,5,50,4,9,1,5,4,5,7,4,4,5,4,5,2,16,8,2,9,1,1,C03,7,5,1,10,2,13,,8,8,1,4,8,C03,120.677133,24.144552,2
2022,7,14,23,9,臺中市,南區,0,1,0,8,3,5,40,4,1,1,5,4,5,7,3,1,10,5,5,2,16,26,3,10,1,1,C03,7,5,1,10,2,14,,26,26,1,5,8,C03,120.671932,24.129769,2
2022,7,14,23,26,臺中市,龍井區,0,0,0,8,,,50,,,,,,,,,,,,,,,9,,,,,B03,,,1,,2,,,9,,1,18,,B03,120.585875,24.186476,3
2022,7,14,23,47,臺中市,東區,0,0,0,8,,,30,,,,,,,,,,,,,,,23,,,,,B03,,,6,8,11,,,23,23,2,5,,B03,120.700536,24.13426,3
2022,7,15,0,16,臺中市,北屯區,0,0,0,8,,,50,,,,,,,,,,,,,,,12,,,,,B03,,,1,,2,,,12,,1,21,,B03,120.687551,24.171204,3
2022,7,15,1,39,臺中市,東區,0,1,0,8,3,5,50,14,7,1,5,3,5,7,4,4,5,4,4,2,16,26,3,10,1,1,B03,7,11,1,8,2,2,,26,26,1,22,8,B03,120.705575,24.137311,2
2022,7,15,5,0,臺中市,大甲區,0,0,0,8,3,5,50,3,2,1,5,4,5,7,3,1,5,5,5,1,16,23,3,10,1,1,A11,7,5,6,18,5,4,,23,23,1,20,8,A11,120.626781,24.345419,3
2022,7,15,6,23,臺中市,潭子區,0,1,0,8,2,5,50,4,2,1,5,4,5,7,1,1,5,4,4,2,16,25,2,9,1,1,C03,7,5,6,18,2,12,,25,25,1,22,8,C03,120.703197,24.207223,2
2022,7,15,7,30,臺中市,潭子區,0,1,0,8,1,5,30,11,9,1,5,4,5,7,4,4,10,4,5,2,12,5,2,8,1,1,C03,7,9,1,10,2,11,,5,5,1,22,8,C03,120.710996,24.216476,2
2022,7,15,7,31,臺中市,太平區,0,1,0,8,1,5,50,14,9,1,5,4,5,7,4,4,5,5,5,1,16,26,2,8,1,1,C03,7,11,1,10,2,11,,26,26,1,5,8,C03,120.722153,24.13504,2
2022,7,15,7,34,臺中市,大里區,0,1,0,8,1,5,30,3,1,1,5,4,5,7,4,4,10,5,5,2,17,23,2,9,1,1,C03,7,9,1,10,2,15,,23,23,1,3,8,C03,120.695323,24.081563,2
2022,7,15,7,39,臺中市,龍井區,0,1,0,8,1,5,30,3,1,1,5,4,5,7,4,4,10,5,5,2,16,8,2,9,1,1,C03,7,5,1,10,2,11,,8,6,1,22,8,C03,120.588454,24.178263,2
2022,7,15,7,39,臺中市,東勢區,0,1,0,8,1,5,70,14,9,1,5,4,5,7,4,4,1,5,5,1,12,7,3,10,3,4,B03,7,8,1,8,2,15,,7,7,1,22,8,B03,120.820708,24.261216,2
2022,7,15,7,48,臺中市,龍井區,0,2,0,8,1,5,70,14,7,1,5,4,5,7,4,4,1,4,1,1,13,16,3,10,1,1,B03,7,9,1,8,2,1,,16,16,1,22,8,B03,120.587137,24.185741,2
2022,7,15,7,50,臺中市,潭子區,0,0,0,8,,,50,,,,,,,,,,,,,,,26,,,,,C03,,,1,,2,,,26,,1,22,,C03,120.69538,24.194225,3
2022,7,15,7,55,臺中市,梧棲區,0,2,0,8,1,5,70,3,1,1,5,4,5,7,1,1,10,5,5,1,16,25,2,9,3,4,B03,7,5,1,8,2,5,,25,25,1,22,8,B03,120.547314,24.233319,2
2022,7,15,7,56,臺中市,神岡區,0,1,0,8,1,5,30,3,2,1,5,4,5,7,4,4,10,5,5,1,16,27,2,9,3,4,C03,7,5,1,10,2,11,,27,27,1,22,9,C03,120.707881,24.269706,2
2022,7,15,7,59,臺中市,豐原區,0,1,0,8,1,5,30,3,1,1,5,4,5,7,4,4,10,5,5,2,12,1,3,10,1,1,C03,7,4,1,10,2,12,,1,1,1,22,8,C03,120.70033,24.239536,2
2022,7,15,8,0,臺中市,南區,0,1,0,8,1,5,50,4,1,1,5,4,5,7,1,1,10,5,5,2,16,6,3,10,1,1,B03,7,6,1,8,2,5,,6,6,1,5,8,B03,120.675166,24.126474,2
2022,7,15,8,4,臺中市,西屯區,0,0,0,8,,,50,,,,,,,,,,,,,,,7,,,,,A31,,,1,,2,,,7,,1,22,,A31,120.619537,24.169023,3
2022,7,15,8,7,臺中市,潭子區,0,2,0,8,1,5,50,3,2,1,5,4,5,7,1,1,3,4,4,1,12,23,2,9,1,1,C03,7,7,1,10,2,13,,7,23,1,22,8,C03,120.68646,24.216165,2
2022,7,15,8,8,臺中市,東區,0,2,0,8,1,5,50,4,1,1,5,4,5,7,4,4,10,5,5,2,15,6,2,9,1,1,C03,7,9,1,8,2,12,,6,6,1,21,8,C03,120.693159,24.142977,2
2022,7,15,8,10,臺中市,東勢區,0,0,0,8,,,50,,,,,,,,,,,,,,,43,,,,,,,,,,,,,43,,1,,,,120.826948,24.259408,3
2022,7,15,8,19,臺中市,太平區,0,0,0,8,,,50,,,,,,,,,,,,,,,23,,,,,B03,,,1,,2,,,23,23,1,19,,B03,120.728687,24.150149,3
2022,7,15,8,36,臺中市,大里區,0,1,0,8,1,5,50,14,9,1,5,4,5,7,4,4,5,4,5,1,16,7,3,10,1,1,C03,7,8,1,10,2,13,,7,7,1,5,8,C03,120.68841,24.102146,2
2022,7,15,8,43,臺中市,梧棲區,0,2,0,8,1,5,30,4,1,1,5,4,5,7,4,4,10,5,5,2,15,6,2,9,1,1,C03,7,9,1,10,2,12,,6,6,1,19,8,C03,120.538819,24.231084,2
2022,7,15,8,46,臺中市,東區,0,1,0,8,1,5,50,4,1,1,5,4,5,7,2,1,5,5,5,2,16,9,3,10,1,1,B03,7,6,1,8,2,2,,9,9,1,3,5,B03,120.685066,24.12957,2
2022,7,15,8,51,臺中市,西區,0,2,0,8,1,5,50,4,2,1,5,4,5,7,4,4,5,4,5,2,12,7,2,9,1,1,C03,7,8,1,10,2,12,,7,7,1,21,8,C03,120.659544,24.146687,2
2022,7,15,8,53,臺中市,神岡區,0,1,0,7,1,5,30,3,1,1,5,4,5,7,4,4,10,5,5,2,16,6,2,8,1,1,C03,7,5,1,10,2,11,,6,6,1,22,8,C03,120.699161,24.248683,2
2022,7,15,8,54,臺中市,北屯區,0,1,0,8,1,5,50,4,1,1,5,4,5,7,1,1,10,5,5,1,16,7,3,10,1,1,B03,7,10,1,8,2,6,,7,7,1,19,8,B03,120.709636,24.174651,2
2022,7,15,8,57,臺中市,西屯區,0,0,0,8,,,30,,,,,,,,,,,,,,,23,,,,,B03,,,1,,2,,,23,,1,21,,B03,120.658151,24.164856,3
2022,7,15,9,0,臺中市,中區,0,2,0,8,1,5,50,4,1,1,5,4,5,7,1,1,10,5,5,2,13,23,2,9,1,1,C03,7,9,1,10,2,14,,23,23,1,5,7,C03,120.679547,24.142469,2
2022,7,15,9,9,臺中市,北屯區,0,0,0,8,,,50,,,,,,,,,,,,,,,23,,,,,B03,,,1,,1,,,23,,1,21,,B03,120.674428,24.17412,3
2022,7,15,9,13,臺中市,西屯區,0,1,0,8,1,5,50,3,1,1,5,4,5,7,2,1,10,5,5,2,13,42,3,10,1,1,B03,7,9,1,8,2,1,,42,42,1,22,8,B03,120.61874,24.187802,2
2022,7,15,9,18,臺中市,北區,0,1,0,8,1,5,30,4,1,1,5,4,5,7,4,4,10,5,2,2,15,6,2,9,1,1,C03,7,9,1,2,2,12,,6,6,1,22,8,C03,120.683587,24.146757,2
2022,7,15,9,28,臺中市,霧峰區,0,0,0,8,,,70,,,,,,,,,,,,,,,16,,,,,B12,,,1,,2,,,16,,1,12,,B12,120.662511,24.072373,3
2022,7,15,9,31,臺中市,新社區,0,0,0,8,,,50,,,,,,,,,,,,,,,26,,,,,B03,,,1,,2,,,26,,1,22,,B03,120.834976,24.169726,3
2022,7,15,10,8,臺中市,西屯區,0,3,0,8,1,5,50,4,1,1,5,4,5,7,2,1,1,2,5,2,16,25,2,9,3,4,C03,7,9,1,10,2,12,,25,25,1,22,8,C03,120.646091,24.170475,2
2022,7,15,10,12,臺中市,北區,0,0,0,,,,50,,,,,,,,,,,,,,,33,,,,,C03,,,1,,2,,,33,,1,5,,C03,120.669904,24.159025,3
2022,7,15,10,13,臺中市,大雅區,0,2,0,8,1,5,50,4,1,1,5,4,5,7,1,1,10,5,5,2,17,16,2,8,1,1,C03,7,9,1,10,2,12,,16,16,1,22,8,C03,120.646704,24.226073,2
2022,7,15,10,16,臺中市,大里區,0,0,0,,,,30,,,,,,,,,,,,,,,23,,,,,C03,,,1,,2,,,23,,1,20,,C03,120.70399,24.091089,3
2022,7,15,10,20,臺中市,大雅區,0,1,0,8,1,5,50,4,1,1,5,4,5,7,4,4,10,5,5,1,15,19,3,10,1,4,B12,7,1,1,6,2,1,,19,19,1,22,9,B12,120.639601,24.214664,2
2022,7,15,10,22,臺中市,清水區,0,0,0,8,,,50,,,,,,,,,,,,,,,42,,,,,B03,,,1,,2,,,42,,1,21,,B03,120.569387,24.261639,3
2022,7,15,10,28,臺中市,西屯區,0,0,0,8,,,,,,,,,,,,,,,,,,67,,,,,,,,,,,,,67,,1,,,,120.660645,24.163836,3
2022,7,15,10,35,臺中市,大甲區,0,0,0,8,1,5,40,13,9,1,5,4,5,7,4,4,10,5,5,2,14,12,3,10,3,4,B12,7,2,1,8,1,7,,12,12,1,9,1,B12,120.646552,24.395937,3
2022,7,15,10,48,臺中市,西區,0,1,0,8,1,5,50,3,1,1,5,4,5,7,1,1,10,5,5,2,3,23,3,10,3,4,B12,7,5,1,8,2,1,,23,23,1,21,8,B12,120.658596,24.155384,2
2022,7,15,10,58,臺中市,西屯區,0,1,0,8,1,5,50,3,1,1,5,4,5,7,4,4,10,5,5,2,17,6,3,10,1,1,B03,7,5,1,8,2,15,,6,6,1,22,8,B03,120.646513,24.165051,2
2022,7,15,11,0,臺中市,北區,0,1,0,8,1,5,50,4,1,1,5,4,5,7,1,1,1,2,5,2,16,6,3,10,1,1,B03,7,5,1,8,2,8,,6,6,1,21,8,B03,120.682416,24.145861,2
2022,7,15,11,0,臺中市,太平區,0,1,0,8,1,5,30,3,1,1,5,4,5,7,4,4,10,5,5,2,15,6,2,9,1,1,C03,7,9,1,10,1,12,,6,6,1,21,8,C03,120.715942,24.123806,2
2022,7,15,11,0,臺中市,清水區,0,0,0,8,,,30,,,,,,,,,,,,,,,23,,,,,C03,,,1,,2,,,23,,1,22,,C03,120.570048,24.277135,3
2022,7,15,11,1,臺中市,大雅區,0,1,0,8,1,5,50,4,1,1,5,4,5,7,1,1,10,5,5,2,17,16,2,8,1,1,C03,7,9,1,10,2,14,,16,16,1,22,8,C03,120.64733,24.229279,2
2022,7,15,11,3,臺中市,東勢區,0,1,0,8,1,5,50,4,9,1,5,4,5,7,3,1,5,4,5,1,18,14,2,9,1,1,C03,7,9,1,10,2,12,,14,14,1,22,9,C03,120.826193,24.258126,2
2022,7,15,11,4,臺中市,太平區,0,0,0,8,,,50,,,,,,,,,,,,,,,42,,,,,B12,,,1,,9,,,42,42,1,21,,B12,120.725301,24.134232,3
2022,7,15,11,15,臺中市,西屯區,0,0,0,8,,,30,,,,,,,,,,,,,,,23,,,,,B03,,,1,,2,,,23,,1,22,,B03,120.641492,24.167562,3
2022,7,15,11,16,臺中市,太平區,0,1,0,8,1,5,50,4,2,1,5,4,5,7,1,1,10,5,5,2,16,6,3,10,1,1,B12,7,6,1,8,2,2,,6,6,1,5,8,B12,120.722725,24.142583,2
2022,7,15,11,23,臺中市,西區,0,1,0,8,1,5,50,4,1,1,5,4,5,7,4,4,10,5,5,2,15,6,2,9,1,1,C03,7,9,1,10,2,11,,6,6,1,4,7,C03,120.659813,24.155466,2
2022,7,15,11,24,臺中市,北區,0,1,0,8,1,5,50,4,1,1,5,4,5,7,1,1,10,5,5,2,16,25,3,10,3,4,B03,7,9,1,8,2,2,,25,25,1,5,8,B03,120.677536,24.150592,2
2022,7,15,11,27,臺中市,大雅區,0,0,0,8,,,50,,,,,,,,,,,,,,,10,,,,,C03,,,1,,2,,,10,,1,22,,C03,120.645263,24.225553,3
2022,7,15,11,31,臺中市,神岡區,0,0,0,8,,,30,,,,,,,,,,,,,,,67,,,,,,,,,,,,,67,,1,,,,120.687812,24.261802,4
2022,7,15,11,33,臺中市,北區,0,1,0,8,1,5,50,14,7,1,5,4,5,7,4,4,1,4,4,2,29,67,,,,,,,,,,,,,67,67,1,,,,120.67218,24.173869,2
2022,7,15,11,40,臺中市,大雅區,0,2,0,8,1,5,50,4,1,1,5,4,5,7,1,1,9,4,5,1,17,23,2,8,1,1,C03,7,9,1,10,2,13,,23,23,1,22,9,C03,120.646522,24.225099,2
2022,7,15,12,15,臺中市,西屯區,0,1,0,8,1,5,50,14,9,1,5,4,5,7,4,4,5,4,5,2,12,40,3,10,3,4,B02,7,15,1,8,2,4,,40,40,1,22,8,B02,120.614233,24.17532,2
2022,7,15,12,15,臺中市,龍井區,0,1,0,8,1,5,30,3,1,1,5,4,5,7,4,4,10,5,5,2,16,19,3,10,1,1,C03,7,1,1,10,2,11,,19,19,1,22,8,C03,120.578994,24.175112,2
2022,7,15,12,18,臺中市,北區,0,1,0,8,1,5,50,4,1,1,5,4,5,7,4,4,5,5,4,2,16,6,3,10,1,1,B03,7,5,1,8,2,7,,6,6,1,21,8,B03,120.66988,24.161009,2
2022,7,15,12,20,臺中市,西區,0,1,0,8,1,5,50,4,1,1,5,4,5,7,1,1,1,5,1,2,16,26,3,10,3,4,B03,7,6,1,8,2,2,,26,26,1,21,8,B03,120.666929,24.153199,2
2022,7,15,12,23,臺中市,南屯區,0,0,0,8,,,50,,,,,,,,,,,,,,,23,,,,,B03,,,1,,2,,,23,,1,22,,B03,120.611742,24.135845,3
2022,7,15,12,30,臺中市,太平區,0,0,0,8,,,,,,,,,,,,,,,,,,67,,,,,,,,,,,,,67,,1,,,,120.70605,24.117108,3
2022,7,15,12,44,臺中市,北區,0,0,0,,,,50,,,,,,,,,,,,,,,23,,,,,B03,,,1,,2,,,23,,1,5,,B03,120.675551,24.166563,3
2022,7,15,12,46,臺中市,南屯區,0,0,0,,,,50,,,,,,,,,,,,,,,23,,,,,B03,,,1,,1,,,23,,1,22,,B03,120.648853,24.130592,3
2022,7,15,12,46,臺中市,西屯區,0,0,0,8,,,40,,,,,,,,,,,,,,,7,,,,,B03,,,1,,2,,,7,,1,22,,B03,120.629864,24.183313,3
2022,7,15,12,50,臺中市,北區,0,1,0,6,1,5,50,14,7,1,4,4,5,7,4,4,1,4,5,2,18,23,2,9,1,1,C03,7,9,1,10,2,14,,23,23,1,22,8,C03,120.677842,24.151579,2
2022,7,15,12,54,臺中市,西區,0,0,0,8,1,5,50,3,2,1,5,4,5,7,4,4,10,5,5,2,17,23,,,,,B03,,,1,,1,,,23,,1,4,,B03,120.662544,24.160197,3
2022,7,15,12,59,臺中市,梧棲區,0,0,0,8,,,50,,,,,,,,,,,,,,,43,,,,,B03,,,1,,2,,,43,,1,19,,B03,120.530094,24.253785,3
2022,7,15,13,0,臺中市,清水區,0,0,0,8,,,50,,,,,,,,,,,,,,,23,,,,,B03,,,1,,2,,,23,,1,21,,B03,120.558022,24.272398,3
2022,7,15,13,10,臺中市,北區,0,1,0,8,1,5,50,3,1,1,5,4,5,7,1,1,1,4,4,2,18,23,2,9,1,1,C03,7,9,1,9,2,12,,23,23,1,21,8,C03,120.666058,24.162971,2
2022,7,15,13,15,臺中市,西區,0,0,0,6,,,50,,,,,,,,,,,,,,,17,,,,,C03,,,3,,11,,,17,,2,22,,C03,120.665067,24.144299,3
2022,7,15,13,16,臺中市,西區,0,1,0,8,1,5,50,4,1,1,5,4,5,7,4,4,10,5,5,2,15,6,3,10,1,1,B03,7,9,1,8,2,2,,6,6,1,5,7,B03,120.659813,24.155466,2
2022,7,15,13,17,臺中市,北區,0,1,0,8,1,5,50,5,1,1,5,4,5,7,1,1,10,5,5,2,12,26,3,10,3,4,B03,7,9,1,8,2,5,,26,26,1,5,8,B03,120.686252,24.15482,2
2022,7,15,13,21,臺中市,北區,0,0,0,8,,,50,,,,,,,,,,,,,,,23,,,,,C03,,,1,,1,,,23,,1,22,,C03,120.684657,24.163151,3
2022,7,15,13,21,臺中市,大里區,0,1,0,6,1,5,30,15,9,1,4,4,5,7,4,4,10,5,5,2,9,12,3,10,1,1,B12,7,2,1,8,2,3,,12,12,1,22,8,B12,120.687257,24.072779,2
2022,7,15,13,27,臺中市,西屯區,0,3,0,8,1,5,50,3,9,1,5,4,5,7,1,1,1,2,5,2,17,23,2,9,3,4,C03,7,9,2,18,2,11,,23,23,1,22,8,C03,120.651985,24.183426,2
2022,7,15,13,47,臺中市,西區,0,0,0,8,1,5,50,14,9,1,5,4,5,7,4,4,5,5,5,2,12,19,,,,,B03,,,1,,1,,,19,,1,21,,B03,120.662803,24.155941,3
2022,7,15,13,48,臺中市,大里區,0,0,0,6,,,50,,,,,,,,,,,,,,,1,,,,,B03,,,1,,3,,,1,,1,22,,B03,120.701928,24.103125,3
2022,7,15,13,54,臺中市,西區,0,1,0,7,1,5,50,14,9,1,5,4,5,7,4,4,9,4,5,2,13,23,2,8,1,1,C03,7,9,1,10,2,11,,23,23,1,10,4,C03,120.653457,24.148792,2
2022,7,15,13,55,臺中市,西屯區,0,1,0,8,1,5,50,14,9,1,5,4,5,7,4,4,5,4,5,2,29,42,2,9,1,1,C03,7,9,1,10,1,14,,42,42,1,21,8,C03,120.64505,24.18154,2
2022,7,15,13,55,臺中市,西屯區,0,0,0,8,,,30,,,,,,,,,,,,,,,12,,,,,B12,,,1,,1,,,12,,1,22,,B12,120.629135,24.203663,3
2022,7,15,13,56,臺中市,北區,0,1,0,8,1,5,50,3,1,1,5,4,5,7,4,4,5,4,5,2,16,6,2,9,1,1,F01,7,6,8,20,2,16,,6,6,1,21,8,F01,120.688513,24.152342,2
2022,7,15,14,4,臺中市,梧棲區,0,1,0,8,1,5,50,4,1,1,5,4,5,7,3,1,10,5,5,2,16,26,3,10,1,1,B03,7,6,1,8,2,5,,26,26,1,20,8,B03,120.526565,24.222793,2
2022,7,15,14,10,臺中市,大雅區,0,0,0,8,,,30,,,,,,,,,,,,,,,23,,,,,B03,,,1,,2,,,23,,1,22,,B03,120.627927,24.240456,3
2022,7,15,14,11,臺中市,北屯區,0,0,0,8,,,40,,,,,,,,,,,,,,,16,,,,,C03,,,1,,1,,,16,,1,21,,C03,120.68564,24.174265,3
2022,7,15,14,24,臺中市,南屯區,0,0,0,6,1,5,30,14,9,1,4,4,5,7,4,4,10,5,5,2,12,23,3,10,1,3,B03,7,9,1,8,11,2,5,23,23,2,1,8,B03,120.63895,24.150483,3
2022,7,15,14,28,臺中市,西屯區,0,1,0,6,1,5,50,4,1,1,4,4,5,7,2,1,10,5,5,2,16,10,3,10,1,1,B03,7,11,1,8,2,4,,10,10,1,22,8,B03,120.635286,24.166546,2
2022,7,15,14,39,臺中市,東區,0,0,0,6,1,5,50,3,1,1,5,4,5,7,4,4,1,4,5,2,13,23,3,10,1,1,A21,1,9,1,1,2,1,,23,23,1,10,8,A21,120.693856,24.133459,3
2022,7,15,14,45,臺中市,大雅區,0,0,0,6,,,30,,,,,,,,,,,,,,,12,,,,,B11,,,1,,2,,,12,,1,22,,B11,120.620283,24.225058,3
2022,7,15,14,48,臺中市,龍井區,0,1,0,6,1,5,30,3,2,1,4,4,5,7,4,4,10,5,5,2,11,6,2,8,1,1,C03,7,6,1,10,2,11,,6,6,1,22,8,C03,120.58858,24.182954,2
2022,7,15,14,52,臺中市,太平區,0,0,0,6,,,30,,,,,,,,,,,,,,,12,,,,,B03,,,1,,2,,,12,,1,5,,B03,120.730407,24.11268,3
2022,7,15,14,54,臺中市,西區,0,1,0,6,1,5,40,14,8,1,4,4,5,7,4,4,1,4,1,2,17,43,,,,,,,,,,,,,43,43,2,,,,120.661587,24.155869,2
2022,7,15,14,57,臺中市,西區,0,0,0,6,1,5,50,4,1,1,4,4,5,7,1,1,5,5,5,2,12,40,,,,,B12,,,1,,1,,,40,,1,10,,B12,120.662872,24.146686,3
2022,7,15,15,1,臺中市,太平區,0,1,0,6,1,5,50,4,2,1,4,4,5,7,1,1,5,5,5,2,16,25,2,9,1,1,C03,7,5,1,10,2,11,,25,25,1,21,8,C03,120.719142,24.11584,2
2022,7,15,15,2,臺中市,沙鹿區,0,1,0,6,1,5,40,3,1,1,4,4,5,7,1,1,10,5,5,2,16,25,2,9,1,1,C03,7,9,1,10,2,14,,25,25,1,21,8,C03,120.580127,24.21912,2
2022,7,15,15,8,臺中市,東區,0,1,0,6,1,5,50,4,2,1,4,4,5,7,2,1,10,5,5,2,13,23,3,10,1,1,B03,7,9,1,7,7,1,,23,23,1,21,8,B03,120.698071,24.135184,2
2022,7,15,15,11,臺中市,南屯區,0,1,0,6,1,5,50,4,1,1,4,4,5,7,4,4,10,5,5,2,15,6,2,9,3,4,C03,7,9,6,18,2,11,,6,6,1,22,9,C03,120.611842,24.139629,2
2022,7,15,15,13,臺中市,北區,0,1,0,6,1,5,30,14,9,1,4,4,5,7,4,4,1,2,5,1,17,43,3,10,1,1,B12,7,9,1,8,2,5,,43,43,1,22,8,B12,120.667788,24.156981,2
2022,7,15,15,17,臺中市,西屯區,0,0,0,6,,,50,,,,,,,,,,,,,,,43,,,,,B12,,,1,,1,,,43,,1,22,,B12,120.658998,24.201106,3
2022,7,15,15,18,臺中市,大肚區,0,1,0,6,1,5,50,14,9,1,4,4,5,7,4,4,5,5,5,1,17,42,2,9,1,1,C03,7,9,1,10,2,11,,42,42,1,22,8,C03,120.580856,24.173084,2
2022,7,15,15,20,臺中市,北屯區,0,0,0,6,,,40,,,,,,,,,,,,,,,16,,,,,B03,,,1,8,1,,,16,16,1,21,,B03,120.720394,24.16467,3
2022,7,15,15,34,臺中市,大里區,0,0,0,8,,,40,,,,,,,,,,,,,,,16,,,,,B03,,,1,,2,,,16,,1,22,,B03,120.695566,24.109542,3
2022,7,15,15,42,臺中市,梧棲區,0,0,0,6,,,50,,,,,,,,,,,,,,,17,,,,,B03,,,1,,2,,,17,,1,5,,B03,120.531258,24.256519,4
2022,7,15,15,43,臺中市,南區,0,1,0,8,1,5,50,4,1,1,5,4,5,7,2,1,10,5,5,2,16,43,3,10,3,4,B12,7,5,1,8,2,15,,43,43,1,5,8,B12,120.683826,24.129483,2
2022,7,15,15,43,臺中市,大里區,0,0,0,6,,,30,,,,,,,,,,,,,,,12,,,,,B12,,,1,,11,,,12,12,2,4,,B12,120.733833,24.087438,3
2022,7,15,15,44,臺中市,北屯區,0,1,0,8,1,5,50,4,9,1,5,4,5,7,4,4,5,5,5,2,16,26,3,10,1,4,C03,7,5,1,9,2,14,,26,26,1,5,8,C03,120.696595,24.179718,2
2022,7,15,15,44,臺中市,西屯區,0,0,0,8,,,50,,,,,,,,,,,,,,,7,,,,,B03,,,1,,1,,,7,,1,22,,B03,120.64113,24.165516,3
2022,7,15,15,45,臺中市,大雅區,0,1,0,6,1,5,50,3,2,1,4,4,5,7,4,4,5,5,4,1,17,17,3,10,1,1,B12,7,9,1,8,9,6,,17,17,1,22,8,B12,120.635863,24.215556,2
2022,7,15,16,18,臺中市,神岡區,0,0,0,8,,,50,,,,,,,,,,,,,,,17,,,,,B03,,,1,,1,,,17,,1,22,,B03,120.65886,24.262837,4
2022,7,15,16,24,臺中市,南區,0,1,0,8,1,5,50,3,1,1,5,4,5,7,1,1,10,5,5,2,12,1,3,10,1,1,C03,7,4,1,10,2,14,,1,1,1,18,8,C03,120.657425,24.113175,2
2022,7,15,16,27,臺中市,西區,0,2,0,8,1,5,50,4,1,1,5,4,5,7,2,1,10,5,5,2,13,23,2,9,1,1,C03,7,9,1,10,2,11,,23,23,1,5,1,C03,120.676936,24.135079,2
2022,7,15,16,31,臺中市,西區,0,0,0,8,1,5,50,4,1,1,5,4,5,7,1,1,1,5,5,2,13,16,,,,,B12,,,1,,1,,,16,,1,21,,B12,120.653015,24.150979,3