年,月,日,時,分,縣市,區,死,受傷,2-30,天候,光線,道路類別,速限,道路型態,事故位置,路面鋪裝,路面狀態,路面缺陷,障礙物,視距,號誌種類,號誌動作,分向設施,快車道或一般車道間,快慢車道間,路面邊線,事故類型及型態,主要肇因,受傷程度,主要傷處,保護裝備,行動電話,當事者區分,車輛用途,當事者行動狀態,駕駛資格情形,駕駛執照種類,飲酒情形,車輛撞擊部位最初,車輛撞擊部位其他,肇事因素個別,肇事因素主要,肇事逃逸,職業,旅次目的,車種,GPS緯度,GPS經度,事故類別
2022,7,15,16,33,臺中市,大里區,0,0,0,8,,,50,,,,,,,,,,,,,,,12,,,,,B03,,,1,,2,,,12,,1,21,,B03,120.686998,24.087506,3
2022,7,15,16,34,臺中市,潭子區,0,1,0,7,1,5,30,3,1,1,5,4,5,7,4,4,10,5,5,1,17,19,2,9,1,1,C03,7,1,1,10,2,14,,19,19,1,22,8,C03,120.678615,24.227527,2
2022,7,15,16,37,臺中市,潭子區,0,2,0,8,1,5,30,4,1,1,5,4,5,7,4,4,5,4,5,2,15,23,3,10,1,1,B03,7,9,1,8,2,1,,23,23,1,22,8,B03,120.701782,24.213347,2
2022,7,15,16,42,臺中市,西屯區,0,0,0,8,,,50,,,,,,,,,,,,,,,23,,,,,B03,,,1,,1,,,23,,1,22,,B03,120.643136,24.160876,3
2022,7,15,16,43,臺中市,南屯區,0,2,0,8,1,5,50,4,1,1,5,4,5,7,1,1,5,4,4,2,16,6,2,9,1,1,C03,7,5,1,10,2,12,,6,6,1,22,8,C03,120.643944,24.15118,2
2022,7,15,16,43,臺中市,北屯區,0,1,0,7,1,5,40,4,1,1,5,4,5,7,2,1,10,5,5,2,18,13,3,10,1,1,B12,7,6,1,8,9,15,,26,13,1,22,8,B12,120.721043,24.175131,2
2022,7,15,16,55,臺中市,潭子區,0,0,0,8,,,50,,,,,,,,,,,,,,,23,,,,,B12,,,1,,2,,,23,,1,22,,B12,120.686967,24.207689,3
2022,7,15,16,57,臺中市,梧棲區,0,0,0,8,,,30,,,,,,,,,,,,,,,6,,,,,C03,,,1,,2,,,6,,1,5,,C03,120.544642,24.240509,4
2022,7,15,17,3,臺中市,潭子區,0,1,0,8,1,5,60,3,1,1,5,4,5,7,1,1,10,5,5,2,16,6,3,10,1,1,A02,7,6,1,2,2,2,,6,6,1,22,8,A02,120.708649,24.231206,2
2022,7,15,17,7,臺中市,東勢區,0,0,0,8,,,60,,,,,,,,,,,,,,,4,,,,,B03,,,1,,2,,,42,4,1,21,,B03,120.810376,24.282194,3
2022,7,15,17,20,臺中市,神岡區,0,1,0,8,1,5,50,3,1,1,5,4,5,7,1,1,5,4,4,2,18,42,2,9,1,1,C03,7,9,1,10,2,11,,42,42,1,12,8,C03,120.697553,24.279442,2
2022,7,15,17,21,臺中市,西區,0,2,0,8,1,5,50,3,1,1,5,4,5,7,4,4,5,4,5,2,17,26,3,10,1,1,B03,7,5,1,8,2,6,,26,26,1,5,7,B03,120.665503,24.149506,2
2022,7,15,17,22,臺中市,南區,0,1,0,8,1,5,50,4,1,1,5,4,5,7,1,1,10,5,5,2,16,6,3,10,1,1,B03,7,5,1,8,2,2,,6,6,1,22,8,B03,120.660294,24.12633,2
2022,7,15,17,25,臺中市,大里區,0,2,0,8,2,5,50,4,1,1,5,4,5,7,3,1,10,5,5,2,12,27,2,9,1,1,C03,7,9,1,10,2,12,,44,42,1,18,8,C03,120.671689,24.085724,2
2022,7,15,17,28,臺中市,大雅區,0,1,0,8,1,5,50,14,13,1,5,4,5,7,4,4,5,5,5,1,16,6,3,10,1,1,B03,7,5,1,8,2,1,,6,6,1,22,9,B03,120.654219,24.229612,2
2022,7,15,17,28,臺中市,后里區,0,0,0,8,1,5,50,3,1,1,5,4,5,7,1,1,1,2,4,1,13,23,3,10,1,1,B12,7,9,1,8,2,1,,23,23,1,21,8,B12,120.723058,24.287956,3
2022,7,15,17,34,臺中市,南屯區,0,2,0,8,1,5,50,14,9,1,5,4,5,7,4,4,1,4,5,2,13,23,3,10,3,4,C03,7,9,1,10,2,11,,23,23,1,22,9,C03,120.617905,24.145336,2
2022,7,15,17,34,臺中市,太平區,0,1,0,8,1,5,50,5,1,1,5,4,5,7,2,1,10,5,5,2,13,16,2,8,1,1,C03,7,9,1,10,2,11,,16,16,1,9,1,C03,120.724564,24.149605,2
2022,7,15,17,40,臺中市,東區,0,2,0,8,1,5,50,4,1,1,5,4,5,7,4,4,10,5,5,2,15,6,3,10,1,1,B03,7,9,1,8,2,2,,6,6,1,22,8,B03,120.696484,24.149726,2
2022,7,15,17,43,臺中市,西屯區,0,1,0,8,1,5,40,14,8,1,5,4,5,7,4,4,1,4,1,2,18,42,2,9,3,4,C03,7,9,1,10,1,12,,42,42,1,22,8,C03,120.624741,24.155613,2
2022,7,15,17,44,臺中市,大雅區,0,0,0,8,,,50,,,,,,,,,,,,,,,12,,,,,B03,,,1,,2,,,12,,1,22,,B03,120.656563,24.220653,3
2022,7,15,17,45,臺中市,南屯區,0,0,0,,,,50,,,,,,,,,,,,,,,23,,,,,B03,,,1,,2,,,23,,1,22,,B03,120.610321,24.13264,3
2022,7,15,17,45,臺中市,北屯區,0,1,0,8,1,5,30,14,9,1,5,4,5,7,4,4,10,5,5,2,10,5,2,9,1,1,C03,7,9,1,10,2,11,12,5,5,1,5,8,C03,120.696621,24.179745,2
2022,7,15,17,48,臺中市,大里區,0,0,0,8,,,50,,,,,,,,,,,,,,,17,,,,,B03,,,1,,2,,,17,,1,22,,B03,120.69642,24.086524,3
2022,7,15,17,52,臺中市,北區,0,0,0,8,,,50,,,,,,,,,,,,,,,2,,,,,B01,,,1,,2,,,44,,1,22,,B01,120.664208,24.154416,3
2022,7,15,17,56,臺中市,南區,0,0,0,8,,,50,,,,,,,,,,,,,,,7,,,,,B03,,,1,,2,,,7,,1,22,,B03,120.66999,24.119723,3
2022,7,15,17,58,臺中市,大雅區,0,1,0,8,2,5,30,3,2,1,5,4,5,7,4,4,10,5,5,2,16,23,3,10,1,1,B12,7,6,1,8,2,8,,23,23,1,22,9,B12,120.629196,24.236019,2
2022,7,15,18,6,臺中市,南屯區,0,0,0,8,,,50,,,,,,,,,,,,,,,23,,,,,B03,,,1,,2,,,23,,1,22,,B03,120.621385,24.151265,3
2022,7,15,18,7,臺中市,西屯區,0,1,0,8,1,5,50,14,7,1,5,4,5,7,4,4,5,4,4,2,13,16,2,9,1,1,C03,7,9,1,10,2,11,,16,16,1,22,5,C03,120.634658,24.169984,2
2022,7,15,18,10,臺中市,大雅區,0,0,0,8,,,40,,,,,,,,,,,,,,,6,,,,,B03,,,1,,2,,,6,,1,22,,B03,120.662892,24.221587,3
2022,7,15,18,12,臺中市,北屯區,0,0,0,8,,,50,,,,,,,,,,,,,,,42,,,,,B12,,,1,8,2,,,42,42,1,21,,B12,120.684416,24.188279,3
2022,7,15,18,24,臺中市,大雅區,0,0,0,8,,,50,,,,,,,,,,,,,,,5,,,,,B03,,,1,,2,,,5,,1,22,,B03,120.657295,24.225223,3
2022,7,15,18,34,臺中市,北區,0,0,0,8,1,5,60,4,2,1,5,4,5,7,4,4,8,3,4,2,13,23,3,10,1,1,B03,7,9,1,8,6,1,,23,23,1,22,8,B03,120.665555,24.153928,3
2022,7,15,18,37,臺中市,神岡區,0,1,0,8,3,5,30,4,1,1,5,4,5,7,4,4,10,5,5,2,15,6,3,10,3,4,B03,7,9,1,8,2,2,,6,6,1,22,9,B03,120.708239,24.257257,2
2022,7,15,18,40,臺中市,大肚區,0,1,0,8,2,5,30,3,1,1,5,4,5,7,4,4,10,5,5,2,16,6,3,10,1,1,B03,7,6,1,8,2,1,,6,6,1,19,8,B03,120.569675,24.122658,2
2022,7,15,18,47,臺中市,豐原區,0,2,0,8,3,5,50,14,11,1,5,4,5,7,4,4,1,3,1,1,13,16,2,9,1,1,C03,7,9,2,18,2,11,,16,16,1,22,5,C03,120.736816,24.258118,2
2022,7,15,18,53,臺中市,南區,0,2,0,8,2,5,40,4,2,1,5,4,5,7,4,4,9,5,4,2,16,19,2,8,1,1,C03,7,1,1,9,2,14,,19,19,1,21,8,C03,120.669514,24.114772,2
2022,7,15,18,58,臺中市,大里區,0,0,0,8,,,60,,,,,,,,,,,,,,,16,,,,,B03,,,1,,2,,,16,,1,22,,B03,120.671703,24.084205,3
2022,7,15,19,12,臺中市,太平區,0,0,0,8,,,80,,,,,,,,,,,,,,,26,,,,,B03,,,1,,2,,,26,,1,21,,B03,120.710725,24.141557,3
2022,7,15,19,16,臺中市,太平區,0,0,0,8,,,50,,,,,,,,,,,,,,,19,,,,,B03,,,1,,2,,,19,,1,20,,B03,120.721224,24.130223,3
2022,7,15,19,30,臺中市,南屯區,0,3,0,8,3,5,50,4,1,1,5,4,5,7,2,1,5,4,4,2,16,9,2,9,3,4,C03,7,6,1,10,2,13,,9,9,1,22,9,C03,120.610349,24.135683,2
2022,7,15,19,36,臺中市,大安區,0,1,0,8,4,5,60,14,9,1,5,3,5,6,4,4,1,5,5,1,18,42,2,9,1,1,C03,7,9,1,10,2,12,,42,42,1,5,8,C03,120.57384,24.34555,2
2022,7,15,19,37,臺中市,外埔區,0,1,0,8,3,5,50,14,9,1,5,4,5,7,4,4,10,3,5,2,17,43,3,10,1,1,B03,7,9,1,14,2,1,,43,43,1,4,1,B03,120.647263,24.327546,2
2022,7,15,19,40,臺中市,清水區,0,2,0,8,1,5,50,4,1,1,5,4,5,7,4,4,10,5,5,2,15,6,2,7,4,1,F01,7,9,8,20,2,16,,23,23,1,15,8,F01,120.555986,24.259048,2
2022,7,15,19,40,臺中市,新社區,0,1,0,8,3,5,30,3,1,1,5,4,5,7,4,4,10,5,5,2,16,6,3,10,1,1,B03,7,6,1,8,2,5,,6,6,1,22,9,B03,120.797435,24.202986,2
2022,7,15,20,0,臺中市,東區,0,0,0,8,3,5,50,14,7,1,5,4,5,7,4,4,5,4,5,2,12,23,3,10,1,1,C03,7,9,1,10,2,15,,23,23,1,22,8,C03,120.706117,24.12978,3
2022,7,15,20,3,臺中市,東區,0,1,0,8,3,5,50,4,1,1,5,4,5,7,1,1,10,5,5,2,16,25,2,9,1,1,C03,7,9,1,10,2,11,,25,25,1,22,7,C03,120.697299,24.147967,2
2022,7,15,20,27,臺中市,霧峰區,0,0,0,8,,,70,,,,,,,,,,,,,,,6,,,,,B02,,,1,,2,,,6,,1,4,,B02,120.661752,24.054631,3
2022,7,15,20,35,臺中市,西屯區,0,1,0,8,3,5,1,3,1,1,5,4,5,7,4,4,10,5,5,2,17,23,2,9,1,1,C03,7,9,1,10,2,11,,23,23,1,22,5,C03,120.631748,24.16507,2
2022,7,15,20,41,臺中市,東區,0,1,0,8,3,5,30,4,1,1,5,4,5,3,4,4,10,5,5,2,15,6,2,9,1,1,C03,7,9,1,10,2,11,,6,6,1,21,8,C03,120.705747,24.131229,2
2022,7,15,21,0,臺中市,北區,0,0,0,,,,,,,,,,,,,,,,,,,43,,,,,B03,,,1,,11,,,43,43,1,22,,B03,120.67673,24.146203,3
2022,7,15,21,5,臺中市,潭子區,0,4,0,8,3,5,60,14,8,1,5,4,5,7,4,4,3,4,4,1,13,16,2,9,1,1,C03,7,9,1,10,2,11,,16,16,1,22,8,C03,120.691111,24.228391,2
2022,7,15,21,7,臺中市,大甲區,0,0,0,8,,,60,,,,,,,,,,,,,,,23,,,,,B03,,,1,,2,,,23,,1,9,,B03,120.617327,24.346676,3
2022,7,15,21,28,臺中市,北屯區,0,0,0,8,,,50,,,,,,,,,,,,,,,23,,,,,B03,,,1,7,1,,,23,23,1,21,,B03,120.685821,24.178005,3
2022,7,15,21,30,臺中市,龍井區,0,1,0,8,3,5,50,3,1,1,5,4,5,7,3,3,10,5,5,2,17,23,2,8,1,1,C03,7,9,1,10,2,11,,23,23,1,2,1,C03,120.57404,24.195513,2
2022,7,15,21,47,臺中市,大甲區,0,0,0,,,,40,,,,,,,,,,,,,,,17,,,,,B03,,,1,,2,,,17,,1,21,,B03,120.631623,24.347132,3
2022,7,15,21,50,臺中市,北屯區,0,1,0,8,3,5,50,4,1,1,5,4,5,7,2,1,10,5,5,2,13,23,2,9,1,1,C03,7,5,1,10,2,11,12,23,23,1,5,8,C03,120.686613,24.193458,2
2022,7,15,21,52,臺中市,北屯區,0,0,0,8,,,50,,,,,,,,,,,,,,,23,,,,,B03,,,1,,1,,,23,,1,20,,B03,120.693486,24.16413,3
2022,7,15,22,0,臺中市,北區,0,1,0,8,3,5,50,14,9,1,5,4,5,7,4,4,9,5,5,2,16,19,3,10,1,1,B03,7,1,1,8,2,1,,19,19,1,5,5,B03,120.67599,24.153942,2
2022,7,15,22,0,臺中市,南區,0,1,0,8,3,5,50,4,1,1,5,4,5,7,1,1,10,5,5,2,11,6,3,10,1,1,B03,7,5,1,8,2,5,,6,6,1,22,8,B03,120.653289,24.121969,2
2022,7,15,22,10,臺中市,大雅區,0,1,0,8,4,5,40,11,9,1,5,4,5,7,4,4,10,5,5,2,11,5,2,6,1,1,C03,7,9,1,10,2,14,,5,5,1,22,9,C03,120.671074,24.222259,2
2022,7,15,22,10,臺中市,東區,0,0,0,8,,,50,,,,,,,,,,,,,,,7,,,,,B03,,,1,,2,,,7,,1,22,,B03,120.70151,24.125407,3
2022,7,15,22,27,臺中市,北屯區,0,1,0,8,3,5,50,14,9,1,5,4,5,7,1,1,5,4,5,2,16,19,2,9,1,1,C03,7,1,1,10,2,12,,19,19,1,22,8,C03,120.6877,24.188273,2
2022,7,15,23,3,臺中市,西屯區,0,1,0,8,3,5,50,14,8,1,5,4,5,7,4,4,5,4,5,2,12,26,2,7,1,1,C03,7,8,3,18,2,12,,26,26,1,22,8,C03,120.644676,24.171775,2
2022,7,15,23,5,臺中市,豐原區,0,1,0,8,3,5,50,4,1,1,5,4,5,7,1,1,3,5,5,2,17,6,3,10,1,1,B03,7,9,1,10,2,8,,6,6,1,22,8,B03,120.726545,24.260028,2
2022,7,15,23,28,臺中市,西屯區,0,1,0,8,3,5,50,4,1,1,5,4,5,7,1,1,10,5,5,2,17,8,3,10,1,1,B03,7,5,1,8,2,8,,8,8,1,22,8,B03,120.63795,24.180815,2
2022,7,15,23,30,臺中市,龍井區,0,0,0,8,,,30,,,,,,,,,,,,,,,44,,,,,B03,,,1,,2,,,44,,1,21,,B03,120.576467,24.183321,3
2022,7,15,23,51,臺中市,西屯區,0,0,0,8,3,5,50,11,20,1,5,4,5,7,4,4,5,4,4,2,29,22,3,10,1,1,B03,7,8,1,8,2,1,,22,22,1,22,8,B03,120.59696,24.176725,3
2022,7,16,0,10,臺中市,神岡區,0,2,0,7,3,5,50,4,1,1,5,4,5,7,3,1,5,4,4,2,17,6,2,9,1,1,C03,7,9,3,18,2,12,,6,6,1,12,8,C03,120.680197,24.248244,2
2022,7,16,0,16,臺中市,北屯區,0,1,0,8,3,5,50,14,9,1,5,4,5,7,4,4,1,4,5,2,13,23,2,9,1,1,C03,7,9,1,10,2,11,,23,23,1,21,8,C03,120.685948,24.179916,2
2022,7,16,1,5,臺中市,西屯區,0,2,0,8,3,5,50,3,1,1,5,4,5,7,1,1,10,5,5,2,12,23,2,9,1,1,C03,7,9,1,10,2,14,,23,23,1,22,8,C03,120.646486,24.175016,2
2022,7,16,3,26,臺中市,太平區,0,1,0,8,3,5,40,14,9,1,5,4,5,7,4,4,9,4,5,1,17,42,2,9,1,1,B03,7,15,1,8,2,8,,42,42,1,21,8,B03,120.72374,24.110802,2
2022,7,16,3,41,臺中市,潭子區,0,1,0,7,3,5,40,11,9,1,5,4,5,1,4,4,10,5,5,1,18,23,2,9,1,1,C03,7,9,3,18,8,12,,23,23,1,22,9,C03,120.712388,24.189447,2
2022,7,16,5,29,臺中市,太平區,0,1,0,8,1,5,40,14,8,1,5,4,5,7,4,4,5,4,4,1,17,42,2,9,1,1,C03,7,9,1,10,11,12,,42,42,1,21,8,C03,120.734932,24.126093,2
2022,7,16,5,44,臺中市,潭子區,0,0,0,8,1,5,80,14,9,1,5,4,5,7,4,4,1,3,5,1,13,23,3,10,1,1,B03,7,9,1,8,2,1,,23,23,1,22,9,B03,120.721308,24.194649,3
2022,7,16,6,16,臺中市,南區,0,3,0,8,1,5,40,4,1,1,5,4,5,7,1,1,10,5,5,2,17,19,2,7,1,1,C03,7,1,1,10,2,14,,19,19,1,21,8,C03,120.680895,24.130571,2
2022,7,16,6,18,臺中市,南區,0,2,0,8,1,5,50,4,1,1,5,4,5,7,2,1,10,5,5,2,16,6,2,9,1,1,C03,7,6,1,10,2,12,,6,6,1,5,8,C03,120.650118,24.120638,2
2022,7,16,6,29,臺中市,南屯區,0,3,0,8,1,5,40,15,16,1,5,4,5,7,4,4,10,5,5,2,13,23,2,9,3,4,B03,7,9,1,8,2,3,2,44,23,1,5,8,B03,120.62337,24.150518,2
2022,7,16,6,38,臺中市,北屯區,0,1,0,8,1,5,50,4,1,1,5,4,5,7,1,1,1,2,4,2,12,23,3,10,1,1,B03,7,8,1,8,6,5,,23,23,1,22,8,B03,120.686306,24.186899,2
2022,7,16,6,40,臺中市,西區,0,2,0,8,1,5,50,4,1,1,5,4,5,7,2,1,10,5,5,2,15,25,2,1,1,1,C03,7,9,1,10,2,14,,44,25,1,19,8,C03,120.663096,24.146699,2
2022,7,16,6,57,臺中市,太平區,0,0,0,8,,,30,,,,,,,,,,,,,,,23,,,,,C03,,,3,,2,,,23,,1,21,,C03,120.729658,24.109113,3
2022,7,16,7,0,臺中市,豐原區,0,0,0,8,,,30,,,,,,,,,,,,,,,17,,,,,B03,,,1,,2,,,17,17,1,21,,B03,120.702445,24.248024,3
2022,7,16,7,21,臺中市,南區,0,1,0,8,1,5,40,14,8,1,5,4,5,7,4,4,1,4,4,2,17,23,2,9,1,4,C03,7,9,1,10,2,11,,23,23,1,21,8,C03,120.652333,24.118678,2
2022,7,16,7,29,臺中市,大雅區,0,2,0,8,1,5,50,4,1,1,5,4,5,7,1,1,10,5,5,2,15,25,2,5,1,1,C03,7,9,1,10,2,11,,25,25,1,22,8,C03,120.653329,24.219149,2
2022,7,16,7,42,臺中市,西屯區,0,1,0,8,3,5,30,4,2,1,5,4,5,7,4,4,10,5,5,2,16,6,2,9,3,4,C03,7,5,1,10,2,12,,6,6,1,22,8,C03,120.612691,24.1965,2
2022,7,16,7,45,臺中市,大里區,0,0,0,8,,,50,,,,,,,,,,,,,,,17,,,,,B12,,,1,,11,,,17,,1,12,,B12,120.699976,24.093992,3
2022,7,16,7,49,臺中市,潭子區,0,1,0,8,1,5,50,3,1,1,5,4,5,7,1,1,5,2,5,1,16,25,3,10,1,1,B03,7,9,1,8,2,1,,25,23,1,22,9,B03,120.72082,24.19525,2
2022,7,16,7,50,臺中市,大肚區,0,0,0,,,,50,,,,,,,,,,,,,,,17,,,,,B03,,,1,,2,,,17,,1,21,,B03,120.539039,24.1586,3
2022,7,16,8,0,臺中市,南屯區,0,1,0,8,1,5,30,3,1,1,5,4,5,7,4,4,10,5,5,2,16,6,3,10,1,1,B03,7,5,1,8,1,8,,6,6,1,22,8,B03,120.638795,24.140506,2
2022,7,16,8,20,臺中市,南區,0,0,0,8,1,5,30,13,2,1,5,4,5,7,4,4,10,5,5,2,17,43,,,,,,,,,,,,,43,43,1,,,,120.655502,24.130261,3
2022,7,16,8,25,臺中市,新社區,0,0,0,8,,,50,,,,,,,,,,,,,,,16,,,,,B12,,,1,,2,,,16,,1,22,,B12,120.825686,24.16802,3
2022,7,16,8,27,臺中市,北屯區,0,1,0,8,1,5,50,4,1,1,5,4,5,7,1,1,10,5,5,2,17,6,3,10,1,1,B03,7,5,1,8,2,5,,6,6,1,21,8,B03,120.68569,24.174463,2
2022,7,16,9,1,臺中市,后里區,0,1,0,8,1,5,50,4,1,1,5,4,5,7,1,1,5,5,5,1,16,6,3,10,1,1,B03,7,6,1,8,2,5,,6,6,1,21,8,B03,120.717675,24.306956,2
2022,7,16,9,3,臺中市,南區,0,1,0,8,1,5,50,14,9,1,5,4,5,7,4,4,5,5,5,2,17,19,3,10,1,1,B03,7,1,1,8,2,4,,19,19,1,5,8,B03,120.671383,24.120825,2
2022,7,16,9,8,臺中市,北屯區,1,1,0,8,1,5,50,4,1,1,5,4,5,7,1,1,10,5,5,2,15,25,2,9,3,4,B02,7,9,3,18,2,1,,25,25,1,20,8,B02,120.655893,24.190643,1
2022,7,16,9,10,臺中市,北區,0,1,0,8,1,5,50,14,9,1,5,4,5,7,4,4,10,2,5,2,17,23,2,9,1,1,C03,7,9,1,10,2,11,,23,23,1,22,8,C03,120.676575,24.1463,2
2022,7,16,9,16,臺中市,西屯區,0,0,0,8,,,50,,,,,,,,,,,,,,,17,,,,,B03,,,1,,2,,,17,,1,22,,B03,120.618554,24.18719,3
2022,7,16,9,17,臺中市,沙鹿區,0,1,0,8,1,5,60,14,7,1,5,4,5,7,4,4,1,4,4,1,13,16,2,8,1,1,C02,7,9,1,9,2,11,,16,16,1,18,5,C02,120.609496,24.245858,2
2022,7,16,9,27,臺中市,霧峰區,0,0,0,8,,,50,,,,,,,,,,,,,,,12,,,,,B03,,,1,,2,,,12,,1,12,,B03,120.701942,24.061815,3
2022,7,16,9,36,臺中市,西屯區,0,0,0,8,,,30,,,,,,,,,,,,,,,6,,,,,B03,,,1,,1,,,6,,1,22,,B03,120.655373,24.157122,3
2022,7,16,9,38,臺中市,西屯區,0,0,0,8,,,50,,,,,,,,,,,,,,,16,,,,,B03,,,1,,1,,,16,,1,22,,B03,120.632386,24.162351,3
2022,7,16,9,41,臺中市,南屯區,0,2,0,8,1,5,50,4,1,1,5,4,5,7,1,1,10,5,5,2,16,6,2,9,1,1,C03,7,6,1,10,1,12,,6,6,1,22,8,C03,120.64716,24.144058,2
2022,7,16,9,46,臺中市,梧棲區,0,2,0,8,1,5,40,4,2,1,5,4,5,7,4,4,10,5,5,2,16,6,2,9,1,1,C03,7,5,1,10,2,14,,6,6,1,20,8,C03,120.558043,24.242177,2
2022,7,16,9,50,臺中市,北屯區,0,1,0,8,1,5,50,14,7,1,5,4,5,7,4,4,5,4,4,2,16,7,2,9,1,1,C03,7,10,1,10,2,14,,7,7,1,21,8,C03,120.690787,24.172697,2
2022,7,16,9,55,臺中市,潭子區,0,2,0,8,1,5,50,3,1,1,5,4,5,7,4,4,5,4,5,2,15,6,2,9,1,1,C03,7,9,1,10,2,11,,6,6,1,22,8,C03,120.701111,24.216846,2
2022,7,16,10,11,臺中市,潭子區,0,3,0,8,1,5,40,3,1,1,5,4,5,7,4,4,10,5,5,2,17,16,2,9,1,1,C03,7,9,1,10,2,11,,16,16,1,22,8,C03,120.704843,24.209768,2
2022,7,16,10,19,臺中市,東區,0,1,0,8,1,5,50,3,1,1,5,4,5,7,4,4,10,5,5,2,16,8,3,10,1,1,B03,7,5,1,8,2,1,,8,8,1,5,8,B03,120.697794,24.127794,2
2022,7,16,10,25,臺中市,西區,0,0,0,,,,50,,,,,,,,,,,,,,,26,,,,,B03,,,6,,1,,,26,,1,20,,B03,120.664208,24.154416,3
2022,7,16,10,27,臺中市,新社區,0,0,0,8,,,30,,,,,,,,,,,,,,,6,,,,,B12,,,1,,2,,,6,6,1,22,,B12,120.792144,24.210194,3
2022,7,16,10,29,臺中市,神岡區,0,0,0,8,,,50,,,,,,,,,,,,,,,16,,,,,C03,,,6,,1,,,16,,1,22,,C03,120.658227,24.251906,3
2022,7,16,10,30,臺中市,大甲區,0,0,0,8,1,5,50,14,9,1,5,4,5,7,4,4,5,4,5,2,14,8,3,10,1,1,B03,7,5,1,8,2,4,,8,8,1,22,7,B03,120.628196,24.351064,3
2022,7,16,10,32,臺中市,北區,0,0,0,8,,,50,,,,,,,,,,,,,,,6,,,,,B03,,,1,,11,,,6,,1,22,,B03,120.668276,24.170018,3
2022,7,16,10,40,臺中市,南屯區,0,0,0,8,,,50,,,,,,,,,,,,,,,17,,,,,B03,,,1,,1,,,17,,1,22,,B03,120.63448,24.144931,3
2022,7,16,10,42,臺中市,大里區,0,2,0,8,1,5,50,3,1,1,5,4,5,7,1,1,10,5,5,2,16,26,2,9,1,1,C03,7,9,1,10,2,11,,26,26,1,3,8,C03,120.704435,24.095813,2
2022,7,16,10,45,臺中市,豐原區,0,1,0,8,1,5,50,14,8,1,5,4,5,7,4,4,1,3,1,1,12,6,3,10,1,1,B03,7,8,1,8,2,2,,6,6,1,22,5,B03,120.710795,24.255275,2
2022,7,16,10,55,臺中市,大甲區,0,0,0,8,,,50,,,,,,,,,,,,,,,16,,,,,B03,,,1,,1,,,16,,1,4,,B03,120.623626,24.342274,3
2022,7,16,11,0,臺中市,潭子區,0,1,0,8,1,5,60,14,9,1,5,4,5,7,4,4,9,4,4,1,13,19,3,10,1,1,B03,7,1,1,8,2,7,,19,19,1,22,9,B03,120.705645,24.21692,2
2022,7,16,11,0,臺中市,大里區,0,0,0,8,,,50,,,,,,,,,,,,,,,23,,,,,B12,,,1,,2,,,23,,1,12,,B12,120.709433,24.103968,3
2022,7,16,11,5,臺中市,北屯區,0,2,0,8,1,5,50,3,1,1,5,4,5,7,1,1,10,5,5,2,16,26,2,9,1,1,C03,7,9,1,10,2,11,,26,26,1,21,8,C03,120.702155,24.164948,2
2022,7,16,11,9,臺中市,北區,0,1,0,8,2,5,50,3,1,1,5,4,4,7,4,4,10,5,5,2,17,6,2,9,1,1,C03,7,5,1,10,2,12,,6,6,1,22,8,C03,120.686619,24.153191,2
2022,7,16,11,10,臺中市,北屯區,0,1,0,8,1,5,50,4,1,1,5,4,5,7,1,1,10,5,5,2,12,6,3,10,1,1,B03,7,6,1,8,2,2,,6,6,1,21,8,B03,120.694481,24.166013,2
2022,7,16,11,14,臺中市,清水區,0,0,0,8,1,5,40,14,8,1,5,4,5,7,4,4,1,4,4,2,17,43,,,,,,,,,,,,,43,43,1,,,,120.576136,24.271343,3
2022,7,16,11,16,臺中市,西屯區,0,0,0,8,,,50,,,,,,,,,,,,,,,16,,,,,B03,,,1,,1,,,16,,1,22,,B03,120.649796,24.162755,3
2022,7,16,11,17,臺中市,潭子區,0,0,0,8,,,50,,,,,,,,,,,,,,,6,,,,,B03,,,1,,2,,,6,,1,22,,B03,120.701795,24.192054,3
2022,7,16,11,20,臺中市,梧棲區,0,1,0,8,1,5,50,3,1,1,5,4,5,7,4,4,10,5,5,2,16,6,3,10,1,1,C03,7,5,3,18,2,14,,6,6,1,11,8,C03,120.534376,24.254915,2
2022,7,16,11,27,臺中市,南屯區,0,1,0,7,1,5,50,3,1,1,5,4,5,7,4,4,5,4,5,2,13,23,2,7,1,1,C03,7,9,1,10,2,11,,23,23,1,22,9,C03,120.646868,24.153999,2
2022,7,16,11,30,臺中市,南屯區,0,1,0,7,1,5,40,4,1,1,5,4,5,7,1,1,10,5,5,2,16,9,3,10,1,1,B12,7,6,1,8,2,2,,9,9,1,22,8,B12,120.613175,24.149553,2
2022,7,16,11,30,臺中市,沙鹿區,0,0,0,8,,,50,,,,,,,,,,,,,,,10,,,,,B03,,,1,,2,,,10,,1,4,,B03,120.570808,24.223051,3
2022,7,16,11,37,臺中市,北屯區,0,1,0,6,1,5,50,14,9,1,4,4,5,7,4,4,9,5,5,2,16,1,3,10,1,1,C03,7,9,1,10,2,12,,1,1,1,21,8,C03,120.68689,24.18654,2