年,月,日,時,分,縣市,區,死,受傷,2-30,天候,光線,道路類別,速限,道路型態,事故位置,路面鋪裝,路面狀態,路面缺陷,障礙物,視距,號誌種類,號誌動作,分向設施,快車道或一般車道間,快慢車道間,路面邊線,事故類型及型態,主要肇因,受傷程度,主要傷處,保護裝備,行動電話,當事者區分,車輛用途,當事者行動狀態,駕駛資格情形,駕駛執照種類,飲酒情形,車輛撞擊部位最初,車輛撞擊部位其他,肇事因素個別,肇事因素主要,肇事逃逸,職業,旅次目的,車種,GPS緯度,GPS經度,事故類別
2022,7,19,18,0,臺中市,西屯區,0,1,0,8,1,5,50,14,9,1,5,4,5,7,4,4,1,4,5,2,16,43,3,10,3,4,B03,7,6,1,8,2,5,,43,43,1,22,8,B03,120.645792,24.163268,2
2022,7,19,18,5,臺中市,北區,0,1,0,8,1,5,50,5,1,1,5,4,5,7,2,1,2,4,5,2,16,23,3,10,1,1,C03,7,9,1,10,2,14,,23,23,1,22,8,C03,120.686483,24.155011,2
2022,7,19,18,5,臺中市,南屯區,0,2,0,8,1,5,50,14,7,1,5,4,5,7,4,4,1,4,5,2,17,23,2,8,1,1,C03,7,9,3,18,2,11,,23,23,1,22,9,C03,120.646554,24.142354,2
2022,7,19,18,7,臺中市,大里區,0,0,0,8,,,50,,,,,,,,,,,,,,,26,,,,,B03,,,1,,2,,,26,,1,5,,B03,120.690066,24.114588,3
2022,7,19,18,11,臺中市,北屯區,0,1,0,7,3,5,50,3,1,1,5,4,5,7,4,4,10,5,5,2,16,6,3,10,1,1,C03,7,6,1,10,2,13,,6,6,1,9,8,C03,120.720748,24.175446,2
2022,7,19,18,15,臺中市,西屯區,0,1,0,8,1,5,50,14,8,1,5,4,5,7,4,4,1,5,5,2,17,17,3,10,3,4,C03,7,9,1,10,2,11,,17,17,1,22,9,C03,120.633225,24.161895,2
2022,7,19,18,19,臺中市,潭子區,0,1,0,6,2,5,50,4,1,1,4,4,5,7,1,3,10,5,5,2,15,6,2,7,1,1,C03,7,9,1,9,2,11,,6,6,1,22,8,C03,120.702679,24.224943,2
2022,7,19,18,25,臺中市,西屯區,0,0,0,8,,,50,,,,,,,,,,,,,,,16,,,,,B03,,,1,,1,,,16,,1,22,,B03,120.656056,24.169631,3
2022,7,19,18,27,臺中市,潭子區,0,1,0,6,1,5,50,3,1,1,4,4,5,7,4,4,5,4,4,2,16,6,3,10,1,1,B03,7,5,1,8,2,1,,6,6,1,22,8,B03,120.711105,24.231653,2
2022,7,19,18,27,臺中市,西區,0,1,0,8,1,5,50,14,8,1,5,4,5,7,4,4,1,4,4,2,13,16,2,9,1,1,C03,7,9,1,10,2,11,,16,16,1,22,9,C03,120.660451,24.157751,2
2022,7,19,18,31,臺中市,太平區,0,3,0,8,3,5,50,3,1,1,5,4,5,7,4,4,10,5,5,2,3,53,2,9,4,5,H01,8,16,8,20,10,16,,53,53,1,22,5,H01,120.70068,24.146774,2
2022,7,19,18,45,臺中市,大里區,0,0,0,8,,,50,,,,,,,,,,,,,,,23,,,,,B03,,,1,,2,,,23,,1,22,,B03,120.690643,24.081255,3
2022,7,19,18,45,臺中市,霧峰區,0,0,0,8,,,50,,,,,,,,,,,,,,,12,,,,,B03,,,1,,2,,,12,,1,22,,B03,120.698815,24.062018,3
2022,7,19,18,51,臺中市,東勢區,0,2,0,8,3,5,50,4,1,1,5,4,5,7,1,1,5,5,5,1,17,6,2,9,1,1,C03,7,5,2,18,2,11,,6,6,1,22,8,C03,120.831445,24.256248,2
2022,7,19,19,3,臺中市,西屯區,0,1,0,8,2,5,50,3,2,1,5,4,5,7,1,1,5,5,5,2,3,23,3,10,3,4,C03,7,9,1,10,2,13,,23,23,1,22,8,C03,120.640908,24.178718,2
2022,7,19,19,3,臺中市,霧峰區,0,1,0,8,1,5,40,14,8,1,5,4,5,7,4,4,1,4,4,1,18,42,2,9,1,1,C03,7,9,1,10,2,14,,42,42,1,21,5,C03,120.70019,24.075004,2
2022,7,19,19,10,臺中市,南區,0,2,0,8,1,5,50,4,1,1,5,4,5,7,1,1,10,5,5,2,12,44,2,9,1,1,C03,7,9,1,10,2,14,,44,44,1,22,8,C03,120.67334,24.130464,2
2022,7,19,19,10,臺中市,南屯區,0,0,0,8,,,50,,,,,,,,,,,,,,,7,,,,,B03,,,1,,1,,,7,,1,22,,B03,120.649928,24.149398,3
2022,7,19,19,20,臺中市,南屯區,0,0,0,8,,,50,,,,,,,,,,,,,,,23,,,,,B03,,,1,,1,,,23,,1,22,,B03,120.62304,24.145261,3
2022,7,19,19,24,臺中市,北屯區,0,1,0,8,3,5,80,10,9,1,5,4,5,7,4,4,1,4,5,1,13,23,3,10,1,1,B12,7,9,1,8,2,1,,23,23,1,21,8,B12,120.719352,24.163191,2
2022,7,19,19,26,臺中市,東區,0,1,0,7,4,5,40,14,8,1,5,4,5,7,4,4,5,4,4,2,18,23,2,9,1,1,C03,7,9,1,8,2,14,,23,23,1,21,8,C03,120.707768,24.136271,2
2022,7,19,19,26,臺中市,大里區,0,1,0,8,3,5,50,14,9,1,5,4,5,7,1,1,5,4,5,1,16,6,3,10,1,1,B03,7,5,3,18,2,1,,6,6,1,22,8,B03,120.674383,24.114919,2
2022,7,19,19,30,臺中市,北區,0,0,0,,,,50,,,,,,,,,,,,,,,18,,,,,B03,,,1,,2,,,18,,1,5,,B03,120.678501,24.17226,3
2022,7,19,19,33,臺中市,潭子區,0,0,0,8,,,50,,,,,,,,,,,,,,,17,,,,,B03,,,1,,2,,,17,,1,22,,B03,120.704734,24.219491,3
2022,7,19,19,40,臺中市,潭子區,0,0,0,8,,,50,,,,,,,,,,,,,,,12,,,,,A41,,,1,,11,,,12,,1,22,,A41,120.702968,24.221495,3
2022,7,19,19,45,臺中市,潭子區,0,0,0,8,,,50,,,,,,,,,,,,,,,7,,,,,B02,,,1,,2,,,7,,1,22,,B02,120.715402,24.211315,3
2022,7,19,19,55,臺中市,梧棲區,0,0,0,8,,,50,,,,,,,,,,,,,,,12,,,,,B03,,,1,,2,,,12,,1,3,,B03,120.53031,24.254041,4
2022,7,19,20,3,臺中市,大里區,0,2,0,8,3,5,50,3,1,1,5,4,5,7,1,1,5,4,4,2,17,8,3,10,1,1,B03,7,5,1,8,2,15,,8,8,1,5,8,B03,120.679863,24.099745,2
2022,7,19,20,5,臺中市,大雅區,0,2,0,8,3,5,50,4,1,1,5,4,5,7,4,4,10,5,5,2,16,6,2,9,1,1,C03,7,9,1,10,2,11,,6,6,1,22,9,C03,120.647196,24.22571,2
2022,7,19,20,5,臺中市,西屯區,0,1,0,8,3,5,50,14,9,1,5,4,5,7,4,4,5,4,5,2,27,23,2,9,1,1,C03,7,9,1,10,2,11,,23,23,1,22,5,C03,120.639967,24.185145,2
2022,7,19,20,7,臺中市,豐原區,0,0,0,,,,60,,,,,,,,,,,,,,,23,,,,,B03,,,1,,1,,,23,,1,22,,B03,120.720227,24.236722,4
2022,7,19,20,14,臺中市,潭子區,0,0,0,8,,,60,,,,,,,,,,,,,,,7,,,,,B03,,,1,,11,,,7,,1,22,,B03,120.70268,24.195432,3
2022,7,19,20,14,臺中市,太平區,0,0,0,8,,,50,,,,,,,,,,,,,,,23,,,,,B03,,,1,,2,,,23,,1,9,,B03,120.715957,24.134598,3
2022,7,19,20,18,臺中市,大甲區,0,0,0,8,,,50,,,,,,,,,,,,,,,12,,,,,B03,,,1,,1,,,12,,1,4,,B03,120.622126,24.355195,3
2022,7,19,20,34,臺中市,北區,0,1,0,7,3,5,50,14,7,1,5,4,5,7,4,4,5,4,5,2,18,23,2,9,1,1,C03,7,9,1,10,1,14,,23,23,1,5,8,C03,120.686062,24.146762,2
2022,7,19,20,44,臺中市,梧棲區,0,1,0,8,3,5,40,4,1,1,5,4,5,7,4,4,10,5,5,2,13,16,2,9,1,1,C03,7,9,1,10,2,11,,16,16,1,3,1,C03,120.558071,24.242178,2
2022,7,19,20,49,臺中市,潭子區,0,2,0,8,3,5,50,4,1,1,5,4,5,7,4,4,10,5,5,2,16,22,2,8,1,1,C03,7,9,1,10,2,11,,22,22,1,22,8,C03,120.692725,24.221791,2
2022,7,19,20,49,臺中市,龍井區,0,1,0,8,3,5,40,14,8,1,5,4,5,7,4,4,1,4,1,1,13,16,2,1,1,1,C03,7,9,1,10,2,11,,16,16,1,22,8,C03,120.580316,24.195403,2
2022,7,19,20,52,臺中市,霧峰區,0,0,0,8,,,50,,,,,,,,,,,,,,,16,,,,,C03,,,1,,2,,,16,,1,22,,C03,120.698916,24.066321,3
2022,7,19,20,53,臺中市,太平區,0,0,0,8,,,30,,,,,,,,,,,,,,,23,,,,,B03,,,1,,2,,,23,,1,21,,B03,120.717292,24.14834,3
2022,7,19,20,57,臺中市,大里區,0,0,0,8,,,50,,,,,,,,,,,,,,,18,,,,,B02,,,1,,2,,,18,,1,5,,B02,120.679233,24.113058,3
2022,7,19,21,1,臺中市,霧峰區,0,1,0,8,3,5,50,14,9,1,5,4,5,7,4,4,1,5,5,2,17,42,2,9,3,4,C03,7,5,1,10,2,14,,42,42,1,21,5,C03,120.663165,24.059909,2
2022,7,19,22,17,臺中市,北區,0,1,0,8,3,5,40,4,1,1,5,4,5,7,1,1,10,5,5,2,12,8,3,10,3,4,C03,7,5,1,10,2,14,,8,8,1,5,8,C03,120.666318,24.159226,2
2022,7,19,22,30,臺中市,北屯區,0,2,0,8,3,5,50,4,1,1,5,4,5,7,3,1,10,5,5,2,15,6,2,9,1,1,B03,7,9,1,8,2,2,,6,6,1,21,8,B03,120.678792,24.176692,2
2022,7,19,22,30,臺中市,北屯區,0,0,0,8,,,40,,,,,,,,,,,,,,,23,,,,,B03,,,1,,11,,,23,,2,21,,B03,120.719073,24.161891,3
2022,7,19,22,48,臺中市,南區,0,0,0,8,,,50,,,,,,,,,,,,,,,23,,,,,C03,,,1,,2,,,23,,1,22,,C03,120.666306,24.114386,3
2022,7,19,23,33,臺中市,北屯區,0,1,0,8,3,5,60,3,1,1,5,4,5,7,3,1,10,5,5,2,16,6,3,10,1,1,B03,7,5,1,8,2,2,,6,6,1,5,8,B03,120.710083,24.164796,2
2022,7,20,0,50,臺中市,東區,0,1,0,8,3,5,50,4,1,1,5,4,5,7,1,1,10,5,5,2,13,16,2,9,1,1,C03,7,9,1,10,2,11,,16,16,1,22,8,C03,120.692484,24.147902,2
2022,7,20,0,54,臺中市,西屯區,0,1,0,8,3,5,40,14,7,1,5,4,5,7,4,4,5,2,4,2,16,19,3,10,1,1,B03,7,1,1,8,2,1,,19,19,1,4,8,B03,120.643625,24.170821,2
2022,7,20,3,0,臺中市,大里區,0,0,0,8,,,50,,,,,,,,,,,,,,,19,,,,,B03,,,1,,1,,,19,,1,22,,B03,120.679312,24.111472,3
2022,7,20,3,14,臺中市,大里區,0,2,0,8,3,5,40,14,8,1,5,4,5,7,4,4,1,5,3,1,23,23,2,9,1,1,C03,7,9,3,18,2,14,,23,23,1,12,5,C03,120.6665,24.082598,2
2022,7,20,3,30,臺中市,清水區,0,2,0,8,3,5,90,14,7,1,5,4,5,7,4,4,1,3,5,1,12,23,2,9,1,1,A41,7,9,1,1,2,1,,23,23,1,10,4,A41,120.541575,24.262662,2
2022,7,20,5,57,臺中市,梧棲區,0,0,0,8,,,50,,,,,,,,,,,,,,,6,,,,,B03,,,1,,2,,,6,,1,1,,B03,120.524586,24.236284,3
2022,7,20,6,29,臺中市,南屯區,0,0,0,,,,50,,,,,,,,,,,,,,,6,,,,,B02,,,1,,1,,,6,,1,22,,B02,120.646641,24.142582,3
2022,7,20,6,55,臺中市,清水區,0,1,0,8,1,5,50,4,1,1,5,4,5,7,1,1,10,5,5,2,17,4,3,10,1,1,B03,7,1,1,8,2,1,,4,4,1,5,5,B03,120.595293,24.3006,2
2022,7,20,7,9,臺中市,豐原區,0,0,0,8,,,50,,,,,,,,,,,,,,,16,,,,,C03,,,1,,2,,,16,,1,12,,C03,120.714363,24.251726,3
2022,7,20,7,12,臺中市,南屯區,0,3,0,8,1,5,50,3,1,1,5,4,5,7,4,4,1,4,5,2,13,16,2,9,1,1,C03,7,9,1,10,2,11,,16,16,1,22,8,C03,120.626904,24.130522,2
2022,7,20,7,12,臺中市,大里區,0,2,0,8,1,5,30,14,9,1,5,4,5,7,4,4,10,5,5,1,16,19,2,9,1,1,C03,7,1,1,10,2,11,,19,19,1,4,8,C03,120.687699,24.090591,2
2022,7,20,7,21,臺中市,西屯區,0,1,0,8,1,5,40,4,1,1,5,4,5,7,1,1,1,5,1,2,16,6,3,10,1,1,B03,7,6,1,8,1,5,,6,6,1,22,8,B03,120.644006,24.156512,2
2022,7,20,7,28,臺中市,潭子區,0,1,0,8,1,5,60,14,8,1,5,4,5,7,4,4,10,4,4,1,18,23,2,1,1,1,C03,7,9,1,9,2,12,,23,23,1,22,8,C03,120.709876,24.235834,2
2022,7,20,7,35,臺中市,潭子區,0,1,0,8,1,5,50,3,1,1,5,4,5,7,1,1,5,4,4,2,17,25,3,10,1,1,F03,7,9,8,20,2,16,,25,25,1,22,9,F03,120.678487,24.203632,2
2022,7,20,7,40,臺中市,龍井區,0,0,0,8,,,50,,,,,,,,,,,,,,,2,,,,,B03,,,1,,1,,,2,,1,22,,B03,120.579447,24.189977,4
2022,7,20,7,40,臺中市,梧棲區,0,0,0,8,,,50,,,,,,,,,,,,,,,23,,,,,B03,,,1,,1,,,23,,1,9,,B03,120.540232,24.25758,3
2022,7,20,7,41,臺中市,西區,0,0,0,8,,,50,,,,,,,,,,,,,,,26,,,,,B03,,,1,,1,,,26,,1,5,,B03,120.657262,24.140026,3
2022,7,20,7,43,臺中市,豐原區,0,0,0,8,,,30,,,,,,,,,,,,,,,23,,,,,C03,,,1,,2,,,23,,1,22,,C03,120.737808,24.23379,3
2022,7,20,7,45,臺中市,潭子區,0,0,0,8,1,5,80,14,9,1,5,4,5,7,4,4,1,3,5,1,13,16,,,,,B03,,,1,,2,,,16,,1,22,,B03,120.711012,24.200602,3
2022,7,20,7,45,臺中市,神岡區,0,0,0,8,,,50,,,,,,,,,,,,,,,23,,,,,C03,,,1,,1,,,23,,1,21,,C03,120.700331,24.251126,4
2022,7,20,7,50,臺中市,北屯區,0,1,0,8,1,5,50,4,1,1,5,4,5,7,1,1,10,5,5,2,16,6,3,10,1,1,B03,7,6,1,8,2,5,,6,6,1,21,8,B03,120.671128,24.175197,2
2022,7,20,7,52,臺中市,北屯區,0,0,0,8,,,80,,,,,,,,,,,,,,,7,,,,,B03,,,1,,1,,,7,,1,22,,B03,120.677925,24.201091,3
2022,7,20,7,52,臺中市,神岡區,0,1,0,8,1,5,50,4,1,1,5,4,5,7,1,1,10,5,5,2,17,42,3,10,3,4,C03,7,9,1,10,2,11,,42,42,1,22,9,C03,120.689391,24.257879,2
2022,7,20,7,53,臺中市,大雅區,0,0,0,8,,,30,,,,,,,,,,,,,,,6,,,,,B03,,,1,,2,,,6,,1,22,,B03,120.638174,24.218453,3
2022,7,20,7,53,臺中市,大里區,0,0,0,8,,,50,,,,,,,,,,,,,,,23,,,,,C03,,,1,,2,,,23,,1,22,,C03,120.686256,24.071598,3
2022,7,20,7,54,臺中市,大里區,0,1,0,8,1,5,50,3,2,1,5,4,5,7,1,1,5,4,5,1,12,7,2,9,1,1,C03,7,7,1,10,2,14,,7,7,1,21,1,C03,120.686847,24.096605,2
2022,7,20,7,59,臺中市,南區,0,1,0,8,1,5,40,4,2,1,5,4,5,7,2,1,1,4,4,2,18,23,2,8,1,1,C03,7,9,1,10,2,14,,23,23,1,5,8,C03,120.657454,24.129632,2
2022,7,20,8,5,臺中市,大雅區,0,0,0,8,,,50,,,,,,,,,,,,,,,12,,,,,B03,,,1,,2,,,12,,1,22,,B03,120.666844,24.235406,3
2022,7,20,8,5,臺中市,大雅區,0,1,0,8,1,5,50,14,9,1,5,4,5,7,1,1,5,5,5,1,16,26,3,10,1,1,C03,7,11,1,10,2,11,,26,26,1,22,9,C03,120.644153,24.228788,2
2022,7,20,8,10,臺中市,龍井區,0,0,0,8,,,30,,,,,,,,,,,,,,,12,,,,,A12,,,1,,2,,,12,,1,10,,A12,120.588323,24.179501,3
2022,7,20,8,15,臺中市,太平區,0,0,0,8,,,50,,,,,,,,,,,,,,,1,,,,,B03,,,1,,1,,,1,,1,22,,B03,120.728595,24.134558,3
2022,7,20,8,16,臺中市,北區,0,2,0,8,1,5,50,4,1,1,5,4,5,7,1,1,5,5,4,2,16,6,2,9,1,1,C03,7,5,3,18,2,12,,6,6,1,21,8,C03,120.666318,24.159226,2
2022,7,20,8,19,臺中市,西屯區,0,1,0,8,1,5,40,4,2,1,5,4,5,7,1,1,8,3,5,1,11,6,3,10,1,1,B11,7,5,1,8,2,1,,6,6,1,22,8,B11,120.666624,24.171888,2
2022,7,20,8,20,臺中市,南區,0,0,0,8,,,40,,,,,,,,,,,,,,,23,,,,,C03,,,1,,2,,,23,,1,22,,C03,120.656655,24.116477,3
2022,7,20,8,23,臺中市,西屯區,0,1,0,8,1,5,50,5,2,1,5,4,5,7,1,1,5,4,5,2,18,42,2,9,3,4,C03,7,9,1,10,2,12,,42,42,1,22,8,C03,120.657037,24.163058,2
2022,7,20,8,29,臺中市,南區,0,0,0,8,,,50,,,,,,,,,,,,,,,12,,,,,B03,,,1,,2,,,12,,1,22,,B03,120.656193,24.119091,3
2022,7,20,8,35,臺中市,北區,0,2,0,8,1,5,50,3,1,1,5,4,5,7,4,4,10,5,5,2,15,19,2,9,1,1,C03,7,1,1,10,2,14,,19,19,1,22,8,C03,120.67685,24.164106,2
2022,7,20,8,35,臺中市,東區,0,1,0,8,1,5,50,3,2,1,5,4,5,7,1,1,3,4,5,2,16,26,2,9,3,4,C03,7,15,1,10,2,14,,26,26,1,5,8,C03,120.697238,24.139431,2
2022,7,20,8,44,臺中市,北屯區,0,0,0,8,,,50,,,,,,,,,,,,,,,23,,,,,B03,,,1,,1,,,23,,1,21,,B03,120.685322,24.173124,3
2022,7,20,8,49,臺中市,西屯區,0,1,0,8,1,5,50,3,1,1,5,4,5,7,1,1,5,2,4,2,16,26,3,10,1,1,B03,7,6,1,8,2,5,,26,26,1,21,8,B03,120.613147,24.171587,2
2022,7,20,8,54,臺中市,大雅區,0,0,0,8,,,50,,,,,,,,,,,,,,,16,,,,,C03,,,1,,2,,,16,,1,22,,C03,120.649498,24.2145,3
2022,7,20,8,58,臺中市,大里區,0,1,0,8,1,5,50,3,1,1,5,4,5,7,4,4,5,4,4,1,13,16,2,9,3,4,C03,7,9,1,10,2,11,,16,16,1,22,9,C03,120.698448,24.10953,2
2022,7,20,9,6,臺中市,東區,0,0,0,,,,50,,,,,,,,,,,,,,,12,,,,,B12,,,1,,2,,,12,,1,22,,B12,120.700808,24.131241,3
2022,7,20,9,8,臺中市,潭子區,0,0,0,8,,,80,,,,,,,,,,,,,,,23,,,,,B03,,,1,,2,,,23,,1,22,,B03,120.70573,24.200592,3
2022,7,20,9,10,臺中市,南屯區,0,0,0,,,,50,,,,,,,,,,,,,,,23,,,,,B03,,,1,,1,,,23,,1,4,,B03,120.637724,24.142453,3
2022,7,20,9,25,臺中市,南屯區,0,0,0,,,,50,,,,,,,,,,,,,,,23,,,,,B03,,,1,,2,,,23,,1,4,,B03,120.64589,24.142541,3
2022,7,20,9,30,臺中市,南屯區,0,1,0,8,1,5,50,3,1,1,5,4,5,7,4,4,1,5,5,2,13,16,2,9,1,1,C03,7,9,1,10,2,11,,16,16,1,22,8,C03,120.64695,24.141802,2
2022,7,20,9,34,臺中市,北區,0,1,0,8,1,5,50,4,9,1,5,4,1,5,1,1,5,4,5,2,16,7,3,10,1,1,B03,7,8,1,8,2,2,,7,7,1,21,8,B03,120.67223,24.165152,2
2022,7,20,9,34,臺中市,西屯區,0,3,0,8,1,5,50,14,9,1,5,4,5,7,4,4,5,5,5,2,16,19,2,5,1,1,F03,7,1,8,20,2,16,,19,19,1,22,8,F03,120.639444,24.179726,2
2022,7,20,9,45,臺中市,大里區,0,0,0,8,,,50,,,,,,,,,,,,,,,12,,,,,B12,,,1,,2,,,12,,1,5,,B12,120.703704,24.097396,3
2022,7,20,9,49,臺中市,潭子區,0,1,0,8,1,8,50,3,2,1,5,4,5,7,4,4,5,4,4,2,16,10,3,10,1,1,B03,7,11,1,8,2,7,,10,10,1,22,9,B03,120.703215,24.215042,2
2022,7,20,10,5,臺中市,大甲區,0,1,0,8,1,5,50,4,1,1,5,4,5,7,4,4,5,5,5,2,16,6,2,1,1,1,B03,7,9,1,8,2,8,,6,6,1,21,8,B03,120.637835,24.418615,2
2022,7,20,10,10,臺中市,西屯區,0,0,0,8,,,40,,,,,,,,,,,,,,,12,,,,,B11,,,1,,11,,,12,,1,22,,B11,120.633613,24.174396,3
2022,7,20,10,16,臺中市,南屯區,0,1,0,8,1,5,50,4,1,1,5,4,5,7,2,1,1,2,5,2,16,6,3,10,1,1,B03,7,6,1,8,2,2,,6,6,1,4,8,B03,120.630846,24.14649,2
2022,7,20,10,19,臺中市,大雅區,0,0,0,8,,,50,,,,,,,,,,,,,,,23,,,,,B11,,,1,,9,,,23,,2,22,,B11,120.651955,24.225241,3
2022,7,20,10,20,臺中市,南屯區,0,0,0,,,,50,,,,,,,,,,,,,,,23,,,,,A11,,,1,,2,,,23,,1,4,,A11,120.640839,24.141282,3
2022,7,20,10,24,臺中市,梧棲區,0,0,0,8,,,30,,,,,,,,,,,,,,,19,,,,,B03,,,1,,2,,,19,19,1,9,,B03,120.550559,24.25286,3
2022,7,20,10,27,臺中市,南區,0,0,0,8,,,40,,,,,,,,,,,,,,,23,,,,,A11,,,1,,2,,,23,,1,22,,A11,120.654167,24.116536,3
2022,7,20,10,33,臺中市,北屯區,0,0,0,8,,,50,,,,,,,,,,,,,,,23,,,,,B03,,,1,,1,,,23,,1,19,,B03,120.693689,24.167254,3
2022,7,20,10,34,臺中市,大里區,0,0,0,8,,,30,,,,,,,,,,,,,,,1,,,,,B03,,,1,,2,,,1,,1,4,,B03,120.687802,24.086392,3
2022,7,20,10,35,臺中市,大里區,0,0,0,8,,,30,,,,,,,,,,,,,,,23,,,,,B12,,,1,,2,,,23,,1,21,,B12,120.708952,24.11087,3
2022,7,20,10,41,臺中市,霧峰區,0,1,0,8,1,5,50,14,9,1,5,4,5,7,4,4,10,4,5,1,16,19,3,10,1,1,B03,7,1,1,6,2,1,,19,19,1,22,8,B03,120.676559,24.049302,2
2022,7,20,10,44,臺中市,西屯區,0,0,0,8,,,30,,,,,,,,,,,,,,,6,,,,,B03,,,1,,1,,,6,,1,22,,B03,120.648147,24.182988,3
2022,7,20,10,45,臺中市,太平區,0,0,0,8,,,50,,,,,,,,,,,,,,,3,,,,,B03,,,1,,2,,,3,,1,22,,B03,120.719034,24.117678,3
2022,7,20,10,48,臺中市,石岡區,0,0,0,8,,,50,,,,,,,,,,,,,,,42,,,,,B03,,,1,,2,,,42,,1,21,,B03,120.762428,24.277118,3
2022,7,20,10,50,臺中市,西屯區,0,0,0,8,,,50,,,,,,,,,,,,,,,42,,,,,B03,,,1,,11,,,42,,1,22,,B03,120.656675,24.161765,3
2022,7,20,10,56,臺中市,南區,0,1,0,8,1,5,40,14,8,1,5,4,5,7,4,4,3,4,4,2,16,6,3,10,3,4,B03,7,6,1,8,2,2,,6,6,1,5,8,B03,120.701286,24.142163,2
2022,7,20,11,0,臺中市,大雅區,0,0,0,8,,,50,,,,,,,,,,,,,,,18,,,,,B12,,,1,,2,,,18,,1,22,,B12,120.64697,24.222156,3
2022,7,20,11,0,臺中市,東區,0,0,0,8,,,50,,,,,,,,,,,,,,,42,,,,,A12,,,1,,2,,,42,,1,22,,A12,120.697807,24.146444,3
2022,7,20,11,0,臺中市,西屯區,0,1,0,8,1,5,50,14,9,1,5,4,5,7,4,4,1,4,5,2,29,43,2,9,1,1,C03,7,9,1,10,2,12,,43,43,1,22,8,C03,120.602976,24.184462,2
2022,7,20,11,2,臺中市,大里區,0,0,0,8,,,30,,,,,,,,,,,,,,,23,,,,,B12,,,1,,11,,,23,,1,4,,B12,120.705697,24.092834,3
2022,7,20,11,4,臺中市,清水區,0,0,0,8,,,50,,,,,,,,,,,,,,,34,,,,,B12,,,1,,1,,,34,,1,21,,B12,120.636566,24.276833,3
2022,7,20,11,5,臺中市,潭子區,0,0,0,8,,,30,,,,,,,,,,,,,,,19,,,,,C03,,,1,,2,,,19,,1,22,,C03,120.711677,24.209882,3
2022,7,20,11,6,臺中市,霧峰區,0,1,0,8,1,5,50,4,1,1,5,4,5,7,3,1,10,5,5,1,15,6,2,9,1,1,C03,7,9,1,10,2,12,,6,6,1,4,8,C03,120.702367,24.068868,2
2022,7,20,11,8,臺中市,霧峰區,0,0,0,8,,,50,,,,,,,,,,,,,,,19,,,,,C03,,,3,,2,,,19,,1,22,,C03,120.696952,24.063952,4
2022,7,20,11,10,臺中市,大甲區,0,1,0,8,1,5,70,4,1,1,5,4,5,7,2,1,1,5,5,2,16,6,3,10,1,1,B03,7,6,1,8,2,2,,6,6,1,21,8,B03,120.651215,24.381341,2
2022,7,20,11,22,臺中市,北屯區,0,0,0,8,,,50,,,,,,,,,,,,,,,12,,,,,A11,,,4,,2,,,12,,1,22,,A11,120.702501,24.172866,3
2022,7,20,11,23,臺中市,潭子區,0,0,0,8,1,5,50,14,9,1,5,4,5,7,4,4,5,5,5,1,17,23,,,,,B03,,,1,,2,,,23,,1,22,,B03,120.71061,24.207594,3
2022,7,20,11,24,臺中市,西屯區,0,0,0,8,,,40,,,,,,,,,,,,,,,6,,,,,B01,,,1,,2,,,6,,1,22,,B01,120.655911,24.158976,3
2022,7,20,11,29,臺中市,潭子區,0,1,0,8,1,5,50,14,9,1,5,4,5,7,4,4,5,4,5,1,16,19,2,9,1,1,C03,7,1,3,18,9,11,,19,19,2,22,9,C03,120.698209,24.194549,2
2022,7,20,11,32,臺中市,東區,0,1,0,8,1,5,40,14,8,1,5,4,5,7,4,4,9,5,4,2,12,19,3,10,1,1,B03,7,1,1,8,2,3,,19,19,1,5,8,B03,120.699871,24.141129,2
2022,7,20,11,38,臺中市,西區,0,1,0,8,1,5,50,4,1,1,5,4,5,7,1,1,10,5,5,2,17,23,3,10,1,1,B03,7,9,1,8,2,1,,23,23,1,21,8,B03,120.677621,24.137148,2
2022,7,20,11,40,臺中市,清水區,0,0,0,8,,,50,,,,,,,,,,,,,,,10,,,,,B03,,,1,,2,,,10,,1,22,,B03,120.571784,24.268516,3
2022,7,20,11,40,臺中市,沙鹿區,0,1,0,8,1,5,50,3,1,1,5,4,5,7,2,1,10,5,5,2,15,25,2,9,1,1,C03,7,9,1,10,2,11,,25,25,1,18,4,C03,120.55739,24.224356,2
2022,7,20,11,42,臺中市,豐原區,0,2,0,8,1,5,50,3,1,1,5,4,5,7,4,4,5,5,4,2,16,6,2,1,1,1,C03,7,5,1,10,2,11,12,6,6,1,21,8,C03,120.71386,24.25098,2
2022,7,20,11,45,臺中市,潭子區,0,1,0,8,1,5,30,14,9,1,5,4,5,7,4,4,10,5,5,2,16,5,3,10,1,1,C03,7,9,1,10,2,11,,5,5,1,22,9,C03,120.681985,24.221822,2
2022,7,20,11,52,臺中市,北屯區,0,1,0,8,1,5,50,4,1,1,5,4,5,7,4,4,10,5,5,2,15,6,3,10,1,1,C03,7,9,1,10,2,11,,6,6,1,21,8,C03,120.702034,24.169022,2