年,月,日,時,分,縣市,區,死,受傷,2-30,天候,光線,道路類別,速限,道路型態,事故位置,路面鋪裝,路面狀態,路面缺陷,障礙物,視距,號誌種類,號誌動作,分向設施,快車道或一般車道間,快慢車道間,路面邊線,事故類型及型態,主要肇因,受傷程度,主要傷處,保護裝備,行動電話,當事者區分,車輛用途,當事者行動狀態,駕駛資格情形,駕駛執照種類,飲酒情形,車輛撞擊部位最初,車輛撞擊部位其他,肇事因素個別,肇事因素主要,肇事逃逸,職業,旅次目的,車種,GPS緯度,GPS經度,事故類別
2022,7,20,22,40,臺中市,西屯區,0,0,0,8,,,50,,,,,,,,,,,,,,,17,,,,,B12,,,1,,1,,,17,,1,4,,B12,120.62113,24.184898,3
2022,7,20,22,53,臺中市,南區,0,2,0,8,3,5,50,4,1,1,5,4,5,7,1,1,10,5,5,2,16,26,2,9,1,1,C03,7,8,1,10,2,12,,26,26,1,22,8,C03,120.650213,24.120583,2
2022,7,20,22,58,臺中市,西屯區,0,1,0,8,3,5,50,14,8,1,5,4,5,7,4,4,5,4,4,2,17,30,3,10,3,4,B12,7,9,1,6,9,15,,30,30,1,22,9,B12,120.647105,24.173389,2
2022,7,21,0,0,臺中市,清水區,0,0,0,8,,,30,,,,,,,,,,,,,,,23,,,,,B03,,,1,,2,,,23,,1,21,,B03,120.575086,24.295572,3
2022,7,21,1,30,臺中市,梧棲區,0,2,0,8,3,5,30,4,1,1,5,4,5,7,1,1,10,5,5,2,15,42,2,9,3,4,C03,7,9,1,10,2,11,,42,42,1,18,8,C03,120.557197,24.253504,2
2022,7,21,5,50,臺中市,北屯區,0,1,0,8,2,5,50,4,1,1,5,4,5,7,3,1,10,5,5,2,16,6,3,10,3,4,B03,7,9,1,8,11,8,,6,6,1,21,8,B03,120.704567,24.186493,2
2022,7,21,6,10,臺中市,西區,0,1,0,8,1,5,50,3,2,1,5,4,5,7,1,1,5,4,4,2,13,23,3,10,1,1,B12,7,14,1,8,2,1,,23,23,1,6,1,B12,120.657363,24.144171,2
2022,7,21,6,42,臺中市,梧棲區,0,2,0,8,1,5,30,4,1,1,5,4,5,7,4,4,10,5,5,2,16,6,2,8,1,1,C03,7,5,1,10,2,14,,6,6,1,9,8,C03,120.541067,24.226371,2
2022,7,21,6,43,臺中市,大雅區,0,2,0,8,1,5,50,11,9,1,5,4,5,7,4,4,5,4,5,1,3,53,2,8,3,5,H01,8,16,8,20,10,16,,53,53,1,22,9,H01,120.655921,24.22996,2
2022,7,21,6,52,臺中市,潭子區,0,2,0,8,1,5,60,14,8,1,5,4,5,7,4,4,1,4,4,1,16,6,3,10,1,1,A41,7,6,1,1,2,5,,6,6,1,22,8,A41,120.707818,24.226594,2
2022,7,21,6,55,臺中市,霧峰區,0,1,0,8,1,5,30,14,9,1,5,4,5,7,4,4,10,5,5,1,16,6,3,10,3,4,B03,7,1,1,8,2,8,,6,6,1,3,8,B03,120.701357,24.011592,2
2022,7,21,7,5,臺中市,西屯區,0,0,0,8,,,50,,,,,,,,,,,,,,,42,,,,,C03,,,1,,2,,,42,,1,12,,C03,120.618477,24.177001,3
2022,7,21,7,15,臺中市,南區,0,1,0,8,1,5,50,4,1,1,5,4,5,7,1,1,10,5,5,2,13,16,2,9,1,1,C03,7,9,1,10,2,11,,16,16,1,22,8,C03,120.666989,24.114227,2
2022,7,21,7,18,臺中市,北區,0,1,0,8,1,5,50,4,2,1,5,4,1,7,2,1,10,5,5,2,12,6,3,10,1,1,B01,7,6,1,4,2,5,,6,6,1,5,8,B01,120.66834,24.162842,2
2022,7,21,7,22,臺中市,南屯區,0,1,0,8,1,5,50,3,1,1,5,4,5,7,1,1,5,4,4,2,16,8,3,10,3,4,C03,7,5,1,10,2,13,,8,8,1,22,9,C03,120.610599,24.132011,2
2022,7,21,7,28,臺中市,西屯區,0,1,0,8,1,5,1,14,20,5,5,4,5,7,4,4,10,5,5,2,16,19,3,10,1,1,B03,7,1,1,8,2,5,,19,19,1,22,8,B03,120.650419,24.164434,2
2022,7,21,7,30,臺中市,神岡區,0,1,0,8,1,5,50,14,8,1,5,4,5,7,4,4,9,4,4,2,17,6,3,10,1,1,C03,7,5,1,10,2,12,,6,6,1,12,8,C03,120.656178,24.260566,2
2022,7,21,7,32,臺中市,北屯區,0,1,0,8,1,5,50,4,1,1,5,4,5,7,1,1,10,5,5,2,16,6,3,10,1,1,B03,7,6,1,8,2,5,,6,6,1,21,8,B03,120.668672,24.178276,2
2022,7,21,7,33,臺中市,北區,0,2,0,8,1,5,50,4,1,1,5,4,5,7,1,1,10,5,5,2,17,26,2,9,1,1,C03,7,9,1,10,2,11,,26,26,1,22,8,C03,120.682364,24.16033,2
2022,7,21,7,34,臺中市,龍井區,0,0,0,8,,,50,,,,,,,,,,,,,,,23,,,,,B03,,,1,,2,,,23,,1,22,,B03,120.585444,24.185489,3
2022,7,21,7,35,臺中市,烏日區,0,0,0,8,,,40,,,,,,,,,,,,,,,23,,,,,B03,,,1,,2,,,23,,1,22,,B03,120.645154,24.111871,3
2022,7,21,7,35,臺中市,梧棲區,0,0,0,8,,,50,,,,,,,,,,,,,,,16,,,,,B03,,,1,,1,,,16,,1,22,,B03,120.533074,24.260148,3
2022,7,21,7,46,臺中市,石岡區,0,1,0,8,1,5,30,4,1,1,5,4,5,7,4,4,10,5,5,2,17,8,3,10,1,1,B12,7,5,1,8,2,8,,8,8,1,21,8,B12,120.792483,24.273954,2
2022,7,21,7,47,臺中市,清水區,0,1,0,8,1,5,50,4,1,1,5,4,5,7,1,1,8,3,4,1,16,9,3,10,1,1,B03,7,6,1,8,2,2,,9,9,1,21,8,B03,120.573435,24.264175,2
2022,7,21,7,50,臺中市,大肚區,0,0,0,8,,,50,,,,,,,,,,,,,,,23,,,,,A02,,,1,,2,,,23,,1,10,,A02,120.564505,24.122972,3
2022,7,21,7,56,臺中市,西屯區,0,1,0,8,1,5,50,4,1,1,5,4,5,7,1,1,10,5,5,2,13,6,3,10,1,1,C03,7,6,1,10,2,13,,6,6,1,22,8,C03,120.601482,24.161024,2
2022,7,21,7,58,臺中市,大雅區,0,2,0,8,1,5,30,4,1,1,5,4,5,7,1,1,10,5,5,2,17,1,2,9,1,1,C03,7,4,1,10,2,12,,1,1,1,22,9,C03,120.636905,24.222292,2
2022,7,21,7,58,臺中市,大里區,0,0,0,8,,,40,,,,,,,,,,,,,,,17,,,,,B03,,,1,,1,,,17,,1,22,,B03,120.680793,24.115438,4
2022,7,21,8,2,臺中市,南屯區,0,0,0,8,,,50,,,,,,,,,,,,,,,19,,,,,B03,,,1,,2,,,19,,1,22,,B03,120.610701,24.149473,3
2022,7,21,8,7,臺中市,北屯區,0,2,0,8,1,5,50,4,1,1,5,4,5,7,4,4,1,4,4,2,15,6,2,9,1,1,C03,7,9,1,10,2,11,,14,6,1,22,8,C03,120.703007,24.178253,2
2022,7,21,8,9,臺中市,西屯區,0,0,0,8,,,30,,,,,,,,,,,,,,,6,,,,,B03,,,1,,1,,,6,,1,12,,B03,120.61792,24.188815,3
2022,7,21,8,15,臺中市,大里區,0,0,0,8,,,40,,,,,,,,,,,,,,,7,,,,,B03,,,1,,2,,,7,,1,21,,B03,120.691897,24.101094,3
2022,7,21,8,16,臺中市,大雅區,0,1,0,8,1,5,60,5,1,1,5,4,5,7,1,1,3,4,4,1,16,6,3,10,1,1,B12,7,5,1,8,2,5,,6,6,1,22,9,B12,120.650019,24.212707,2
2022,7,21,8,20,臺中市,東勢區,0,1,0,8,1,8,50,3,1,1,5,4,5,7,1,1,10,5,5,2,12,42,2,9,1,1,C03,7,5,1,10,2,14,,42,42,1,21,8,C03,120.823163,24.2616,2
2022,7,21,8,25,臺中市,南屯區,0,0,0,,,,50,,,,,,,,,,,,,,,23,,,,,B03,,,1,,1,,,23,,1,22,,B03,120.633754,24.141383,3
2022,7,21,8,25,臺中市,北屯區,0,1,0,8,1,5,50,4,7,1,5,4,5,7,4,4,10,5,4,2,17,8,2,9,1,1,C03,7,5,1,10,2,12,,8,8,1,5,8,C03,120.68344,24.171653,2
2022,7,21,8,26,臺中市,潭子區,0,1,0,8,1,5,50,4,2,1,5,4,5,7,1,1,1,4,4,1,13,16,2,9,1,1,C03,7,9,1,10,2,11,,16,16,1,22,9,C03,120.693268,24.216146,2
2022,7,21,8,35,臺中市,北屯區,0,0,0,8,,,50,,,,,,,,,,,,,,,23,,,,,B03,,,1,,2,,,23,,1,21,,B03,120.674112,24.173988,3
2022,7,21,8,40,臺中市,北屯區,0,0,0,8,,,50,,,,,,,,,,,,,,,26,,,,,B03,,,1,,1,,,26,,1,22,,B03,120.72204,24.162535,3
2022,7,21,8,40,臺中市,大甲區,2,1,0,8,1,5,30,4,1,1,5,4,5,7,4,4,10,5,5,2,15,6,2,9,1,1,A31,7,9,1,1,2,1,,6,6,1,10,4,A31,120.632985,24.37659,1
2022,7,21,8,40,臺中市,豐原區,0,1,0,8,1,5,50,4,9,1,5,4,5,7,1,1,3,4,5,1,18,42,2,9,1,1,C03,7,14,1,10,1,15,,42,42,1,22,8,C03,120.70923,24.249939,2
2022,7,21,8,45,臺中市,西屯區,0,1,0,8,1,5,50,14,9,1,5,4,5,7,4,4,9,4,5,2,12,23,2,9,1,1,C03,7,8,1,10,2,11,,23,23,1,12,8,C03,120.654625,24.168125,2
2022,7,21,8,45,臺中市,霧峰區,0,0,0,8,,,50,,,,,,,,,,,,,,,23,,,,,B03,,,1,,2,,,23,,1,21,,B03,120.735335,24.066594,3
2022,7,21,8,50,臺中市,梧棲區,0,1,0,8,1,5,70,3,1,1,5,4,5,7,1,1,10,5,5,1,17,23,3,10,3,4,B12,7,5,1,8,2,8,,23,23,1,22,8,B12,120.547314,24.233319,2
2022,7,21,9,5,臺中市,大雅區,0,0,0,8,,,40,,,,,,,,,,,,,,,17,,,,,A11,,,1,,9,,,17,17,2,22,,A11,120.651972,24.209786,3
2022,7,21,9,6,臺中市,西區,0,0,0,8,,,50,,,,,,,,,,,,,,,23,,,,,C03,,,1,,1,,,23,,1,5,,C03,120.677263,24.140206,3
2022,7,21,9,8,臺中市,西屯區,0,0,0,8,,,50,,,,,,,,,,,,,,,8,,,,,B03,,,1,,1,,,8,,1,22,,B03,120.651869,24.17612,3
2022,7,21,9,12,臺中市,東區,0,1,0,8,1,5,40,4,1,1,5,4,5,7,1,1,10,5,5,2,16,26,2,7,3,4,C03,7,5,1,10,2,14,,26,26,1,5,8,C03,120.690266,24.13003,2
2022,7,21,9,15,臺中市,東區,0,1,0,8,1,5,50,4,1,1,5,4,5,7,1,1,10,5,5,2,18,43,2,7,1,1,C03,7,9,1,10,2,15,,43,43,1,22,8,C03,120.699663,24.144684,2
2022,7,21,9,20,臺中市,神岡區,0,1,0,8,1,5,50,4,2,1,5,4,5,7,1,1,1,4,5,2,17,8,3,10,1,1,A12,7,5,1,7,2,2,,8,8,1,12,8,A12,120.696095,24.248364,2
2022,7,21,9,21,臺中市,潭子區,0,1,0,8,1,5,30,3,1,1,5,4,5,7,4,4,5,5,5,1,16,6,2,9,1,1,C03,7,6,1,10,2,14,,6,6,1,22,9,C03,120.68141,24.223532,2
2022,7,21,10,0,臺中市,霧峰區,0,0,0,6,,,50,,,,,,,,,,,,,,,12,,,,,B12,,,1,,2,,,12,12,1,22,,B12,120.66218,24.07189,3
2022,7,21,10,5,臺中市,南屯區,0,0,0,8,,,50,,,,,,,,,,,,,,,23,,,,,B01,,,1,,1,,,23,,1,22,,B01,120.606924,24.148147,3
2022,7,21,10,15,臺中市,北區,0,0,0,,,,50,,,,,,,,,,,,,,,26,,,,,B12,,,1,,2,,,26,,1,21,,B12,120.677303,24.151254,3
2022,7,21,10,22,臺中市,沙鹿區,0,1,0,8,1,5,50,4,1,1,5,4,5,7,1,1,10,5,5,2,15,4,3,10,1,1,B03,7,9,1,8,2,8,,4,4,1,21,8,B03,120.56903,24.255916,2
2022,7,21,10,26,臺中市,清水區,0,0,0,8,,,50,,,,,,,,,,,,,,,9,,,,,B03,,,2,,11,,,9,,1,21,,B03,120.577945,24.271715,3
2022,7,21,10,43,臺中市,大里區,0,0,0,8,,,50,,,,,,,,,,,,,,,23,,,,,B03,,,1,,2,,,23,,1,22,,B03,120.700233,24.092948,3
2022,7,21,10,44,臺中市,西區,0,1,0,8,1,5,50,3,1,1,5,4,5,7,4,4,10,5,5,2,17,42,3,10,1,1,B03,7,6,1,8,2,2,,42,42,1,22,9,B03,120.662323,24.14695,2
2022,7,21,10,52,臺中市,南屯區,0,1,0,8,1,5,50,3,1,1,5,4,5,7,4,4,5,5,5,2,16,6,3,10,1,1,B03,7,6,1,8,2,8,,6,6,1,22,8,B03,120.637588,24.140383,2
2022,7,21,11,17,臺中市,北區,0,1,0,8,1,5,50,4,1,1,5,4,5,7,2,1,10,5,5,2,12,9,3,10,1,1,B03,7,6,1,8,2,6,,9,9,1,4,8,B03,120.684992,24.161568,2
2022,7,21,11,20,臺中市,大里區,0,0,0,8,,,50,,,,,,,,,,,,,,,35,,,,,B12,,,1,,2,,,35,,1,6,,B12,120.702633,24.109588,3
2022,7,21,11,31,臺中市,西區,0,0,0,8,,,50,,,,,,,,,,,,,,,42,,,,,B03,,,1,,1,,,42,,1,22,,B03,120.674871,24.138434,3
2022,7,21,11,37,臺中市,西屯區,0,1,0,8,1,5,50,4,1,1,5,4,5,7,1,1,5,4,5,2,17,6,3,10,1,1,B01,7,6,1,4,2,5,7,6,6,1,10,8,B01,120.6261,24.184575,2
2022,7,21,11,38,臺中市,東區,0,0,0,8,,,30,,,,,,,,,,,,,,,12,,,,,B12,,,1,,2,,,12,,1,22,,B12,120.690822,24.132,3
2022,7,21,11,42,臺中市,沙鹿區,0,0,0,8,1,5,60,4,1,1,5,4,5,7,1,1,10,5,5,2,16,16,,,,,B03,,,1,,2,,,16,,1,5,,B03,120.569071,24.23773,3
2022,7,21,11,49,臺中市,南屯區,0,2,0,8,1,5,50,3,1,1,5,4,5,7,2,1,4,3,5,2,16,6,2,8,1,1,C03,7,5,1,10,2,12,14,6,6,1,22,8,C03,120.650008,24.135676,2
2022,7,21,11,50,臺中市,梧棲區,0,0,0,8,,,50,,,,,,,,,,,,,,,43,,,,,B12,,,1,,9,,,43,,1,10,,B12,120.519578,24.225499,3
2022,7,21,11,55,臺中市,北區,0,0,0,8,,,50,,,,,,,,,,,,,,,26,,,,,B03,,,1,,9,,,26,,2,22,,B03,120.681205,24.156502,3
2022,7,21,11,59,臺中市,潭子區,0,0,0,8,,,80,,,,,,,,,,,,,,,7,,,,,A11,,,1,,2,,,7,,1,22,,A11,120.696555,24.201,3
2022,7,21,12,2,臺中市,北屯區,0,0,0,8,,,50,,,,,,,,,,,,,,,12,,,,,A12,,,1,,9,,,12,,1,22,,A12,120.700161,24.170028,3
2022,7,21,12,3,臺中市,大雅區,0,0,0,8,,,30,,,,,,,,,,,,,,,5,,,,,B03,,,1,,2,,,5,,1,22,,B03,120.64231,24.21046,3
2022,7,21,12,4,臺中市,西屯區,0,3,0,8,1,5,40,4,1,1,5,4,5,7,2,1,10,5,5,2,16,6,2,9,1,1,C03,7,5,3,18,2,14,,6,6,1,22,8,C03,120.660526,24.164596,2
2022,7,21,12,4,臺中市,西屯區,0,0,0,8,,,50,,,,,,,,,,,,,,,42,,,,,B03,,,1,,1,,,42,,1,21,,B03,120.63436,24.172548,3
2022,7,21,12,15,臺中市,龍井區,0,0,0,8,,,40,,,,,,,,,,,,,,,23,,,,,A31,,,5,,2,,,23,,1,22,,A31,120.580759,24.176052,3
2022,7,21,12,26,臺中市,東區,0,0,0,,,,40,,,,,,,,,,,,,,,23,,,,,B01,,,1,,2,,,23,,1,10,,B01,120.686466,24.137785,3
2022,7,21,12,27,臺中市,南屯區,0,0,0,8,,,40,,,,,,,,,,,,,,,12,,,,,A11,,,1,2,2,,,12,12,2,22,,A11,120.615168,24.14727,3
2022,7,21,12,30,臺中市,北屯區,0,1,0,8,1,5,50,4,1,1,5,4,5,7,2,1,1,2,5,2,16,25,3,10,1,1,B12,7,9,1,8,2,8,,25,25,1,22,8,B12,120.721723,24.181934,2
2022,7,21,12,44,臺中市,豐原區,0,0,0,8,,,50,,,,,,,,,,,,,,,7,,,,,B12,,,1,,2,,,7,,1,22,,B12,120.721327,24.259569,3
2022,7,21,13,36,臺中市,西區,0,0,0,8,,,50,,,,,,,,,,,,,,,19,,,,,B03,,,1,8,1,,,19,19,1,5,,B03,120.673146,24.149085,3
2022,7,21,13,37,臺中市,西屯區,0,0,0,8,,,50,,,,,,,,,,,,,,,7,,,,,A11,,,1,,1,,,7,,1,22,,A11,120.620858,24.183713,3
2022,7,21,13,46,臺中市,太平區,0,2,0,8,1,5,50,5,1,1,5,4,1,7,1,1,10,5,5,2,17,25,2,7,1,1,C03,7,6,3,18,2,11,,25,25,1,21,8,C03,120.713089,24.143471,2
2022,7,21,13,50,臺中市,潭子區,0,2,0,8,1,5,40,14,7,1,5,4,5,7,4,4,5,4,4,2,12,6,3,10,1,1,B03,7,1,1,8,2,15,,6,6,1,22,8,B03,120.703166,24.211704,2
2022,7,21,13,51,臺中市,龍井區,0,1,0,8,1,5,40,14,8,1,5,3,5,7,4,4,10,5,5,2,29,23,2,9,3,4,C03,7,9,1,10,2,12,,23,23,1,22,9,C03,120.572872,24.189809,2
2022,7,21,13,52,臺中市,西屯區,0,0,0,8,,,60,,,,,,,,,,,,,,,23,,,,,B12,,,1,,11,,,23,23,1,22,,B12,120.657655,24.158401,3
2022,7,21,13,55,臺中市,沙鹿區,0,1,0,8,1,5,30,4,1,1,5,4,5,7,4,4,10,5,5,2,15,6,3,10,1,1,C03,7,9,1,10,5,11,,6,6,1,4,5,C03,120.559181,24.235551,2
2022,7,21,13,58,臺中市,北區,0,1,0,8,1,5,50,4,1,1,5,4,5,7,1,1,5,4,5,2,16,6,3,10,1,1,B03,7,6,1,8,2,6,,6,6,1,21,8,B03,120.666318,24.159226,2
2022,7,21,13,59,臺中市,大雅區,0,0,0,8,,,50,,,,,,,,,,,,,,,23,,,,,C03,,,1,,2,,,23,,1,22,,C03,120.65035,24.22315,3
2022,7,21,13,59,臺中市,大甲區,0,0,0,8,,,50,,,,,,,,,,,,,,,6,,,,,B03,,,1,,2,,,6,,1,21,,B03,120.62691,24.3492,3
2022,7,21,14,10,臺中市,南區,0,0,0,8,,,50,,,,,,,,,,,,,,,23,,,,,B12,,,1,,2,,,23,,1,22,,B12,120.661398,24.121844,3
2022,7,21,14,12,臺中市,北區,0,2,0,8,1,5,50,14,9,1,5,4,5,7,4,4,5,4,5,1,3,23,2,9,3,4,C03,7,9,1,10,2,11,,23,23,1,22,9,C03,120.685171,24.149801,2
2022,7,21,14,13,臺中市,大里區,0,0,0,8,,,30,,,,,,,,,,,,,,,17,,,,,A12,,,1,,2,,,17,,1,22,,A12,120.695033,24.078435,3
2022,7,21,14,14,臺中市,西區,0,0,0,8,,,50,,,,,,,,,,,,,,,23,,,,,B03,,,1,,1,,,23,,1,22,,B03,120.661677,24.140872,3
2022,7,21,14,25,臺中市,大肚區,0,0,0,8,,,30,,,,,,,,,,,,,,,19,,,,,B03,,,1,,2,,,19,,1,4,,B03,120.570883,24.131036,3
2022,7,21,14,29,臺中市,梧棲區,0,1,0,8,1,5,60,14,8,1,5,4,5,7,4,4,1,4,4,1,13,23,2,9,1,1,C03,7,9,1,10,2,11,,23,23,1,18,8,C03,120.534458,24.246173,2
2022,7,21,14,30,臺中市,東區,0,1,0,8,1,5,40,4,1,1,5,4,5,7,2,1,10,5,5,2,17,43,3,10,3,4,C03,7,9,1,10,2,14,,43,43,1,5,8,C03,120.701438,24.139435,2
2022,7,21,14,37,臺中市,西區,0,0,0,8,,,50,,,,,,,,,,,,,,,42,,,,,B01,,,1,4,1,,,42,42,1,10,,B01,120.671728,24.145295,3
2022,7,21,14,40,臺中市,潭子區,0,1,0,8,1,5,50,5,2,1,5,4,5,7,1,1,1,4,4,1,16,6,3,10,1,1,B12,7,6,1,7,2,5,,6,6,1,22,9,B12,120.68627,24.216007,2
2022,7,21,14,52,臺中市,豐原區,0,1,0,8,1,5,50,3,2,1,5,4,5,7,4,4,8,3,4,1,17,6,3,10,3,4,B03,7,5,1,8,2,2,,6,6,1,22,8,B03,120.713919,24.25103,2
2022,7,21,15,2,臺中市,太平區,0,0,0,8,,,50,,,,,,,,,,,,,,,23,,,,,B12,,,1,,2,,,23,,1,9,,B12,120.733613,24.155169,3
2022,7,21,15,12,臺中市,潭子區,0,0,0,8,,,50,,,,,,,,,,,,,,,42,,,,,B03,,,1,,2,,,42,,1,22,,B03,120.70072,24.216181,3
2022,7,21,15,25,臺中市,后里區,0,1,0,8,1,5,40,5,1,1,5,4,5,7,1,1,10,5,5,2,16,6,3,10,1,1,B03,7,6,1,8,2,2,,6,6,1,9,8,B03,120.66703,24.31619,2
2022,7,21,15,30,臺中市,梧棲區,0,0,0,8,,,30,,,,,,,,,,,,,,,17,,,,,B11,,,1,,1,,,17,,1,10,,B11,120.516401,24.233303,3
2022,7,21,15,33,臺中市,潭子區,0,0,0,8,,,30,,,,,,,,,,,,,,,6,,,,,B03,,,1,,2,,,6,,1,22,,B03,120.706874,24.203444,3
2022,7,21,15,35,臺中市,西屯區,0,0,0,8,,,50,,,,,,,,,,,,,,,17,,,,,B03,,,1,,2,,,17,,1,12,,B03,120.619025,24.181074,3
2022,7,21,15,35,臺中市,大甲區,0,0,0,8,,,50,,,,,,,,,,,,,,,42,,,,,B03,,,1,,2,,,42,,1,20,,B03,120.65083,24.39257,3
2022,7,21,15,37,臺中市,南區,0,2,0,8,1,5,50,5,1,1,5,4,5,7,2,1,10,5,5,2,12,42,2,8,1,1,C03,7,8,1,10,2,12,,42,42,1,18,8,C03,120.661476,24.121735,2
2022,7,21,15,40,臺中市,大里區,0,0,0,8,,,30,,,,,,,,,,,,,,,42,,,,,B12,,,1,,2,,,42,,1,10,,B12,120.705695,24.106454,3
2022,7,21,15,41,臺中市,梧棲區,0,1,0,8,1,5,30,14,9,1,5,4,5,7,4,4,10,5,5,2,16,19,2,9,1,1,C03,7,1,6,18,2,11,,19,19,1,3,8,C03,120.539085,24.240906,2
2022,7,21,15,43,臺中市,霧峰區,0,0,0,8,,,40,,,,,,,,,,,,,,,10,,,,,B12,,,1,,2,,,10,,1,22,,B12,120.679482,24.064945,3
2022,7,21,15,44,臺中市,清水區,0,2,0,8,1,5,50,4,1,1,5,4,5,7,2,1,1,3,4,2,16,6,2,9,1,1,C03,7,5,1,10,2,14,,6,6,1,21,8,C03,120.575374,24.268685,2
2022,7,21,15,45,臺中市,大甲區,0,0,0,,,,40,,,,,,,,,,,,,,,67,,,,,,,,,,,,,67,,1,,,,120.663185,24.401674,3
2022,7,21,15,48,臺中市,清水區,0,0,0,8,,,40,,,,,,,,,,,,,,,23,,,,,B03,,,1,,1,,,23,,1,21,,B03,120.540346,24.289121,3
2022,7,21,15,53,臺中市,太平區,0,0,0,8,,,50,,,,,,,,,,,,,,,12,,,,,A12,,,1,,2,,,12,,1,21,,A12,120.712296,24.125843,3
2022,7,21,15,55,臺中市,大雅區,0,0,0,8,,,60,,,,,,,,,,,,,,,7,,,,,B03,,,1,,2,,,7,,1,22,,B03,120.636922,24.234538,3
2022,7,21,15,56,臺中市,南區,0,0,0,8,,,50,,,,,,,,,,,,,,,12,,,,,B03,,,1,,2,,,12,,1,22,,B03,120.650827,24.12108,3
2022,7,21,15,56,臺中市,北屯區,0,1,0,8,1,5,50,3,9,1,5,4,5,7,1,1,1,4,5,2,13,23,3,10,1,1,B03,7,9,1,8,7,5,,23,23,1,21,8,B03,120.695134,24.166954,2
2022,7,21,15,57,臺中市,北屯區,0,0,0,8,,,40,,,,,,,,,,,,,,,12,,,,,B12,,,1,8,2,,,12,12,1,21,,B12,120.695815,24.177513,3
2022,7,21,15,57,臺中市,西屯區,0,0,0,8,,,1,,,,,,,,,,,,,,,19,,,,,B03,,,1,,1,,,19,,1,22,,B03,120.655976,24.170005,3
2022,7,21,16,0,臺中市,西屯區,0,0,0,8,,,40,,,,,,,,,,,,,,,43,,,,,,,,,,,,,43,,1,,,,120.666701,24.17115,3
2022,7,21,16,3,臺中市,東區,0,0,0,8,,,40,,,,,,,,,,,,,,,23,,,,,B03,,,1,8,2,,,23,23,1,5,,B03,120.700601,24.13888,3
2022,7,21,16,10,臺中市,西屯區,0,1,0,8,1,5,40,14,8,1,5,4,5,7,4,4,9,4,5,2,12,7,2,9,1,1,C03,7,7,1,10,2,14,,7,7,1,12,8,C03,120.6387,24.169034,2
2022,7,21,16,17,臺中市,東區,0,2,0,8,1,5,50,4,2,1,5,4,5,7,1,1,10,5,5,2,13,23,2,9,1,1,C03,7,9,1,10,2,11,,23,23,1,22,8,C03,120.697782,24.13316,2
2022,7,21,16,22,臺中市,梧棲區,0,1,0,8,1,5,70,5,1,1,5,4,5,7,1,1,10,5,5,2,16,25,3,10,1,1,B12,7,5,1,8,2,8,,25,25,1,5,8,B12,120.549499,24.239015,2
2022,7,21,16,23,臺中市,南區,0,1,0,8,1,5,50,14,9,1,5,4,4,7,1,1,4,5,5,2,16,6,3,10,1,1,B03,7,6,1,8,2,5,,6,6,1,22,8,B03,120.650784,24.12108,2
2022,7,21,16,24,臺中市,東區,0,3,0,8,1,5,50,4,1,1,5,4,5,7,4,4,10,5,5,2,15,6,2,9,1,1,C03,7,9,1,10,2,11,,6,6,1,5,8,C03,120.704002,24.136329,2
2022,7,21,16,25,臺中市,潭子區,0,2,0,8,1,5,30,3,1,1,5,4,5,5,4,4,10,5,5,2,16,6,2,9,1,1,C03,7,5,1,10,2,11,,6,6,1,22,8,C03,120.703049,24.213051,2
2022,7,21,16,25,臺中市,東勢區,0,0,0,8,,,50,,,,,,,,,,,,,,,23,,,,,B03,,,1,,2,,,23,,1,9,,B03,120.83082,24.25179,3
2022,7,21,16,30,臺中市,東勢區,0,0,0,8,,,50,,,,,,,,,,,,,,,23,,,,,B12,,,1,,2,,,23,,1,22,,B12,120.860644,24.236713,3
2022,7,21,16,31,臺中市,西區,0,1,0,8,1,5,30,4,1,1,5,4,5,7,4,4,10,5,5,2,15,6,2,9,1,1,C03,7,9,1,10,2,11,,6,6,1,22,8,C03,120.657871,24.156567,2
2022,7,21,16,36,臺中市,神岡區,0,0,0,8,1,5,50,11,9,1,5,4,5,7,4,4,5,5,5,1,13,23,3,10,3,4,B12,7,9,1,8,5,5,,23,23,1,22,9,B12,120.655531,24.272676,3
2022,7,21,16,37,臺中市,北屯區,0,0,0,8,,,50,,,,,,,,,,,,,,,23,,,,,C03,,,1,,9,,,23,23,1,21,,C03,120.690013,24.170339,3
2022,7,21,16,38,臺中市,東區,0,2,0,8,1,5,50,4,1,1,5,4,5,7,2,1,10,5,5,2,15,43,2,3,3,4,B12,7,9,1,7,2,2,,43,43,1,5,8,B12,120.701018,24.144508,2
2022,7,21,16,40,臺中市,北屯區,0,0,0,8,,,50,,,,,,,,,,,,,,,43,,,,,C03,,,1,,9,,,43,43,1,22,,C03,120.70541,24.16717,3
2022,7,21,16,48,臺中市,西屯區,0,1,0,8,1,5,30,14,9,1,5,4,5,7,4,4,10,5,5,2,14,12,3,10,1,1,B03,7,2,1,8,2,3,,12,12,1,22,8,B03,120.655898,24.170036,2