年,月,日,時,分,縣市,區,死,受傷,2-30,天候,光線,道路類別,速限,道路型態,事故位置,路面鋪裝,路面狀態,路面缺陷,障礙物,視距,號誌種類,號誌動作,分向設施,快車道或一般車道間,快慢車道間,路面邊線,事故類型及型態,主要肇因,受傷程度,主要傷處,保護裝備,行動電話,當事者區分,車輛用途,當事者行動狀態,駕駛資格情形,駕駛執照種類,飲酒情形,車輛撞擊部位最初,車輛撞擊部位其他,肇事因素個別,肇事因素主要,肇事逃逸,職業,旅次目的,車種,GPS緯度,GPS經度,事故類別
2022,7,21,16,56,臺中市,西屯區,0,0,0,8,,,50,,,,,,,,,,,,,,,23,,,,,B03,,,1,,1,,,23,,1,12,,B03,120.641104,24.165009,3
2022,7,21,16,58,臺中市,大雅區,0,1,0,8,1,5,30,4,1,1,5,4,5,7,4,4,10,5,5,1,16,8,3,10,1,1,B12,7,5,1,8,2,5,,8,8,1,22,8,B12,120.6341,24.212289,2
2022,7,21,16,59,臺中市,西區,0,0,0,,,,50,,,,,,,,,,,,,,,38,,,,,C01,,,1,,9,,,38,,1,21,,C01,120.661697,24.132814,3
2022,7,21,17,9,臺中市,南區,0,1,0,8,1,5,50,4,1,1,5,4,5,7,1,1,5,4,4,2,11,6,3,10,1,1,B03,7,5,1,8,2,6,,6,6,1,22,8,B03,120.652973,24.110958,2
2022,7,21,17,9,臺中市,龍井區,0,2,0,8,1,5,50,4,2,1,5,4,5,7,2,1,10,5,5,2,17,23,2,9,3,4,C03,7,9,1,10,2,13,,44,23,1,22,9,C03,120.583246,24.187025,2
2022,7,21,17,10,臺中市,大雅區,0,1,0,8,1,5,50,14,9,1,5,4,5,7,4,4,5,5,5,1,16,23,2,8,1,1,C03,7,9,1,10,2,11,,23,23,1,22,8,C03,120.65525,24.237401,2
2022,7,21,17,10,臺中市,南屯區,0,0,0,8,,,50,,,,,,,,,,,,,,,23,,,,,B03,,,1,8,2,,,23,23,1,12,,B03,120.623033,24.140267,3
2022,7,21,17,14,臺中市,潭子區,0,1,0,8,1,5,50,14,9,1,5,4,5,7,4,4,1,4,4,1,17,42,2,8,1,1,C03,7,9,1,10,2,13,,42,42,1,22,8,C03,120.687138,24.216021,2
2022,7,21,17,15,臺中市,南區,0,0,0,,,,50,,,,,,,,,,,,,,,7,,,,,B01,,,1,,2,,,7,,1,22,,B01,120.65445,24.116197,3
2022,7,21,17,15,臺中市,南屯區,0,0,0,8,,,50,,,,,,,,,,,,,,,17,,,,,B03,,,1,8,9,,,17,17,2,12,,B03,120.648929,24.148067,3
2022,7,21,17,18,臺中市,神岡區,0,2,0,8,1,5,50,14,8,1,5,4,5,7,4,4,9,5,4,2,16,10,2,9,3,4,C03,7,11,1,10,2,11,,10,10,1,22,9,C03,120.661773,24.258932,2
2022,7,21,17,19,臺中市,北屯區,0,2,0,8,1,5,50,3,1,1,5,4,5,7,4,4,1,4,5,2,16,6,2,7,1,1,B03,7,6,1,8,2,2,,6,6,1,21,8,B03,120.689432,24.201492,2
2022,7,21,17,21,臺中市,南屯區,0,1,0,8,1,5,50,3,1,1,5,4,5,7,1,1,5,4,4,2,17,37,2,9,1,1,C03,7,6,3,18,2,12,,43,37,1,22,8,C03,120.612858,24.154203,2
2022,7,21,17,26,臺中市,霧峰區,0,1,0,8,1,5,40,14,13,1,5,4,5,7,1,1,5,5,5,1,17,40,3,10,3,4,B03,7,14,1,8,2,4,,40,40,1,22,8,B03,120.667704,24.060837,2
2022,7,21,17,30,臺中市,大里區,0,0,0,8,,,50,,,,,,,,,,,,,,,23,,,,,C03,,,1,,2,,,23,,1,22,,C03,120.694235,24.089736,3
2022,7,21,17,30,臺中市,大肚區,0,0,0,8,,,70,,,,,,,,,,,,,,,2,,,,,B03,,,1,,2,,,2,,1,4,,B03,120.54868,24.141767,3
2022,7,21,17,31,臺中市,南區,0,0,0,8,,,50,,,,,,,,,,,,,,,23,,,,,B03,,,1,,1,,,23,,1,19,,B03,120.658141,24.116516,3
2022,7,21,17,32,臺中市,西屯區,0,0,0,8,,,50,,,,,,,,,,,,,,,16,,,,,B03,,,1,,1,,,16,,1,22,,B03,120.61376,24.175408,3
2022,7,21,17,35,臺中市,南區,0,0,0,8,,,50,,,,,,,,,,,,,,,42,,,,,B12,,,1,,2,,,42,,1,22,,B12,120.663662,24.123348,3
2022,7,21,17,39,臺中市,西屯區,0,1,0,8,1,5,40,3,1,1,5,4,5,7,4,4,10,5,5,2,16,1,2,9,1,1,C03,7,9,1,10,2,11,,1,1,1,22,5,C03,120.615946,24.182604,2
2022,7,21,17,44,臺中市,大雅區,0,0,0,8,,,30,,,,,,,,,,,,,,,23,,,,,B12,,,1,,2,,,23,,1,22,,B12,120.6598,24.20761,3
2022,7,21,17,46,臺中市,西屯區,0,1,0,8,2,5,50,14,9,1,5,4,5,7,4,4,1,4,5,2,16,6,3,10,1,1,B03,7,6,1,8,2,2,,6,6,1,22,8,B03,120.645588,24.16292,2
2022,7,21,17,50,臺中市,大雅區,0,1,0,8,2,5,50,14,9,1,5,4,5,7,4,4,10,5,5,1,17,11,3,10,1,1,C03,7,11,1,10,2,12,,11,11,1,22,9,C03,120.66884,24.21486,2
2022,7,21,17,50,臺中市,南屯區,0,2,0,8,1,5,50,4,1,1,5,4,5,7,2,1,10,5,5,2,16,26,2,9,1,1,C03,7,9,4,8,2,11,,26,26,1,22,8,C03,120.632356,24.145477,2
2022,7,21,17,50,臺中市,霧峰區,0,0,0,8,,,30,,,,,,,,,,,,,,,17,,,,,B12,,,1,,11,,,17,,1,22,,B12,120.661202,24.068185,3
2022,7,21,17,51,臺中市,西屯區,0,0,0,8,,,50,,,,,,,,,,,,,,,43,,,,,B03,,,1,,1,,,44,43,1,12,,B03,120.642221,24.177836,3
2022,7,21,17,53,臺中市,西區,0,0,0,,,,50,,,,,,,,,,,,,,,19,,,,,B03,,,3,,1,,,19,,1,21,,B03,120.668649,24.147795,3
2022,7,21,17,53,臺中市,神岡區,0,0,0,8,,,50,,,,,,,,,,,,,,,17,,,,,B12,,,1,,11,,,17,,1,22,,B12,120.696252,24.248537,3
2022,7,21,17,58,臺中市,霧峰區,0,0,0,8,,,50,,,,,,,,,,,,,,,23,,,,,B03,,,1,,2,,,23,,1,22,,B03,120.701072,24.070318,3
2022,7,21,18,5,臺中市,西屯區,0,0,0,8,,,50,,,,,,,,,,,,,,,23,,,,,B03,,,1,,1,,,23,,1,22,,B03,120.651414,24.157396,3
2022,7,21,18,7,臺中市,北屯區,0,0,0,8,,,50,,,,,,,,,,,,,,,43,,,,,C03,,,1,10,9,,,43,43,1,21,,C03,120.69308,24.162875,3
2022,7,21,18,10,臺中市,南屯區,0,1,0,8,1,5,50,4,1,1,5,4,5,7,4,4,10,5,5,2,17,6,3,10,1,1,B12,7,6,1,8,2,5,,6,6,1,22,8,B12,120.615583,24.153239,2
2022,7,21,18,10,臺中市,西屯區,0,0,0,8,,,30,,,,,,,,,,,,,,,23,,,,,B03,,,1,,1,,,23,,1,22,,B03,120.641633,24.192593,3
2022,7,21,18,11,臺中市,潭子區,0,1,0,8,1,5,50,14,7,1,5,4,5,7,4,4,3,4,4,1,13,23,3,10,1,1,B12,7,9,1,8,2,1,,23,23,1,22,8,B12,120.704563,24.209356,2
2022,7,21,18,12,臺中市,南區,0,0,0,,,,50,,,,,,,,,,,,,,,23,,,,,B03,,,1,,2,,,23,,1,19,,B03,120.654401,24.110893,3
2022,7,21,18,15,臺中市,東區,0,1,0,8,1,5,50,4,1,1,5,4,5,7,4,4,10,5,5,2,15,6,2,9,1,1,C03,7,9,1,10,2,12,,6,6,1,22,8,C03,120.70658,24.140988,2
2022,7,21,18,17,臺中市,西屯區,0,0,0,8,,,50,,,,,,,,,,,,,,,23,,,,,B03,,,1,,11,,,23,,1,22,,B03,120.615732,24.176545,3
2022,7,21,18,20,臺中市,西屯區,0,0,0,8,,,50,,,,,,,,,,,,,,,43,,,,,B02,,,1,,1,,,43,43,1,22,,B02,120.667838,24.177152,3
2022,7,21,18,20,臺中市,石岡區,0,0,0,8,,,70,,,,,,,,,,,,,,,23,,,,,B03,,,1,,2,,,23,,1,9,,B03,120.7644,24.27714,3
2022,7,21,18,24,臺中市,潭子區,0,0,0,8,,,60,,,,,,,,,,,,,,,23,,,,,B03,,,1,,2,,,23,,1,22,,B03,120.705203,24.210977,3
2022,7,21,18,27,臺中市,東區,0,0,0,8,,,50,,,,,,,,,,,,,,,7,,,,,C03,,,1,,2,,,7,,1,18,,C03,120.692833,24.151861,3
2022,7,21,18,27,臺中市,西屯區,0,1,0,8,1,5,50,14,9,1,5,4,5,7,4,4,1,4,5,2,17,6,3,10,1,1,B03,7,6,1,8,2,2,,6,6,1,21,8,B03,120.65492,24.168341,2
2022,7,21,18,28,臺中市,西屯區,0,2,0,8,3,5,50,4,1,1,5,4,5,7,2,1,10,5,5,2,12,8,2,8,1,1,C03,7,5,1,10,2,14,,8,8,1,22,8,C03,120.592986,24.183355,2
2022,7,21,18,34,臺中市,南屯區,0,0,0,8,,,50,,,,,,,,,,,,,,,23,,,,,B03,,,1,,1,,,23,,1,22,,B03,120.623141,24.145201,3
2022,7,21,18,48,臺中市,太平區,0,3,0,8,3,5,50,4,1,1,5,4,5,7,4,4,10,5,5,2,15,6,2,9,1,1,C03,7,9,1,10,2,11,,6,6,1,4,5,C03,120.715441,24.114335,2
2022,7,21,18,50,臺中市,大雅區,0,1,0,8,3,5,50,14,8,1,5,4,5,7,4,4,5,5,4,2,16,9,3,10,1,1,B03,7,6,1,8,2,2,,9,9,1,22,8,B03,120.65199,24.21664,2
2022,7,21,18,50,臺中市,霧峰區,0,0,0,8,,,50,,,,,,,,,,,,,,,6,,,,,C02,,,1,,2,,,6,,1,22,,C02,120.697495,24.061618,3
2022,7,21,18,56,臺中市,梧棲區,0,2,0,8,3,5,50,4,1,1,5,4,5,7,1,1,10,5,5,2,16,6,2,9,1,1,C03,7,6,1,10,2,12,,6,6,1,18,8,C03,120.537104,24.242361,2
2022,7,21,19,0,臺中市,西屯區,0,0,0,8,,,50,,,,,,,,,,,,,,,16,,,,,B03,,,1,,1,,,16,,1,22,,B03,120.654156,24.167883,3
2022,7,21,19,0,臺中市,神岡區,0,0,0,8,,,30,,,,,,,,,,,,,,,42,,,,,B03,,,1,,2,,,42,,1,22,,B03,120.667809,24.257575,3
2022,7,21,19,4,臺中市,西屯區,0,0,0,8,,,50,,,,,,,,,,,,,,,7,,,,,B03,,,1,,2,,,7,,1,22,,B03,120.610304,24.186519,3
2022,7,21,19,5,臺中市,北屯區,0,2,0,8,3,5,50,4,1,1,5,4,5,7,3,1,10,5,5,2,15,6,3,10,1,1,B03,7,9,1,8,2,5,,6,6,1,21,8,B03,120.683297,24.197113,2
2022,7,21,19,8,臺中市,西屯區,0,0,0,8,,,50,,,,,,,,,,,,,,,23,,,,,B03,,,1,,1,,,23,,1,22,,B03,120.654006,24.16773,3
2022,7,21,19,18,臺中市,梧棲區,0,0,0,8,,,50,,,,,,,,,,,,,,,4,,,,,C03,,,1,,1,,,4,,1,9,,C03,120.533395,24.260823,3
2022,7,21,19,20,臺中市,東區,0,0,0,8,,,50,,,,,,,,,,,,,,,40,,,,,B03,,,1,,2,,,40,,1,22,,B03,120.686788,24.13803,3
2022,7,21,19,23,臺中市,南屯區,0,1,0,8,1,5,50,3,1,1,5,4,5,7,1,1,5,4,4,2,17,6,3,10,1,1,B03,7,5,1,8,2,2,,6,6,1,22,8,B03,120.612306,24.137221,2
2022,7,21,19,38,臺中市,南屯區,0,1,0,8,3,5,30,4,1,1,5,4,5,7,4,4,10,5,5,2,16,6,3,10,1,1,B03,7,5,1,8,3,4,,6,6,1,22,8,B03,120.627036,24.116719,2
2022,7,21,19,41,臺中市,北屯區,0,2,0,8,3,5,50,4,1,1,5,4,5,7,4,4,10,5,5,2,15,6,2,7,1,1,C03,7,9,1,10,2,12,,6,6,1,22,8,C03,120.716925,24.180118,2
2022,7,21,19,53,臺中市,西屯區,0,1,0,8,3,5,40,4,1,1,5,4,5,7,1,1,10,5,5,2,17,9,3,10,1,1,C03,7,6,1,10,2,12,,9,9,1,22,5,C03,120.649796,24.162755,2
2022,7,21,19,55,臺中市,潭子區,0,0,0,8,,,60,,,,,,,,,,,,,,,23,,,,,B03,,,1,,2,,,23,,1,22,,B03,120.706842,24.222988,3
2022,7,21,20,0,臺中市,北屯區,0,0,0,8,,,50,,,,,,,,,,,,,,,42,,,,,B03,,,1,,2,,,42,,1,21,,B03,120.717722,24.17543,3
2022,7,21,20,8,臺中市,沙鹿區,0,0,0,8,,,60,,,,,,,,,,,,,,,42,,,,,C03,,,1,,2,,,42,,1,22,,C03,120.597591,24.249998,3
2022,7,21,20,15,臺中市,東區,0,0,0,,,,50,,,,,,,,,,,,,,,19,,,,,B12,,,1,,2,,,19,,1,22,,B12,120.694091,24.142758,3
2022,7,21,20,17,臺中市,南區,0,0,0,,,,50,,,,,,,,,,,,,,,6,,,,,B03,,,1,,2,,,6,,1,21,,B03,120.683705,24.130371,3
2022,7,21,20,19,臺中市,北屯區,0,1,0,8,3,5,50,4,18,1,5,4,5,7,2,1,10,5,5,2,1,23,3,10,1,1,B03,7,5,1,8,2,8,,23,23,1,5,8,B03,120.685377,24.174605,2
2022,7,21,20,23,臺中市,北屯區,0,0,0,8,,,50,,,,,,,,,,,,,,,6,,,,,B03,,,1,,1,,,6,,1,21,,B03,120.688576,24.196603,3
2022,7,21,20,27,臺中市,西屯區,0,0,0,8,,,30,,,,,,,,,,,,,,,42,,,,,C03,,,1,,2,,,42,42,1,22,,C03,120.646163,24.174618,3
2022,7,21,20,33,臺中市,北區,0,0,0,8,,,50,,,,,,,,,,,,,,,23,,,,,B03,,,6,,11,,,23,,2,22,,B03,120.668401,24.169956,3
2022,7,21,20,50,臺中市,大安區,0,1,0,8,3,5,50,4,1,1,5,4,5,7,4,4,10,5,5,2,15,6,2,9,1,1,C03,7,9,1,10,2,11,,6,6,1,4,8,C03,120.61422,24.374544,2
2022,7,21,20,56,臺中市,西屯區,0,1,0,8,3,5,30,3,1,1,5,4,5,7,4,4,10,5,5,2,27,23,2,9,1,1,C03,7,9,1,10,2,11,12,23,23,1,22,8,C03,120.612616,24.165619,2
2022,7,21,21,1,臺中市,北屯區,0,2,0,8,3,5,50,4,1,1,5,4,5,7,2,1,10,5,5,2,1,15,3,10,1,1,B03,7,5,1,8,2,1,,15,15,1,21,8,B03,120.681552,24.192616,2
2022,7,21,21,8,臺中市,大甲區,0,0,0,8,,,50,,,,,,,,,,,,,,,23,,,,,B03,,,1,,2,,,23,,1,4,,B03,120.643433,24.40759,3
2022,7,21,21,14,臺中市,大里區,0,0,0,8,,,50,,,,,,,,,,,,,,,23,,,,,B03,,,1,,2,,,23,,1,22,,B03,120.674583,24.101921,3
2022,7,21,21,20,臺中市,北屯區,0,0,0,8,,,40,,,,,,,,,,,,,,,43,,,,,,,,,,,,,43,43,1,,,,120.686409,24.19539,3
2022,7,21,21,32,臺中市,大雅區,0,0,0,8,,,5,,,,,,,,,,,,,,,23,,,,,B03,,,1,,2,,,23,23,1,22,,B03,120.667625,24.215691,3
2022,7,21,21,37,臺中市,西屯區,0,0,0,8,,,50,,,,,,,,,,,,,,,42,,,,,B03,,,1,,1,,,42,,1,22,,B03,120.656316,24.199184,3
2022,7,21,21,45,臺中市,大甲區,0,1,0,8,1,5,50,4,1,1,5,4,5,7,4,4,10,5,5,2,15,6,2,8,1,1,C03,7,9,1,10,2,11,,23,6,1,4,8,C03,120.623899,24.345373,2
2022,7,21,22,0,臺中市,南區,0,1,0,8,3,5,50,4,18,1,5,4,5,7,1,1,10,5,5,2,9,43,3,10,1,1,B03,7,5,1,8,11,15,,43,43,1,22,8,B03,120.663344,24.11338,2
2022,7,21,22,3,臺中市,南區,0,0,0,8,,,50,,,,,,,,,,,,,,,23,,,,,B03,,,1,,2,,,23,,1,22,,B03,120.66911,24.128258,3
2022,7,21,22,13,臺中市,大肚區,0,0,0,,,,50,,,,,,,,,,,,,,,16,,,,,A11,,,1,,2,,,16,,1,10,,A11,120.563037,24.124366,3
2022,7,21,22,26,臺中市,南區,0,0,0,,,,50,,,,,,,,,,,,,,,23,,,,,B03,,,1,,2,,,23,,1,21,,B03,120.670095,24.119043,3
2022,7,21,23,16,臺中市,西區,0,0,0,8,,,40,,,,,,,,,,,,,,,23,,,,,B03,,,1,,2,,,23,,1,21,,B03,120.67502,24.149051,3
2022,7,21,23,53,臺中市,潭子區,0,0,0,8,,,60,,,,,,,,,,,,,,,23,,,,,B03,,,1,,2,,,23,,1,22,,B03,120.705016,24.206727,3
2022,7,22,3,10,臺中市,大肚區,0,2,0,8,3,5,50,11,9,1,5,4,5,7,4,4,9,4,5,1,19,42,2,9,1,1,C03,7,9,2,18,2,11,,42,42,1,22,8,C03,120.573583,24.149695,2
2022,7,22,6,11,臺中市,西屯區,0,1,0,8,1,5,50,14,9,1,5,4,5,7,4,4,5,4,5,2,12,23,2,9,3,4,C03,7,9,4,8,9,12,,23,23,2,22,8,C03,120.612251,24.189105,2
2022,7,22,6,48,臺中市,西區,0,1,0,8,1,5,50,3,1,1,5,4,5,7,4,4,5,5,5,2,9,23,3,10,3,4,F01,7,5,8,20,1,16,,23,23,1,22,8,F01,120.672224,24.137735,2
2022,7,22,7,6,臺中市,西屯區,0,1,0,8,1,5,40,4,2,1,5,4,5,7,1,1,10,5,5,2,12,43,2,9,1,1,C03,7,9,1,10,2,12,,43,43,1,22,8,C03,120.636809,24.182115,2
2022,7,22,7,6,臺中市,豐原區,0,1,0,8,1,5,40,14,8,1,5,4,5,7,4,4,9,4,4,2,16,11,2,8,1,1,C03,7,11,1,10,2,12,,11,11,1,22,8,C03,120.70615,24.251065,2
2022,7,22,7,8,臺中市,東勢區,0,1,0,8,1,5,50,3,2,1,5,4,5,7,1,1,5,5,5,1,16,17,3,10,1,1,B12,7,6,1,8,2,2,,17,17,1,5,8,B12,120.82343,24.261625,2
2022,7,22,7,16,臺中市,南區,0,1,0,8,1,5,50,5,8,1,5,4,5,7,1,1,9,4,5,2,12,9,3,10,1,1,B03,7,6,1,8,2,2,,9,9,1,5,1,B03,120.678976,24.118935,2
2022,7,22,7,32,臺中市,梧棲區,0,0,0,8,,,70,,,,,,,,,,,,,,,23,,,,,B03,,,1,,2,,,23,23,1,12,,B03,120.552226,24.244207,3
2022,7,22,7,33,臺中市,西屯區,0,1,0,8,1,5,50,14,9,1,5,4,5,7,4,4,9,4,5,2,12,43,2,9,1,1,C03,7,9,1,10,2,14,,43,43,1,12,8,C03,120.63703,24.171836,2
2022,7,22,7,35,臺中市,太平區,0,1,0,8,1,5,50,14,9,1,5,4,5,7,4,4,5,5,5,1,16,26,3,10,1,1,C03,7,1,1,10,2,14,,26,26,1,18,1,C03,120.723147,24.118449,2
2022,7,22,7,35,臺中市,沙鹿區,0,2,0,8,1,5,50,3,2,1,5,4,5,7,4,4,10,5,5,2,16,6,2,9,1,1,C03,7,5,6,10,2,12,,6,6,1,9,1,C03,120.578585,24.211986,2
2022,7,22,7,38,臺中市,南屯區,0,1,0,8,1,5,50,14,9,1,5,4,5,7,4,4,1,3,5,2,13,23,3,10,1,1,C03,7,9,1,9,2,11,,23,23,1,22,8,C03,120.6463,24.131751,2
2022,7,22,7,39,臺中市,大里區,0,0,0,8,,,80,,,,,,,,,,,,,,,16,,,,,B12,,,1,,2,,,16,,1,22,,B12,120.690704,24.098029,3
2022,7,22,7,44,臺中市,東區,0,2,0,8,1,5,50,3,1,1,5,4,5,7,1,1,10,5,5,2,16,6,2,7,3,4,C03,7,6,1,10,2,12,,6,6,1,5,8,C03,120.700881,24.144705,2
2022,7,22,7,46,臺中市,梧棲區,0,0,0,8,,,30,,,,,,,,,,,,,,,5,,,,,B03,,,1,,1,,,5,,1,12,,B03,120.53642,24.235403,3
2022,7,22,7,50,臺中市,北區,0,2,0,8,1,5,40,14,8,1,5,4,5,7,4,4,1,4,4,2,2,23,2,9,1,1,C03,7,9,6,10,2,11,,23,23,1,22,8,C03,120.689222,24.146922,2
2022,7,22,7,50,臺中市,西屯區,0,0,0,8,,,50,,,,,,,,,,,,,,,23,,,,,B03,,,1,,1,,,23,,1,22,,B03,120.628553,24.20619,3
2022,7,22,7,50,臺中市,太平區,0,0,0,8,1,5,40,14,9,1,5,4,5,7,4,4,10,5,5,2,12,17,3,10,1,1,B03,7,9,1,8,2,4,,17,17,1,9,1,B03,120.702763,24.117589,3
2022,7,22,7,50,臺中市,清水區,0,1,0,8,1,5,50,4,1,1,5,4,5,7,2,1,4,3,5,1,16,6,3,10,1,1,B11,7,6,1,8,2,5,,6,6,1,21,8,B11,120.566565,24.268398,2
2022,7,22,7,51,臺中市,潭子區,0,0,0,8,1,5,40,4,7,1,5,4,5,7,1,1,4,4,4,2,12,7,3,10,1,1,B12,7,7,1,10,2,14,,7,7,1,22,8,B12,120.682051,24.209568,3
2022,7,22,7,51,臺中市,南屯區,0,1,0,8,1,5,50,5,1,1,5,4,5,7,2,1,1,2,1,2,13,23,2,7,3,4,C03,7,9,1,10,2,11,,23,23,1,22,9,C03,120.612292,24.150692,2
2022,7,22,7,55,臺中市,清水區,0,0,0,8,1,5,90,14,9,1,5,4,5,7,4,4,1,4,5,1,12,17,3,10,1,1,A41,7,9,1,1,2,2,,17,17,1,5,1,A41,120.553015,24.296798,3
2022,7,22,7,56,臺中市,潭子區,0,0,0,8,,,30,,,,,,,,,,,,,,,12,,,,,B12,,,1,,11,,,12,,1,22,,B12,120.691069,24.217972,3
2022,7,22,7,56,臺中市,西屯區,0,0,0,8,,,70,,,,,,,,,,,,,,,23,,,,,B03,,,1,,1,,,23,,1,22,,B03,120.625391,24.178179,3
2022,7,22,7,57,臺中市,大肚區,0,2,0,8,1,5,50,14,9,1,5,4,5,7,4,4,5,5,5,1,17,19,2,7,3,4,C03,7,1,3,18,2,11,,19,19,1,22,9,C03,120.575218,24.161323,2
2022,7,22,7,58,臺中市,豐原區,0,1,0,8,1,5,50,5,9,1,5,4,5,7,4,4,5,5,5,2,17,23,3,10,3,4,C03,7,9,1,10,2,11,,23,23,1,22,8,C03,120.717649,24.23471,2
2022,7,22,8,0,臺中市,北區,0,1,0,8,1,5,50,4,1,1,5,4,5,7,2,1,10,5,5,2,12,9,3,10,1,1,B01,7,6,1,4,2,5,,9,9,1,5,8,B01,120.678779,24.160368,2
2022,7,22,8,0,臺中市,新社區,0,2,0,8,1,5,50,3,1,1,5,4,5,1,4,4,10,5,5,2,16,6,2,9,1,1,C03,7,5,1,10,2,11,,6,6,1,5,8,C03,120.79013,24.206701,2
2022,7,22,8,5,臺中市,新社區,0,1,0,8,1,5,15,14,9,1,5,4,5,7,4,4,10,5,5,2,16,21,3,10,1,1,B12,7,11,1,8,4,8,,21,21,1,22,8,B12,120.882643,24.158175,2
2022,7,22,8,16,臺中市,南屯區,0,1,0,8,1,5,50,14,9,1,5,4,5,7,4,4,1,3,5,2,12,6,3,10,1,1,B03,7,6,1,8,2,2,5,6,6,1,22,8,B03,120.646266,24.131808,2
2022,7,22,8,21,臺中市,大肚區,0,1,0,8,1,5,50,11,7,1,5,4,5,7,4,4,4,5,4,2,18,13,2,9,1,1,C03,7,12,1,10,2,14,,13,13,1,18,1,C03,120.552334,24.160008,2
2022,7,22,8,22,臺中市,清水區,0,0,0,8,1,5,70,14,7,1,5,4,5,7,1,1,1,4,3,1,13,23,3,10,1,1,B12,7,5,1,1,1,5,,23,23,1,5,1,B12,120.540499,24.289562,3
2022,7,22,8,25,臺中市,太平區,0,0,0,8,,,50,,,,,,,,,,,,,,,16,,,,,B03,,,1,,2,,,16,,1,22,,B03,120.712394,24.145473,3
2022,7,22,8,26,臺中市,西屯區,0,1,0,8,1,5,50,4,1,1,5,4,5,7,3,1,10,5,5,2,16,6,3,10,1,1,B03,7,5,1,8,2,4,,6,6,1,22,8,B03,120.626466,24.183128,2
2022,7,22,8,30,臺中市,大甲區,0,0,0,8,,,50,,,,,,,,,,,,,,,23,,,,,B12,,,1,,2,,,23,,1,9,,B12,120.622529,24.356821,3
2022,7,22,8,33,臺中市,西屯區,0,1,0,8,1,5,80,14,7,1,5,4,5,7,4,4,9,4,5,2,13,16,3,10,1,1,A12,7,9,1,7,2,1,3,16,16,1,12,8,A12,120.625586,24.157088,2
2022,7,22,8,34,臺中市,龍井區,0,0,0,8,,,30,,,,,,,,,,,,,,,23,,,,,B03,,,1,,1,,,44,23,1,22,,B03,120.59102,24.179547,3
2022,7,22,8,42,臺中市,西屯區,0,1,0,8,1,5,50,4,1,1,5,4,5,7,4,4,10,5,5,2,16,6,3,10,1,1,B03,7,5,1,8,1,4,,6,6,1,22,8,B03,120.613789,24.194996,2
2022,7,22,8,45,臺中市,清水區,0,0,0,8,,,50,,,,,,,,,,,,,,,19,,,,,B03,,,1,,9,,,19,19,2,21,,B03,120.55362,24.294226,3
2022,7,22,8,48,臺中市,南區,0,1,0,8,1,5,50,4,1,1,5,4,5,7,1,1,10,5,5,2,17,1,3,10,1,1,A02,7,9,1,2,2,5,,23,1,1,5,8,A02,120.679389,24.119252,2
2022,7,22,8,55,臺中市,南屯區,0,0,0,8,,,50,,,,,,,,,,,,,,,12,,,,,B12,,,1,,3,,,12,,1,22,,B12,120.613719,24.140401,3
2022,7,22,8,57,臺中市,西屯區,0,1,0,8,1,5,50,14,7,1,5,4,5,7,4,4,5,5,4,2,13,23,3,10,1,1,B03,7,9,1,10,2,5,,23,23,1,22,8,B03,120.652696,24.159666,2
2022,7,22,9,0,臺中市,沙鹿區,0,0,0,8,,,40,,,,,,,,,,,,,,,16,,,,,B03,,,1,,2,,,16,,1,9,,B03,120.568201,24.238308,3
2022,7,22,9,8,臺中市,東勢區,0,0,0,8,,,25,,,,,,,,,,,,,,,17,,,,,B12,,,1,,2,,,17,,1,5,,B12,120.878028,24.233493,3
2022,7,22,9,9,臺中市,西區,0,0,0,8,,,50,,,,,,,,,,,,,,,19,,,,,B03,,,1,,2,,,19,,1,22,,B03,120.676052,24.134169,3
2022,7,22,9,18,臺中市,南區,0,0,0,8,,,50,,,,,,,,,,,,,,,23,,,,,B02,,,1,,2,,,23,,1,4,,B02,120.678825,24.119083,3
2022,7,22,9,23,臺中市,西屯區,0,1,0,8,1,5,50,4,1,1,5,4,5,7,2,1,10,5,5,2,13,16,3,10,1,1,B03,7,9,1,8,2,1,,16,16,1,22,8,B03,120.619549,24.169032,2
2022,7,22,9,23,臺中市,龍井區,0,0,0,8,,,60,,,,,,,,,,,,,,,23,,,,,B03,,,1,,2,,,44,23,1,22,,B03,120.581693,24.175817,3
2022,7,22,9,24,臺中市,西區,0,1,0,8,1,5,50,14,9,1,5,4,5,7,4,4,5,4,5,2,12,16,3,10,1,1,C03,7,9,1,10,2,12,,16,23,1,22,9,C03,120.674864,24.138005,2
2022,7,22,9,32,臺中市,大里區,0,2,0,8,1,5,30,4,1,1,5,4,5,7,4,4,10,5,5,2,15,6,2,9,1,1,C03,7,9,1,10,2,11,,6,6,1,22,8,C03,120.70127,24.087996,2
2022,7,22,9,34,臺中市,潭子區,0,4,0,8,1,5,40,14,9,1,5,4,5,7,4,4,3,4,5,2,17,43,,,,,,,,,,,,,43,43,2,,,,120.712096,24.213031,2
2022,7,22,9,39,臺中市,北區,0,3,0,8,1,5,50,4,1,1,5,4,5,7,1,1,10,5,5,2,15,25,2,9,1,1,C03,7,9,1,10,2,11,,25,25,1,22,8,C03,120.678686,24.159138,2