年,月,日,時,分,縣市,區,死,受傷,2-30,天候,光線,道路類別,速限,道路型態,事故位置,路面鋪裝,路面狀態,路面缺陷,障礙物,視距,號誌種類,號誌動作,分向設施,快車道或一般車道間,快慢車道間,路面邊線,事故類型及型態,主要肇因,受傷程度,主要傷處,保護裝備,行動電話,當事者區分,車輛用途,當事者行動狀態,駕駛資格情形,駕駛執照種類,飲酒情形,車輛撞擊部位最初,車輛撞擊部位其他,肇事因素個別,肇事因素主要,肇事逃逸,職業,旅次目的,車種,GPS緯度,GPS經度,事故類別
2022,7,22,9,45,臺中市,梧棲區,0,1,0,8,1,5,30,3,1,1,5,4,5,7,4,4,10,5,5,2,16,6,3,10,1,1,B03,7,6,1,8,2,8,,6,6,1,10,8,B03,120.540417,24.260094,2
2022,7,22,9,50,臺中市,西屯區,0,1,0,8,1,5,40,14,7,1,5,4,5,7,4,4,9,4,4,2,12,26,2,9,1,1,C03,7,5,1,10,2,14,,26,26,1,12,8,C03,120.659046,24.165869,2
2022,7,22,9,52,臺中市,東區,0,1,0,8,1,5,50,5,1,1,5,4,5,7,2,1,10,5,5,2,17,6,3,10,3,4,B03,7,5,1,8,2,15,,6,6,1,5,8,B03,120.689801,24.136018,2
2022,7,22,9,55,臺中市,北屯區,0,0,0,8,,,50,,,,,,,,,,,,,,,25,,,,,B03,,,1,,2,,,25,,1,21,,B03,120.663049,24.197747,3
2022,7,22,10,1,臺中市,東區,0,1,0,8,1,5,50,4,1,1,5,4,5,7,1,1,10,5,5,2,16,26,3,10,1,1,B02,7,5,1,8,2,1,,26,26,1,5,8,B02,120.70012,24.132478,2
2022,7,22,10,2,臺中市,西屯區,0,1,0,8,1,5,60,4,1,1,5,4,5,7,2,1,10,5,5,2,17,43,3,10,1,1,B03,7,5,1,8,2,1,,43,43,1,22,8,B03,120.632545,24.170095,2
2022,7,22,10,3,臺中市,潭子區,0,0,0,8,,,50,,,,,,,,,,,,,,,23,,,,,B12,,,1,,2,,,23,23,1,22,,B12,120.680549,24.215609,3
2022,7,22,10,3,臺中市,東勢區,0,1,0,8,1,5,30,14,9,1,5,4,5,7,4,4,10,5,5,2,12,17,3,10,1,1,B03,7,9,1,8,2,2,,17,17,1,21,8,B03,120.841963,24.244977,2
2022,7,22,10,12,臺中市,東區,0,0,0,,,,50,,,,,,,,,,,,,,,42,,,,,G03,,,6,,2,,,42,,1,5,,G03,120.685066,24.12957,3
2022,7,22,10,14,臺中市,南區,0,1,0,8,1,5,50,3,4,1,5,4,5,7,1,1,9,4,4,2,12,23,2,7,1,1,C03,7,14,4,8,2,13,12,44,23,1,5,1,C03,120.679208,24.122548,2
2022,7,22,10,14,臺中市,南屯區,0,1,0,8,1,5,50,14,9,1,5,4,5,7,4,4,4,3,5,2,16,23,2,8,1,1,C03,7,9,1,10,2,11,12,23,23,1,22,8,C03,120.643915,24.136375,2
2022,7,22,10,15,臺中市,西屯區,0,1,0,8,1,5,50,3,1,1,5,4,5,7,1,1,10,5,5,2,11,6,3,10,1,1,B03,7,5,1,8,2,1,,6,6,1,22,8,B03,120.657219,24.162626,2
2022,7,22,10,20,臺中市,大雅區,0,0,0,8,,,30,,,,,,,,,,,,,,,23,,,,,B03,,,1,,2,,,23,,1,22,,B03,120.648322,24.227213,3
2022,7,22,10,26,臺中市,神岡區,0,0,0,8,,,50,,,,,,,,,,,,,,,16,,,,,B03,,,1,,2,,,16,,1,22,,B03,120.707213,24.260208,3
2022,7,22,10,29,臺中市,大甲區,0,1,0,8,1,5,30,3,1,1,5,4,5,7,4,4,10,5,5,2,14,12,3,10,1,1,B12,7,2,1,8,2,3,,12,12,1,9,4,B12,120.632327,24.341249,2
2022,7,22,10,30,臺中市,西屯區,0,2,0,8,1,5,50,4,1,1,5,4,5,7,1,1,9,4,5,2,11,6,2,9,1,1,C03,7,5,1,10,2,11,,6,6,1,12,8,C03,120.654633,24.165853,2
2022,7,22,10,30,臺中市,霧峰區,0,0,0,8,,,50,,,,,,,,,,,,,,,23,,,,,B03,,,1,,2,,,23,,1,4,,B03,120.698835,24.064763,3
2022,7,22,10,35,臺中市,大里區,0,0,0,8,,,50,,,,,,,,,,,,,,,23,,,,,B12,,,1,,2,,,23,,1,22,,B12,120.705366,24.105203,3
2022,7,22,10,40,臺中市,烏日區,0,0,0,8,,,50,,,,,,,,,,,,,,,12,,,,,C03,,,1,,2,,,12,,1,22,,C03,120.628632,24.105531,3
2022,7,22,10,51,臺中市,北區,0,1,0,8,1,5,40,4,1,1,5,4,5,7,1,1,10,5,5,2,12,43,2,9,1,1,C03,7,9,1,10,1,12,,43,43,1,22,8,C03,120.674507,24.162862,2
2022,7,22,10,52,臺中市,大甲區,0,1,0,8,2,5,50,14,9,1,5,4,5,7,4,4,5,4,5,1,16,26,3,10,1,1,B03,7,11,1,8,2,7,,26,26,1,20,8,B03,120.65414,24.39114,2
2022,7,22,10,56,臺中市,大雅區,0,1,0,8,1,5,30,14,9,1,5,4,5,7,4,4,9,5,5,1,17,19,3,10,1,1,B03,7,1,1,8,2,1,,19,19,1,22,9,B03,120.65304,24.22548,2
2022,7,22,11,0,臺中市,大里區,0,0,0,8,,,50,,,,,,,,,,,,,,,23,,,,,B03,,,1,,2,,,23,,1,22,,B03,120.688225,24.086916,3
2022,7,22,11,5,臺中市,西屯區,0,0,0,8,,,50,,,,,,,,,,,,,,,23,,,,,B03,,,1,,1,,,23,,1,21,,B03,120.64238,24.169413,3
2022,7,22,11,26,臺中市,太平區,0,0,0,8,,,50,,,,,,,,,,,,,,,16,,,,,B03,,,1,,1,,,16,,1,21,,B03,120.717437,24.156585,3
2022,7,22,11,31,臺中市,西屯區,0,0,0,8,,,40,,,,,,,,,,,,,,,7,,,,,C03,,,1,,1,,,7,,1,22,,C03,120.663825,24.164366,3
2022,7,22,11,34,臺中市,西屯區,0,0,0,8,,,50,,,,,,,,,,,,,,,17,,,,,B03,,,1,,1,,,17,,1,22,,B03,120.659131,24.161746,3
2022,7,22,11,36,臺中市,清水區,0,0,0,8,1,5,50,14,9,1,5,4,5,7,1,1,1,2,5,1,13,23,3,10,1,1,C03,7,9,3,8,2,1,,23,23,1,5,1,C03,120.572192,24.264205,3
2022,7,22,11,38,臺中市,大甲區,0,0,0,,,,40,,,,,,,,,,,,,,,12,,,,,B03,,,1,,2,,,12,,1,22,,B03,120.628929,24.346312,3
2022,7,22,11,39,臺中市,西區,0,0,0,8,,,50,,,,,,,,,,,,,,,35,,,,,A11,,,1,3,11,,,35,35,2,22,,A11,120.669134,24.153524,3
2022,7,22,11,40,臺中市,東區,0,1,0,8,1,5,40,15,22,1,5,4,5,7,4,4,10,5,5,2,16,10,3,10,3,4,B03,7,11,1,8,2,4,,10,10,1,5,8,B03,120.684185,24.126426,2
2022,7,22,11,48,臺中市,大雅區,0,1,0,8,1,5,50,14,9,1,5,4,5,7,4,4,5,4,5,1,16,26,3,10,1,1,B03,7,11,1,8,2,4,,26,26,1,22,8,B03,120.65608,24.230299,2
2022,7,22,11,48,臺中市,西屯區,0,1,0,8,1,5,50,3,2,1,5,4,5,7,4,4,10,5,5,2,17,7,3,10,1,1,B03,7,8,1,8,2,3,,7,7,1,22,8,B03,120.640454,24.175852,2
2022,7,22,11,50,臺中市,梧棲區,0,0,0,8,,,70,,,,,,,,,,,,,,,16,,,,,A41,,,1,,2,,,16,16,1,10,,A41,120.514155,24.229888,3
2022,7,22,11,58,臺中市,西屯區,0,1,0,8,1,5,50,14,9,1,5,4,5,7,4,4,5,4,5,2,17,43,3,10,1,1,A31,7,9,1,1,2,1,,43,43,1,10,8,A31,120.624885,24.195852,2
2022,7,22,12,0,臺中市,大肚區,0,0,0,8,,,30,,,,,,,,,,,,,,,18,,,,,B12,,,1,,2,,,18,,1,6,,B12,120.565828,24.123464,3
2022,7,22,12,9,臺中市,太平區,0,2,0,8,1,5,30,4,1,1,5,4,5,7,4,4,10,5,5,2,15,6,2,9,1,1,C03,7,9,1,10,2,11,,6,6,1,18,7,C03,120.714883,24.117083,2
2022,7,22,12,10,臺中市,南屯區,0,0,0,8,,,50,,,,,,,,,,,,,,,25,,,,,B12,,,1,,2,,,25,25,1,22,,B12,120.612076,24.137136,3
2022,7,22,12,10,臺中市,大甲區,0,2,0,8,1,5,50,4,2,1,5,4,5,7,1,1,10,5,5,2,16,6,2,9,1,1,C03,7,6,1,10,2,12,,6,6,1,21,8,C03,120.62538,24.34596,2
2022,7,22,12,12,臺中市,南屯區,0,0,0,8,,,50,,,,,,,,,,,,,,,16,,,,,B12,,,1,,2,,,16,16,1,22,,B12,120.65315,24.135965,3
2022,7,22,12,14,臺中市,和平區,0,0,1,8,1,5,30,14,9,1,5,4,5,7,4,4,10,5,5,2,29,21,5,1,2,1,C03,7,9,1,10,5,11,,21,21,1,21,8,C03,120.980305,24.177518,2
2022,7,22,12,15,臺中市,東區,0,0,0,,,,40,,,,,,,,,,,,,,,23,,,,,G03,,,8,,9,,,23,,1,5,,G03,120.698687,24.132355,3
2022,7,22,12,16,臺中市,西屯區,0,1,0,8,1,5,50,14,9,1,5,1,5,7,4,4,10,5,5,2,13,23,2,8,1,1,C03,7,9,1,10,2,11,,23,23,1,22,8,C03,120.639321,24.171756,2
2022,7,22,12,18,臺中市,豐原區,0,0,0,8,,,30,,,,,,,,,,,,,,,12,,,,,B11,,,1,,2,,,12,12,1,22,,B11,120.727335,24.253296,3
2022,7,22,12,23,臺中市,北區,0,0,0,8,,,50,,,,,,,,,,,,,,,23,,,,,B03,,,1,,2,,,23,,1,22,,B03,120.685336,24.152102,3
2022,7,22,12,24,臺中市,太平區,0,0,0,8,,,50,,,,,,,,,,,,,,,23,,,,,B03,,,1,,1,,,23,,1,5,,B03,120.711097,24.126682,3
2022,7,22,12,25,臺中市,南屯區,0,0,0,8,,,50,,,,,,,,,,,,,,,23,,,,,B02,,,1,,1,,,23,23,1,22,,B02,120.597664,24.155426,3
2022,7,22,12,25,臺中市,西屯區,0,2,0,8,1,5,40,3,1,1,5,4,5,7,4,4,1,5,1,2,12,9,3,10,3,4,B12,7,6,1,8,2,2,,9,9,1,22,8,B12,120.626325,24.177265,2
2022,7,22,12,31,臺中市,北區,0,2,0,8,1,5,50,3,1,1,5,4,5,7,2,1,10,5,5,2,12,25,2,9,1,1,C03,7,9,1,10,2,14,,25,25,1,22,8,C03,120.692025,24.153716,2
2022,7,22,12,49,臺中市,東區,0,2,0,8,1,5,50,4,1,1,5,4,5,7,2,1,10,5,5,2,12,26,3,10,1,1,B03,7,9,1,7,2,5,,26,26,1,5,8,B03,120.706117,24.12978,2
2022,7,22,13,8,臺中市,西屯區,0,1,0,8,1,5,50,3,1,1,5,4,5,7,4,4,10,5,5,2,11,19,3,10,1,1,B03,7,1,1,8,2,5,,19,19,1,22,8,B03,120.653123,24.166268,2
2022,7,22,13,8,臺中市,太平區,0,0,0,8,,,50,,,,,,,,,,,,,,,22,,,,,B03,,,1,,2,,,22,,1,22,,B03,120.731963,24.140616,3
2022,7,22,13,15,臺中市,西屯區,0,0,0,8,,,50,,,,,,,,,,,,,,,12,,,,,B02,,,1,,1,,,12,,1,12,,B02,120.645158,24.177823,3
2022,7,22,13,19,臺中市,南屯區,0,0,0,8,,,30,,,,,,,,,,,,,,,6,,,,,B03,,,1,,2,,,6,6,1,22,,B03,120.585493,24.167016,3
2022,7,22,13,19,臺中市,西屯區,0,0,0,8,,,50,,,,,,,,,,,,,,,12,,,,,B03,,,1,,1,,,12,,1,22,,B03,120.64524,24.17906,3
2022,7,22,13,26,臺中市,南區,0,1,0,8,1,5,50,4,1,1,5,4,5,7,3,1,9,4,4,2,16,6,3,10,1,1,B03,7,9,1,8,2,1,,6,6,1,5,1,B03,120.66561,24.115203,2
2022,7,22,13,30,臺中市,大雅區,0,0,0,8,,,50,,,,,,,,,,,,,,,25,,,,,C03,,,1,,2,,,25,,1,22,,C03,120.65435,24.229374,3
2022,7,22,13,35,臺中市,北區,0,1,0,8,1,5,50,14,8,1,5,4,5,7,4,4,1,5,4,2,12,17,3,10,1,1,B03,7,9,1,8,2,2,,17,17,1,22,8,B03,120.674119,24.163778,2
2022,7,22,13,41,臺中市,北區,0,2,0,8,1,5,50,4,1,1,5,4,5,7,4,4,10,5,5,2,15,6,2,9,1,1,C03,7,9,1,10,2,12,,6,6,1,9,8,C03,120.677777,24.162545,2
2022,7,22,13,42,臺中市,大雅區,0,0,0,8,,,30,,,,,,,,,,,,,,,23,,,,,B12,,,1,,2,,,23,,1,22,,B12,120.624603,24.225917,3
2022,7,22,13,50,臺中市,西屯區,0,1,0,8,1,5,50,14,9,1,5,4,5,7,4,4,10,5,5,2,16,6,3,10,1,1,B12,7,6,1,8,2,5,,6,6,1,22,8,B12,120.658142,24.199452,2
2022,7,22,13,54,臺中市,大甲區,0,0,0,8,,,50,,,,,,,,,,,,,,,12,,,,,B03,,,1,,1,,,12,,1,19,,B03,120.62207,24.3491,3
2022,7,22,13,55,臺中市,清水區,0,0,0,,,,50,,,,,,,,,,,,,,,7,,,,,B12,,,1,,2,,,7,,1,5,,B12,120.562975,24.258012,3
2022,7,22,14,4,臺中市,霧峰區,0,0,0,8,,,40,,,,,,,,,,,,,,,23,,,,,B03,,,1,,2,,,23,,1,22,,B03,120.663246,24.062078,3
2022,7,22,14,12,臺中市,北區,0,1,0,8,1,5,50,3,1,1,5,4,5,7,4,4,5,4,5,2,16,6,3,10,1,1,B03,7,5,1,8,1,1,,6,6,1,5,5,B03,120.688697,24.152433,2
2022,7,22,14,16,臺中市,大里區,0,0,0,8,,,30,,,,,,,,,,,,,,,12,,,,,B12,,,1,,2,,,12,,1,22,,B12,120.707772,24.111637,3
2022,7,22,14,18,臺中市,梧棲區,0,2,0,8,1,5,30,4,1,1,5,4,5,7,4,4,10,5,5,2,15,6,2,9,1,1,C03,7,9,2,18,2,12,,6,6,1,9,8,C03,120.545739,24.259543,2
2022,7,22,14,21,臺中市,南屯區,0,2,0,8,1,5,50,4,1,1,5,4,5,7,2,1,5,4,4,2,11,6,2,8,3,4,C03,7,5,1,10,2,11,,6,6,1,22,9,C03,120.612564,24.13845,2
2022,7,22,14,22,臺中市,北區,0,1,0,8,1,5,50,5,2,1,5,4,5,7,2,1,3,4,5,1,16,9,3,10,3,4,C03,7,6,1,10,2,12,,9,9,1,22,9,C03,120.672074,24.16491,2
2022,7,22,14,24,臺中市,西屯區,0,1,0,8,1,5,40,14,8,1,5,4,5,7,4,4,1,4,2,2,13,16,2,9,1,1,C03,7,9,1,10,2,11,,16,16,1,22,8,C03,120.65085,24.162164,2
2022,7,22,14,27,臺中市,西區,0,0,0,8,,,50,,,,,,,,,,,,,,,17,,,,,B12,,,1,8,1,,,17,17,1,5,,B12,120.662327,24.137898,3
2022,7,22,14,45,臺中市,東區,0,2,0,8,1,5,50,4,1,1,5,4,5,7,1,1,10,5,5,2,16,6,2,7,1,1,B12,7,5,1,8,2,1,,6,6,1,22,8,B12,120.700636,24.127289,2
2022,7,22,14,47,臺中市,東勢區,0,1,0,8,1,5,60,14,7,1,5,4,5,7,4,4,1,4,4,1,16,19,3,10,1,1,B03,7,1,1,8,2,8,,19,19,1,5,8,B03,120.832791,24.245063,2
2022,7,22,14,50,臺中市,清水區,0,0,0,,,,50,,,,,,,,,,,,,,,23,,,,,B03,,,6,,2,,,23,23,1,5,,B03,120.574345,24.266405,3
2022,7,22,14,55,臺中市,神岡區,0,1,0,8,1,5,50,4,1,1,5,4,5,7,4,4,10,5,5,2,17,17,3,10,3,4,B12,7,4,1,1,2,2,,17,17,1,10,3,B12,120.655746,24.267595,2
2022,7,22,15,0,臺中市,南屯區,0,0,0,8,,,40,,,,,,,,,,,,,,,12,,,,,B12,,,1,,1,,,12,12,1,22,,B12,120.616248,24.151708,3
2022,7,22,15,4,臺中市,西屯區,0,1,0,8,1,5,40,14,8,1,5,4,5,7,4,4,1,5,5,2,13,23,2,8,1,1,C03,7,9,1,10,2,11,,23,23,1,22,8,C03,120.606768,24.183821,2
2022,7,22,15,9,臺中市,太平區,0,0,0,8,,,50,,,,,,,,,,,,,,,16,,,,,C03,,,1,,2,,,16,,1,21,,C03,120.720059,24.114755,3
2022,7,22,15,10,臺中市,龍井區,0,3,0,8,1,5,30,4,2,1,5,4,5,7,4,4,10,5,5,2,17,6,2,9,3,4,C03,7,9,1,10,2,11,,6,6,1,22,9,C03,120.595224,24.187457,2
2022,7,22,15,14,臺中市,大里區,0,1,0,8,1,5,30,4,1,1,5,4,5,7,3,1,10,5,5,2,15,6,3,10,1,1,B12,7,9,1,8,2,1,,6,6,1,21,3,B12,120.67653,24.10196,2
2022,7,22,15,14,臺中市,大安區,0,2,0,8,1,5,50,4,2,1,5,4,5,7,1,1,10,5,5,1,13,16,2,9,1,1,C03,7,14,1,10,2,11,,16,16,1,21,6,C03,120.58583,24.36048,2
2022,7,22,15,17,臺中市,西屯區,0,0,0,8,,,50,,,,,,,,,,,,,,,23,,,,,B03,,,1,,1,,,23,,1,22,,B03,120.644976,24.165095,3
2022,7,22,15,18,臺中市,西屯區,0,0,0,8,,,50,,,,,,,,,,,,,,,23,,,,,B03,,,1,,1,,,23,23,1,21,,B03,120.654391,24.164903,3
2022,7,22,15,19,臺中市,南屯區,0,2,0,8,1,5,50,14,9,1,5,4,5,7,4,4,2,5,5,2,13,23,2,9,1,4,C03,7,9,1,10,2,13,,23,23,1,22,8,C03,120.646019,24.140194,2
2022,7,22,15,20,臺中市,西屯區,0,0,0,8,,,50,,,,,,,,,,,,,,,12,,,,,B03,,,1,,11,,,12,12,1,22,,B03,120.638391,24.15657,3
2022,7,22,15,30,臺中市,西屯區,0,1,0,8,1,5,40,14,8,1,5,4,5,7,4,4,9,4,4,2,16,19,3,10,1,1,B03,7,1,1,8,2,1,,19,19,1,12,8,B03,120.645626,24.164669,2
2022,7,22,15,31,臺中市,大肚區,0,1,0,8,1,5,50,4,1,1,5,4,5,7,1,1,10,5,5,2,16,6,3,10,1,1,B03,7,6,1,8,2,3,,6,6,1,4,8,B03,120.562982,24.124147,2
2022,7,22,15,33,臺中市,南區,0,0,0,,,,30,,,,,,,,,,,,,,,12,,,,,B03,,,1,,2,,,12,,1,5,,B03,120.682278,24.133934,3
2022,7,22,15,37,臺中市,西屯區,0,0,0,8,,,50,,,,,,,,,,,,,,,43,,,,,B03,,,1,,1,,,43,,1,22,,B03,120.616976,24.174158,3
2022,7,22,15,42,臺中市,南屯區,0,0,0,8,,,40,,,,,,,,,,,,,,,6,,,,,B01,,,1,,11,,,6,,2,10,,B01,120.623386,24.140385,3
2022,7,22,15,50,臺中市,烏日區,0,0,0,8,,,50,,,,,,,,,,,,,,,7,,,,,B03,,,1,,2,,,7,,1,22,,B03,120.58763,24.11322,3
2022,7,22,15,53,臺中市,南屯區,0,1,0,8,1,5,50,3,1,1,5,4,5,7,4,4,5,4,4,2,17,6,3,10,1,1,B03,7,5,1,8,2,8,,6,6,1,22,8,B03,120.610156,24.138378,2
2022,7,22,15,53,臺中市,西屯區,0,0,0,8,,,30,,,,,,,,,,,,,,,6,,,,,B12,,,1,,1,,,6,,1,22,,B12,120.650475,24.166903,3
2022,7,22,15,55,臺中市,西屯區,0,1,0,8,1,5,40,3,2,1,5,4,5,7,4,4,8,3,5,1,12,6,3,10,1,1,B03,7,6,1,8,11,6,,6,6,1,22,8,B03,120.645369,24.172817,2
2022,7,22,15,56,臺中市,北屯區,0,1,0,8,1,5,50,4,1,1,5,4,5,7,4,4,10,5,5,2,15,6,2,8,1,1,C03,7,9,1,10,2,11,,6,6,1,22,8,C03,120.701164,24.185206,2
2022,7,22,15,58,臺中市,大雅區,0,0,0,8,,,50,,,,,,,,,,,,,,,16,,,,,B03,,,1,,2,,,16,,1,22,,B03,120.646039,24.224388,3
2022,7,22,16,0,臺中市,潭子區,0,2,0,8,1,5,50,14,7,1,5,4,5,7,4,4,5,4,4,2,12,23,3,10,1,1,B12,7,9,1,8,2,2,,23,23,1,22,8,B12,120.691024,24.215292,2
2022,7,22,16,0,臺中市,北區,0,0,0,,,,50,,,,,,,,,,,,,,,16,,,,,C03,,,1,,11,,,16,,1,22,,C03,120.668164,24.154683,3
2022,7,22,16,0,臺中市,新社區,0,0,0,8,,,50,,,,,,,,,,,,,,,23,,,,,B03,,,1,,2,,,38,23,1,21,,B03,120.805401,24.236633,3
2022,7,22,16,5,臺中市,南屯區,0,0,0,8,,,40,,,,,,,,,,,,,,,23,,,,,B02,,,1,8,2,,,23,23,1,12,,B02,120.627435,24.140151,3
2022,7,22,16,7,臺中市,大里區,0,1,0,8,1,5,50,11,13,1,5,4,5,7,4,4,1,4,5,1,17,43,2,1,1,1,C03,7,9,3,18,2,13,,43,43,1,22,9,C03,120.690046,24.120596,2
2022,7,22,16,8,臺中市,西屯區,0,0,0,8,,,50,,,,,,,,,,,,,,,23,,,,,B03,,,1,,2,,,23,,1,12,,B03,120.620945,24.183875,3
2022,7,22,16,14,臺中市,神岡區,0,1,0,8,1,5,50,3,2,1,5,4,5,7,4,4,5,4,4,2,17,6,3,10,3,4,B03,7,5,1,8,2,8,,6,6,1,22,9,B03,120.657842,24.258872,2
2022,7,22,16,15,臺中市,北區,0,1,0,8,1,5,50,3,1,1,5,4,5,7,1,1,10,5,5,2,17,6,2,1,1,1,C03,7,5,3,18,2,14,,6,6,1,20,8,C03,120.681097,24.157585,2
2022,7,22,16,18,臺中市,南區,0,0,0,,,,50,,,,,,,,,,,,,,,42,,,,,B03,,,1,,2,,,42,,1,5,,B03,120.678477,24.126327,3
2022,7,22,16,22,臺中市,神岡區,0,0,0,,,,50,,,,,,,,,,,,,,,7,,,,,B03,,,1,,2,,,7,,1,22,,B03,120.695455,24.248445,4
2022,7,22,16,26,臺中市,大肚區,0,0,0,,,,50,,,,,,,,,,,,,,,16,,,,,B03,,,1,,2,,,16,,1,22,,B03,120.578307,24.167383,3
2022,7,22,16,27,臺中市,南屯區,0,0,0,8,,,50,,,,,,,,,,,,,,,9,,,,,B03,,,1,,1,,,9,,1,22,,B03,120.638185,24.139825,3
2022,7,22,16,29,臺中市,西屯區,0,1,0,8,1,5,50,4,1,1,5,4,5,7,1,1,10,5,5,2,16,6,3,10,1,1,B03,7,5,1,8,1,2,,6,6,1,21,8,B03,120.64822,24.167745,2
2022,7,22,16,29,臺中市,大里區,0,0,0,8,,,50,,,,,,,,,,,,,,,23,,,,,C03,,,2,,2,,,23,,1,22,,C03,120.693839,24.088165,3
2022,7,22,16,30,臺中市,大雅區,0,1,0,8,1,5,50,14,8,1,5,4,5,7,4,4,1,4,5,1,13,16,2,9,1,1,C03,7,9,1,10,2,11,,16,16,1,22,9,C03,120.654939,24.221189,2
2022,7,22,16,32,臺中市,大里區,0,0,0,8,,,50,,,,,,,,,,,,,,,23,,,,,B03,,,1,,11,,,23,,1,22,,B03,120.713564,24.095312,3
2022,7,22,16,32,臺中市,大里區,0,0,0,8,,,60,,,,,,,,,,,,,,,23,,,,,B03,,,1,,2,,,23,,1,22,,B03,120.672008,24.102165,3
2022,7,22,16,34,臺中市,南屯區,0,1,0,8,1,5,50,4,1,1,5,4,5,7,1,1,10,5,5,2,15,25,3,10,3,4,B03,7,9,1,8,2,5,,25,25,1,12,8,B03,120.647815,24.143772,2
2022,7,22,16,35,臺中市,豐原區,0,1,0,8,1,5,30,14,9,1,5,4,5,7,4,4,10,5,5,1,17,19,2,9,1,1,C03,7,9,1,10,2,11,,23,19,1,22,8,C03,120.729336,24.267599,2
2022,7,22,16,38,臺中市,潭子區,0,3,0,8,1,5,30,3,1,1,5,4,5,7,4,4,9,5,5,2,14,12,3,10,1,1,B03,7,2,1,8,2,7,,12,12,1,22,8,B03,120.699431,24.211559,2
2022,7,22,16,42,臺中市,霧峰區,0,0,0,8,,,50,,,,,,,,,,,,,,,25,,,,,B03,,,1,,2,,,25,,1,22,,B03,120.702072,24.071057,3
2022,7,22,16,45,臺中市,大雅區,0,1,0,8,1,5,50,4,1,1,5,4,5,7,1,1,3,4,5,1,15,25,2,9,1,1,F03,7,9,8,20,2,16,,25,25,1,22,8,F03,120.64997,24.221558,2
2022,7,22,16,46,臺中市,太平區,0,0,0,8,,,50,,,,,,,,,,,,,,,12,,,,,B03,,,1,,2,,,12,,1,21,,B03,120.705014,24.159938,3
2022,7,22,16,49,臺中市,北區,0,1,0,8,1,5,50,4,2,1,5,4,5,7,2,1,10,5,5,2,17,43,3,10,1,1,C03,7,8,1,10,1,15,,43,43,1,22,8,C03,120.68089,24.158938,2
2022,7,22,16,54,臺中市,北屯區,0,0,0,8,,,50,,,,,,,,,,,,,,,13,,,,,B03,,,1,,2,,,44,13,1,22,,B03,120.714553,24.182422,3
2022,7,22,16,55,臺中市,霧峰區,0,1,0,8,1,5,30,11,9,1,5,4,5,1,4,4,10,5,5,1,10,23,3,10,3,4,A12,7,9,1,3,2,1,,44,23,1,21,8,A12,120.674861,24.053143,2
2022,7,22,16,55,臺中市,神岡區,0,1,0,8,1,5,50,4,2,1,5,4,5,7,4,4,5,5,5,2,12,42,3,10,3,4,F03,7,5,8,20,2,16,,42,42,1,22,9,F03,120.660085,24.272006,2
2022,7,22,17,2,臺中市,潭子區,0,1,0,8,1,5,30,3,1,1,5,4,5,7,4,4,10,5,5,1,16,6,3,10,1,1,B12,7,5,1,8,2,1,,6,6,1,22,8,B12,120.711476,24.219286,2
2022,7,22,17,2,臺中市,東區,0,0,0,,,,50,,,,,,,,,,,,,,,23,,,,,C03,,,1,,2,,,23,,1,22,,C03,120.68652,24.140243,3
2022,7,22,17,5,臺中市,梧棲區,0,1,0,8,1,5,70,4,1,1,5,4,5,7,4,4,10,5,5,1,16,26,3,10,3,4,B12,7,6,1,4,2,2,,26,26,1,22,8,B12,120.523157,24.223661,2
2022,7,22,17,10,臺中市,神岡區,0,2,0,8,1,5,50,3,1,1,5,4,5,7,1,1,10,5,5,2,12,7,2,9,1,1,C03,7,7,1,10,2,14,,7,7,1,22,9,C03,120.698623,24.248885,2
2022,7,22,17,16,臺中市,北區,0,1,0,8,1,5,50,3,2,1,5,4,5,7,2,1,3,2,3,1,16,23,2,9,3,4,C03,7,14,1,10,2,11,,23,23,1,22,8,C03,120.694218,24.161292,2
2022,7,22,17,18,臺中市,大雅區,0,3,0,8,1,5,30,14,9,1,5,4,5,7,4,4,10,5,5,2,11,43,2,9,1,1,C03,7,9,1,10,2,11,,43,43,1,22,9,C03,120.646968,24.234875,2
2022,7,22,17,19,臺中市,北區,0,1,0,8,1,5,30,14,9,1,5,4,5,7,4,4,10,5,5,2,3,23,3,10,1,1,B03,7,9,1,8,2,5,,23,23,1,5,8,B03,120.66905,24.169465,2
2022,7,22,17,19,臺中市,大里區,0,0,0,8,,,50,,,,,,,,,,,,,,,23,,,,,B03,,,1,,2,,,23,,1,21,,B03,120.680537,24.095282,3
2022,7,22,17,22,臺中市,北屯區,0,2,0,8,1,5,50,14,9,1,5,4,5,7,4,4,1,4,5,2,17,43,2,9,1,1,C03,7,9,1,10,2,15,,43,43,1,22,8,C03,120.707686,24.18256,2
2022,7,22,17,25,臺中市,南區,0,0,0,8,,,50,,,,,,,,,,,,,,,23,,,,,B11,,,1,,1,,,23,,1,10,,B11,120.681083,24.12678,3