年,月,日,時,分,縣市,區,死,受傷,2-30,天候,光線,道路類別,速限,道路型態,事故位置,路面鋪裝,路面狀態,路面缺陷,障礙物,視距,號誌種類,號誌動作,分向設施,快車道或一般車道間,快慢車道間,路面邊線,事故類型及型態,主要肇因,受傷程度,主要傷處,保護裝備,行動電話,當事者區分,車輛用途,當事者行動狀態,駕駛資格情形,駕駛執照種類,飲酒情形,車輛撞擊部位最初,車輛撞擊部位其他,肇事因素個別,肇事因素主要,肇事逃逸,職業,旅次目的,車種,GPS緯度,GPS經度,事故類別
2022,7,23,19,28,臺中市,中區,0,0,0,8,,,50,,,,,,,,,,,,,,,17,,,,,B03,,,1,,2,,,17,,1,4,,B03,120.685639,24.143207,3
2022,7,23,19,40,臺中市,南屯區,0,0,0,8,,,50,,,,,,,,,,,,,,,23,,,,,B03,,,1,,2,,,23,,1,5,,B03,120.649857,24.137928,3
2022,7,23,19,42,臺中市,大雅區,0,1,0,8,3,5,50,14,9,1,5,4,5,7,4,4,5,5,5,1,13,23,2,7,1,1,C03,7,9,1,10,2,11,,23,23,1,21,8,C03,120.655445,24.224924,2
2022,7,23,19,48,臺中市,南屯區,0,1,0,8,3,5,50,3,1,1,5,4,5,7,4,4,5,4,5,2,16,19,2,8,1,1,C03,7,1,1,10,2,11,,19,19,1,22,9,C03,120.64385,24.137533,2
2022,7,23,19,52,臺中市,西屯區,0,0,0,8,,,50,,,,,,,,,,,,,,,17,,,,,B03,,,1,,11,,,17,,1,22,,B03,120.645191,24.162759,3
2022,7,23,19,56,臺中市,東區,0,0,0,8,,,50,,,,,,,,,,,,,,,23,,,,,C03,,,1,,2,,,23,,1,22,,C03,120.703323,24.133969,3
2022,7,23,20,7,臺中市,中區,0,0,0,8,,,50,,,,,,,,,,,,,,,23,,,,,B03,,,1,,1,,,23,,1,5,,B03,120.678802,24.147185,3
2022,7,23,20,20,臺中市,東區,0,1,0,8,3,5,50,4,1,1,5,4,5,7,1,1,10,5,5,2,2,15,3,10,1,1,B03,7,5,1,8,2,5,,15,15,1,22,8,B03,120.688484,24.135263,2
2022,7,23,20,28,臺中市,太平區,0,0,0,8,,,50,,,,,,,,,,,,,,,23,,,,,C03,,,1,,2,,,23,,1,21,,C03,120.723076,24.118474,3
2022,7,23,20,30,臺中市,北屯區,0,2,0,8,3,5,50,14,9,1,5,4,5,7,4,4,5,5,5,2,9,43,2,9,2,1,F01,7,9,8,20,2,16,,43,43,1,22,8,F01,120.710131,24.173286,2
2022,7,23,20,31,臺中市,南屯區,0,0,0,8,,,40,,,,,,,,,,,,,,,23,,,,,B03,,,1,,1,,,23,,1,4,,B03,120.651668,24.143645,3
2022,7,23,20,42,臺中市,龍井區,0,0,0,8,,,50,,,,,,,,,,,,,,,17,,,,,B03,,,1,,2,,,17,,1,21,,B03,120.581021,24.18482,3
2022,7,23,20,55,臺中市,西屯區,0,2,0,8,3,5,50,4,2,1,5,4,5,7,1,1,10,5,5,2,16,26,2,9,1,1,C03,7,11,1,10,2,11,,26,26,1,22,8,C03,120.644828,24.181694,2
2022,7,23,20,55,臺中市,龍井區,0,1,0,8,3,5,50,3,2,1,5,4,5,7,1,1,10,5,5,2,29,23,2,1,1,1,C03,7,5,1,10,7,11,,23,23,1,21,7,C03,120.595718,24.187053,2
2022,7,23,21,1,臺中市,西屯區,0,0,0,8,,,50,,,,,,,,,,,,,,,16,,,,,B03,,,1,,1,,,16,,1,22,,B03,120.645161,24.176316,3
2022,7,23,21,7,臺中市,西屯區,0,0,0,8,,,50,,,,,,,,,,,,,,,12,,,,,B03,,,1,,1,,,12,,1,21,,B03,120.64551,24.178745,3
2022,7,23,21,29,臺中市,清水區,0,1,0,8,2,5,50,14,9,1,5,4,5,7,4,4,8,3,4,1,16,23,2,9,1,1,C03,7,9,1,10,2,12,,23,23,1,21,8,C03,120.552052,24.275773,2
2022,7,23,21,32,臺中市,豐原區,0,0,0,8,,,50,,,,,,,,,,,,,,,12,,,,,B03,,,1,,2,,,12,,1,22,,B03,120.711179,24.261663,3
2022,7,23,21,41,臺中市,龍井區,0,0,0,8,,,30,,,,,,,,,,,,,,,23,,,,,B03,,,1,,2,,,23,,1,21,,B03,120.58379,24.178561,3
2022,7,23,22,0,臺中市,霧峰區,0,1,0,8,3,5,50,4,1,1,5,4,5,7,4,4,10,5,5,2,17,23,2,9,1,1,C03,7,9,3,18,2,11,,23,23,1,22,8,C03,120.697963,24.066399,2
2022,7,23,22,1,臺中市,西屯區,0,0,0,8,,,40,,,,,,,,,,,,,,,12,,,,,B03,,,1,,1,,,12,,1,22,,B03,120.610228,24.192393,3
2022,7,23,22,5,臺中市,西屯區,0,0,0,8,,,50,,,,,,,,,,,,,,,17,,,,,B03,,,1,,2,,,17,,1,22,,B03,120.656293,24.196323,3
2022,7,23,22,9,臺中市,西屯區,0,0,0,8,,,50,,,,,,,,,,,,,,,7,,,,,B03,,,1,,1,,,7,,1,21,,B03,120.656201,24.15883,3
2022,7,23,22,19,臺中市,東區,0,3,0,8,1,5,50,14,9,1,5,4,5,7,4,4,5,5,5,2,17,42,2,9,1,1,C03,7,15,1,10,2,14,,42,42,1,22,8,C03,120.70115,24.142951,2
2022,7,23,22,20,臺中市,西屯區,0,1,0,8,3,5,70,3,1,1,5,4,5,7,4,4,1,4,5,2,16,6,3,10,1,1,B03,7,6,1,8,2,5,,6,6,1,22,8,B03,120.627178,24.177568,2
2022,7,23,22,28,臺中市,北區,0,0,0,8,3,5,50,14,9,1,5,4,5,7,4,4,9,5,5,2,14,12,3,10,1,1,B12,7,2,6,18,6,2,,12,12,1,22,8,B12,120.678695,24.154046,3
2022,7,23,23,7,臺中市,太平區,0,1,0,8,3,5,30,3,1,1,5,4,5,7,4,4,10,5,5,2,16,6,3,10,1,1,B03,7,5,1,8,2,4,,6,6,1,19,5,B03,120.724385,24.111315,2
2022,7,23,23,19,臺中市,北區,0,0,0,,,,50,,,,,,,,,,,,,,,7,,,,,B03,,,3,,2,,,7,,1,21,,B03,120.676304,24.150176,3
2022,7,23,23,34,臺中市,北區,0,1,0,8,3,5,50,14,7,1,5,4,5,7,4,4,5,4,4,2,18,43,2,1,1,1,C03,7,9,4,11,2,15,,43,43,1,22,8,C03,120.67297,24.155932,2
2022,7,24,0,9,臺中市,南屯區,0,1,0,8,3,5,50,4,1,1,5,4,5,7,1,1,10,5,5,2,16,6,3,10,1,1,B03,7,6,6,18,9,5,,6,6,2,22,8,B03,120.615281,24.147923,2
2022,7,24,0,24,臺中市,太平區,0,1,0,8,3,5,50,4,1,1,5,4,5,7,2,1,10,5,5,2,16,9,3,10,1,1,B03,7,6,1,8,1,2,,9,9,1,3,8,B03,120.720816,24.13055,2
2022,7,24,0,31,臺中市,北屯區,0,2,0,8,3,5,50,14,9,1,5,4,5,7,4,4,5,2,5,2,13,23,2,9,1,1,C03,7,9,1,10,2,11,,23,23,1,3,8,C03,120.6747,24.191,2
2022,7,24,2,14,臺中市,東區,0,0,0,8,3,5,50,3,2,1,5,4,5,7,2,1,3,2,4,2,16,9,3,10,1,1,B03,7,6,1,8,2,5,,9,9,1,21,8,B03,120.694453,24.151108,3
2022,7,24,2,15,臺中市,神岡區,0,0,0,8,,,50,,,,,,,,,,,,,,,6,,,,,C03,,,1,,1,,,6,,1,22,,C03,120.701405,24.251658,4
2022,7,24,6,45,臺中市,北區,0,1,0,8,1,5,50,4,1,1,5,4,5,7,1,1,5,5,5,2,16,6,3,10,1,1,B03,7,6,1,8,2,2,,6,6,1,21,8,B03,120.682617,24.153271,2
2022,7,24,6,50,臺中市,大肚區,0,0,0,8,,,50,,,,,,,,,,,,,,,42,,,,,C03,,,1,,2,,,42,,1,2,,C03,120.53708,24.153198,3
2022,7,24,7,18,臺中市,北區,0,1,0,8,1,5,50,4,1,1,5,4,4,7,1,1,1,2,5,2,24,23,2,9,1,1,C03,7,12,1,10,2,11,,23,23,1,22,8,C03,120.667544,24.164919,2
2022,7,24,7,41,臺中市,沙鹿區,0,1,0,8,1,5,40,14,8,1,5,4,5,7,2,1,1,2,1,1,17,26,2,9,1,1,C03,7,15,1,10,2,11,,26,26,1,4,8,C03,120.577191,24.225802,2
2022,7,24,8,0,臺中市,外埔區,0,2,0,8,1,5,50,4,1,1,5,4,5,7,3,1,10,5,5,1,15,6,3,10,1,1,B03,7,9,6,8,2,5,,6,6,1,22,8,B03,120.68834,24.333972,2
2022,7,24,8,10,臺中市,西區,0,2,0,8,1,5,30,4,1,1,5,4,5,7,3,3,10,5,5,2,17,6,2,9,1,1,F03,7,9,8,20,2,16,,6,6,1,21,8,F03,120.665135,24.132052,2
2022,7,24,8,18,臺中市,南屯區,0,0,0,8,,,50,,,,,,,,,,,,,,,23,,,,,C03,,,1,,1,,,23,,1,22,,C03,120.653254,24.128742,3
2022,7,24,8,20,臺中市,梧棲區,0,0,0,8,,,40,,,,,,,,,,,,,,,43,,,,,B03,,,1,,2,,,43,,1,3,,B03,120.544391,24.247345,3
2022,7,24,8,24,臺中市,大里區,0,2,0,8,1,5,50,14,9,1,5,4,5,7,4,4,5,5,5,2,12,16,2,7,1,1,C03,7,9,1,11,2,12,,16,16,1,5,8,C03,120.69013,24.114196,2
2022,7,24,8,35,臺中市,北區,0,1,0,8,1,5,50,3,1,1,5,4,5,7,4,4,1,4,5,2,16,23,3,10,1,1,B03,7,9,3,18,2,4,,23,23,1,5,8,B03,120.691377,24.158921,2
2022,7,24,8,35,臺中市,北區,0,0,0,8,,,30,,,,,,,,,,,,,,,17,,,,,B12,,,1,,9,,,17,,2,22,,B12,120.666367,24.164592,3
2022,7,24,8,37,臺中市,東區,0,1,0,8,1,5,50,4,1,1,5,4,5,7,4,4,9,4,5,2,16,6,3,10,1,1,B03,7,9,1,8,2,4,,14,6,1,5,1,B03,120.691368,24.14038,2
2022,7,24,8,43,臺中市,太平區,0,2,0,8,1,5,50,14,9,1,5,4,5,7,4,4,5,5,5,2,6,52,2,9,4,5,H01,8,18,8,20,10,16,,52,52,1,14,8,H01,120.728185,24.15286,2
2022,7,24,8,45,臺中市,后里區,0,1,0,8,1,5,50,3,1,1,5,4,5,7,4,4,10,5,5,2,16,8,3,10,1,1,B03,7,5,1,8,2,8,,8,6,1,21,1,B03,120.700391,24.321236,2
2022,7,24,8,55,臺中市,東區,0,0,0,8,,,50,,,,,,,,,,,,,,,23,,,,,B03,,,1,,2,,,23,,1,22,,B03,120.691497,24.131416,3
2022,7,24,9,0,臺中市,西區,0,0,0,8,,,50,,,,,,,,,,,,,,,26,,,,,B03,,,1,,1,,,26,,1,21,,B03,120.659727,24.157289,3
2022,7,24,9,0,臺中市,大肚區,0,3,0,8,1,5,30,9,9,1,5,4,5,7,4,4,10,5,5,2,10,5,2,7,1,1,C03,7,9,1,10,2,11,,5,5,1,4,8,C03,120.549052,24.149301,2
2022,7,24,9,23,臺中市,霧峰區,0,0,0,8,,,30,,,,,,,,,,,,,,,12,,,,,B12,,,1,,2,,,12,,1,22,,B12,120.732991,24.06282,3
2022,7,24,9,24,臺中市,北區,0,1,0,8,1,5,50,11,9,1,5,4,5,1,4,4,5,5,5,2,11,23,2,8,1,1,C03,7,15,1,10,2,14,,23,23,1,5,8,C03,120.683543,24.159791,2
2022,7,24,9,26,臺中市,大雅區,0,0,0,8,,,30,,,,,,,,,,,,,,,8,,,,,B03,,,1,,1,,,8,,1,22,,B03,120.665122,24.232314,3
2022,7,24,9,28,臺中市,大肚區,0,0,0,,,,50,,,,,,,,,,,,,,,12,,,,,B03,,,1,,2,,,12,,1,2,,B03,120.576813,24.119502,3
2022,7,24,9,30,臺中市,大肚區,0,0,0,,,,50,,,,,,,,,,,,,,,16,,,,,B12,,,1,,2,,,16,,1,4,,B12,120.578817,24.121059,3
2022,7,24,9,32,臺中市,西屯區,0,0,0,8,,,30,,,,,,,,,,,,,,,17,,,,,B12,,,1,,2,,,17,,1,22,,B12,120.665916,24.170531,3
2022,7,24,9,41,臺中市,潭子區,0,0,0,8,,,50,,,,,,,,,,,,,,,43,,,,,,,,,,,,,43,,1,,,,120.709644,24.205022,3
2022,7,24,9,57,臺中市,潭子區,0,0,0,8,,,60,,,,,,,,,,,,,,,7,,,,,B03,,,1,,2,,,7,,1,22,,B03,120.702673,24.196646,3
2022,7,24,10,0,臺中市,外埔區,0,1,0,8,1,5,50,4,2,1,5,4,5,7,1,1,4,5,4,1,16,25,3,10,1,1,B03,7,5,1,8,2,4,,25,25,1,21,8,B03,120.651843,24.331435,2
2022,7,24,10,3,臺中市,豐原區,0,0,0,8,,,50,,,,,,,,,,,,,,,23,,,,,A02,,,1,,2,,,23,,1,22,,A02,120.725693,24.252616,3
2022,7,24,10,10,臺中市,西屯區,0,0,0,8,,,50,,,,,,,,,,,,,,,42,,,,,B02,,,1,,2,,,42,,1,22,,B02,120.586526,24.173061,3
2022,7,24,10,15,臺中市,東區,0,0,0,8,,,50,,,,,,,,,,,,,,,23,,,,,B03,,,1,8,2,,,23,23,1,5,,B03,120.65531,24.120246,3
2022,7,24,10,31,臺中市,西區,0,0,0,8,,,30,,,,,,,,,,,,,,,12,,,,,B03,,,1,,1,,,12,,1,22,,B03,120.663394,24.129388,3
2022,7,24,10,33,臺中市,東區,0,0,0,,,,50,,,,,,,,,,,,,,,16,,,,,C03,,,1,,9,,,16,,2,5,,C03,120.69242,24.142712,3
2022,7,24,10,37,臺中市,太平區,0,0,0,8,,,30,,,,,,,,,,,,,,,23,,,,,C03,,,3,,1,,,23,,1,21,,C03,120.716286,24.122351,4
2022,7,24,10,40,臺中市,南屯區,0,0,0,8,,,40,,,,,,,,,,,,,,,12,,,,,B01,,,1,,1,,,12,,1,22,,B01,120.630728,24.150915,3
2022,7,24,10,43,臺中市,大甲區,0,0,0,8,,,30,,,,,,,,,,,,,,,6,,,,,B03,,,1,,1,,,6,,1,9,,B03,120.627444,24.341134,3
2022,7,24,10,47,臺中市,潭子區,0,1,0,8,1,5,50,3,1,1,5,4,5,7,4,4,5,4,4,1,17,6,3,10,1,1,B03,7,5,1,8,2,8,,6,6,1,22,8,B03,120.720312,24.204071,2
2022,7,24,10,48,臺中市,沙鹿區,0,2,0,8,1,5,50,3,1,1,5,4,5,7,4,4,10,5,5,2,17,7,2,9,1,1,C03,7,7,1,10,2,14,,7,7,1,21,8,C03,120.561873,24.244365,2
2022,7,24,10,56,臺中市,北屯區,0,0,0,8,1,5,50,14,22,1,5,4,5,7,4,4,7,4,4,2,14,12,3,10,1,1,B03,7,2,1,8,8,3,,12,12,1,21,8,B03,120.661009,24.188875,3
2022,7,24,11,0,臺中市,北區,0,1,0,8,1,5,40,3,1,1,5,4,5,7,1,1,10,5,5,2,18,23,2,9,1,1,C03,7,9,1,10,2,14,,23,23,1,22,8,C03,120.673651,24.159219,2
2022,7,24,11,0,臺中市,龍井區,0,0,0,8,,,30,,,,,,,,,,,,,,,43,,,,,,,,,,,,,43,,1,,,,120.592323,24.182047,3
2022,7,24,11,18,臺中市,西區,0,0,0,8,,,50,,,,,,,,,,,,,,,42,,,,,B03,,,1,8,1,,,42,42,1,22,,B03,120.672019,24.131402,3
2022,7,24,11,27,臺中市,東區,0,0,0,,,,50,,,,,,,,,,,,,,,12,,,,,B03,,,1,,2,,,12,,1,22,,B03,120.707855,24.136022,3
2022,7,24,11,31,臺中市,新社區,0,0,0,8,,,30,,,,,,,,,,,,,,,8,,,,,B12,,,1,,1,,,8,8,1,5,,B12,120.812234,24.194283,3
2022,7,24,11,34,臺中市,潭子區,0,0,0,8,,,50,,,,,,,,,,,,,,,14,,,,,B03,,,1,,2,,,14,,1,22,,B03,120.701808,24.193329,3
2022,7,24,11,40,臺中市,梧棲區,0,5,0,8,1,5,70,4,1,1,5,4,5,7,1,1,10,5,5,1,16,25,2,9,3,4,B02,7,5,1,15,2,5,,25,25,1,22,8,B02,120.52824,24.26176,2
2022,7,24,11,40,臺中市,大甲區,0,1,0,8,1,5,50,15,9,1,5,4,5,7,4,4,5,5,5,1,17,26,2,9,1,1,C03,7,15,3,18,2,12,,26,26,1,5,7,C03,120.6221,24.3464,2
2022,7,24,11,45,臺中市,北屯區,0,1,0,8,1,5,40,4,1,1,5,4,5,7,2,1,10,5,5,2,16,1,2,9,1,1,C03,7,9,1,10,2,14,,1,23,1,21,8,C03,120.686102,24.180218,2
2022,7,24,11,46,臺中市,大甲區,0,2,0,8,1,5,50,14,9,1,5,4,5,7,4,4,9,5,5,1,16,19,2,8,1,1,C03,7,1,1,10,2,11,,19,19,1,19,8,C03,120.62663,24.34992,2
2022,7,24,11,48,臺中市,梧棲區,0,2,0,8,1,5,50,3,1,1,5,4,5,7,4,4,10,5,5,2,17,1,2,9,3,4,C03,7,9,1,9,2,12,,1,1,1,22,8,C03,120.543742,24.245535,2
2022,7,24,11,50,臺中市,南區,0,0,0,8,1,5,40,14,8,1,5,4,5,7,4,4,5,4,4,2,14,12,3,10,1,1,B03,7,2,1,8,2,5,,12,12,1,22,8,B03,120.67868,24.128364,3
2022,7,24,11,50,臺中市,西屯區,0,0,0,8,,,60,,,,,,,,,,,,,,,23,,,,,B03,,,1,,1,,,23,,1,22,,B03,120.65246,24.161029,3
2022,7,24,11,50,臺中市,大里區,0,1,0,8,1,5,50,4,1,1,5,4,5,7,2,1,5,5,5,1,16,8,3,10,1,1,C03,7,5,4,8,2,12,,8,8,1,5,8,C03,120.67025,24.107266,2
2022,7,24,11,55,臺中市,烏日區,0,0,0,8,,,60,,,,,,,,,,,,,,,23,,,,,B01,,,1,,2,,,23,,1,10,,B01,120.62734,24.10404,3
2022,7,24,11,55,臺中市,東勢區,0,0,0,8,,,50,,,,,,,,,,,,,,,6,,,,,B12,,,1,,2,,,6,6,1,22,,B12,120.844579,24.246099,3
2022,7,24,11,57,臺中市,東勢區,0,0,0,8,,,30,,,,,,,,,,,,,,,42,,,,,B12,,,1,,2,,,42,42,1,22,,B12,120.806943,24.293313,3
2022,7,24,12,0,臺中市,神岡區,0,0,0,8,,,50,,,,,,,,,,,,,,,12,,,,,B03,,,1,,1,,,12,,1,21,,B03,120.658063,24.258798,4
2022,7,24,12,1,臺中市,南屯區,0,0,0,8,,,40,,,,,,,,,,,,,,,12,,,,,B03,,,1,,1,,,12,,1,22,,B03,120.651547,24.131804,3
2022,7,24,12,5,臺中市,沙鹿區,0,1,0,8,1,5,50,3,1,1,5,4,5,7,1,1,10,5,5,2,17,42,2,9,1,1,C03,7,5,3,18,2,14,,42,42,1,9,9,C03,120.566773,24.204232,2
2022,7,24,12,6,臺中市,西屯區,0,0,0,8,,,50,,,,,,,,,,,,,,,16,,,,,C03,,,1,,1,,,16,,1,12,,C03,120.612958,24.186873,3
2022,7,24,12,7,臺中市,太平區,0,0,0,8,,,30,,,,,,,,,,,,,,,23,,,,,B03,,,1,,2,5,,23,23,1,22,,B03,120.716767,24.119211,3
2022,7,24,12,10,臺中市,南屯區,0,2,0,8,1,5,50,3,1,1,5,4,5,7,4,4,5,4,5,2,16,6,3,10,1,1,B03,7,6,1,8,2,5,,6,6,1,22,9,B03,120.650368,24.135689,2
2022,7,24,12,15,臺中市,大雅區,0,6,0,8,1,5,50,14,9,1,5,4,5,7,4,4,5,5,5,1,17,23,2,7,1,1,B03,7,9,1,8,2,5,,23,23,1,21,8,B03,120.65371,24.223869,2
2022,7,24,12,15,臺中市,北區,0,1,0,8,1,5,50,4,1,1,5,4,5,7,1,1,10,5,5,2,16,6,3,10,1,1,B03,7,6,1,8,2,5,,6,6,1,5,8,B03,120.682344,24.165307,2
2022,7,24,12,17,臺中市,北區,0,0,0,8,1,5,50,14,9,5,5,4,5,7,4,4,5,4,5,2,13,23,3,10,1,1,C03,7,9,1,8,7,11,,23,23,1,5,8,C03,120.683816,24.153296,3
2022,7,24,12,18,臺中市,南屯區,0,0,0,8,,,50,,,,,,,,,,,,,,,7,,,,,B03,,,1,,1,,,7,,1,22,,B03,120.646858,24.13962,3
2022,7,24,12,33,臺中市,北屯區,0,0,0,8,,,40,,,,,,,,,,,,,,,12,,,,,B03,,,1,,1,,,12,,1,5,,B03,120.725081,24.176208,3
2022,7,24,12,33,臺中市,大里區,0,0,0,8,,,50,,,,,,,,,,,,,,,42,,,,,C03,,,1,,2,,,42,,1,22,,C03,120.68797,24.103651,3
2022,7,24,12,37,臺中市,太平區,0,0,0,8,,,50,,,,,,,,,,,,,,,42,,,,,B03,,,1,,1,,,42,,1,22,,B03,120.719047,24.148925,3
2022,7,24,12,41,臺中市,西區,0,0,0,,,,50,,,,,,,,,,,,,,,43,,,,,B03,,,1,,2,,,44,43,1,21,,B03,120.666641,24.147891,3
2022,7,24,12,48,臺中市,南屯區,0,0,0,8,,,50,,,,,,,,,,,,,,,17,,,,,B02,,,1,,1,,,17,,1,22,,B02,120.623497,24.149515,3
2022,7,24,12,52,臺中市,大里區,0,2,0,8,1,5,50,4,1,1,5,4,5,7,1,1,10,5,5,2,16,8,3,10,1,1,B03,7,5,1,8,2,8,,8,8,1,22,8,B03,120.698206,24.080525,2
2022,7,24,12,54,臺中市,石岡區,0,0,0,8,,,70,,,,,,,,,,,,,,,16,,,,,B03,,,1,,2,,,16,,1,22,,B03,120.792929,24.272461,3
2022,7,24,12,56,臺中市,北區,0,0,0,8,,,50,,,,,,,,,,,,,,,10,,,,,B03,,,1,,2,,,10,,1,5,,B03,120.675544,24.150653,3
2022,7,24,12,57,臺中市,南區,0,0,0,8,,,50,,,,,,,,,,,,,,,12,,,,,B12,,,1,,2,,,12,,1,5,,B12,120.689068,24.135418,3
2022,7,24,12,58,臺中市,西屯區,0,0,0,8,,,60,,,,,,,,,,,,,,,42,,,,,B03,,,1,,1,,,42,,1,22,,B03,120.65192,24.160928,3
2022,7,24,13,5,臺中市,太平區,0,0,0,8,,,50,,,,,,,,,,,,,,,42,,,,,B03,,,1,,2,1,,42,42,1,22,,B03,120.713258,24.147153,3
2022,7,24,13,9,臺中市,北區,0,3,0,8,1,5,50,3,1,1,5,4,5,7,4,4,10,4,5,2,16,6,2,9,1,1,C03,7,6,1,10,2,13,,6,6,1,5,8,C03,120.681161,24.158344,2
2022,7,24,13,17,臺中市,烏日區,0,0,0,8,,,30,,,,,,,,,,,,,,,23,,,,,C03,,,1,,2,,,23,,1,7,,C03,120.638346,24.083372,3
2022,7,24,13,19,臺中市,霧峰區,0,0,0,8,,,40,,,,,,,,,,,,,,,16,,,,,B03,,,1,,2,,,16,,1,4,,B03,120.662634,24.068431,3
2022,7,24,13,20,臺中市,西區,0,1,0,8,1,5,50,4,1,1,5,4,5,7,4,4,10,5,5,2,14,12,3,10,1,1,B12,7,2,1,8,2,3,,12,12,1,21,8,B12,120.670488,24.151252,2
2022,7,24,13,22,臺中市,豐原區,0,2,0,8,1,5,50,14,7,1,5,4,5,7,4,4,3,4,4,2,17,42,3,10,3,4,B03,7,9,1,8,2,2,,42,42,1,22,8,B03,120.711442,24.25522,2
2022,7,24,13,40,臺中市,南屯區,0,1,0,8,1,5,50,4,1,1,5,4,5,7,1,1,10,5,5,2,15,25,3,10,1,1,C03,7,9,1,10,2,12,,25,25,1,22,9,C03,120.649884,24.138636,2
2022,7,24,13,59,臺中市,神岡區,0,0,0,8,,,50,,,,,,,,,,,,,,,18,,,,,B03,,,1,,2,,,18,,1,22,,B03,120.686688,24.249543,4
2022,7,24,14,3,臺中市,沙鹿區,0,1,0,8,1,5,50,14,9,1,5,4,5,7,4,4,5,4,5,1,13,16,2,8,1,1,C03,7,9,1,10,8,11,,16,16,1,1,5,C03,120.563611,24.244722,2
2022,7,24,14,20,臺中市,豐原區,0,0,0,8,,,30,,,,,,,,,,,,,,,12,,,,,B12,,,1,,2,,,12,,1,4,,B12,120.722463,24.243463,3
2022,7,24,14,21,臺中市,東區,0,1,0,8,1,5,50,14,9,1,5,4,5,7,4,4,5,4,5,2,16,9,3,10,3,4,B03,7,5,1,8,2,5,,9,42,1,5,8,B03,120.690051,24.135818,2
2022,7,24,14,21,臺中市,西屯區,0,0,0,8,,,50,,,,,,,,,,,,,,,43,,,,,B03,,,1,,1,,,43,,1,22,,B03,120.617341,24.184633,3
2022,7,24,14,22,臺中市,潭子區,0,0,0,8,,,50,,,,,,,,,,,,,,,23,,,,,B03,,,1,,2,,,23,,1,22,,B03,120.702363,24.195081,3
2022,7,24,14,25,臺中市,東區,0,0,0,8,1,5,50,4,1,1,5,4,5,7,1,1,10,5,5,2,12,26,3,10,1,1,B03,7,6,1,8,2,2,,26,26,1,22,8,B03,120.68295,24.134424,3
2022,7,24,14,39,臺中市,潭子區,0,0,0,8,,,30,,,,,,,,,,,,,,,5,,,,,B03,,,1,,2,,,5,,1,22,,B03,120.721521,24.196629,3
2022,7,24,14,42,臺中市,北屯區,0,1,0,8,1,5,50,14,9,1,5,4,5,7,4,4,5,5,5,2,18,23,2,9,1,1,C03,7,9,1,10,2,12,,23,23,1,22,8,C03,120.687141,24.186756,2
2022,7,24,14,46,臺中市,潭子區,0,1,0,8,1,5,30,14,9,1,5,4,5,7,4,4,10,4,5,2,18,23,2,9,2,1,C03,7,9,1,10,2,14,,23,23,1,22,8,C03,120.69837,24.223478,2
2022,7,24,14,50,臺中市,北屯區,0,0,0,8,,,50,,,,,,,,,,,,,,,23,,,,,B03,,,1,,1,,,23,23,1,5,,B03,120.701795,24.181351,3
2022,7,24,14,56,臺中市,東區,0,0,0,8,,,50,,,,,,,,,,,,,,,7,,,,,B03,,,1,,2,,,7,,1,5,,B03,120.686463,24.145188,3
2022,7,24,14,57,臺中市,大雅區,0,1,0,8,1,5,50,14,8,1,5,4,5,7,4,4,1,4,4,1,13,23,2,9,1,1,C03,7,8,3,18,2,11,,23,23,1,21,8,C03,120.63311,24.238537,2
2022,7,24,14,57,臺中市,神岡區,0,0,0,8,,,30,,,,,,,,,,,,,,,42,,,,,B03,,,1,,2,,,42,,1,12,,B03,120.655249,24.264409,4
2022,7,24,14,58,臺中市,南區,0,0,0,8,,,40,,,,,,,,,,,,,,,12,,,,,B03,,,1,,2,,,12,,1,22,,B03,120.669581,24.111839,3
2022,7,24,14,58,臺中市,西屯區,0,1,0,8,1,5,50,14,9,1,5,4,5,7,4,4,3,4,5,2,17,7,3,10,1,1,B03,7,7,1,8,2,8,2,7,7,1,22,8,B03,120.657212,24.197166,2
2022,7,24,15,0,臺中市,西區,0,0,0,8,,,30,,,,,,,,,,,,,,,23,,,,,B03,,,1,,9,,,23,,1,21,,B03,120.656564,24.154204,3
2022,7,24,15,15,臺中市,西區,0,1,0,8,1,5,50,14,9,1,5,4,5,7,4,4,4,4,5,2,16,6,3,10,1,1,B03,7,6,1,8,2,5,,6,6,1,21,8,B03,120.662227,24.15084,2
2022,7,24,15,33,臺中市,北屯區,0,0,0,8,,,50,,,,,,,,,,,,,,,6,,,,,B03,,,1,,1,,,6,,1,9,,B03,120.68511,24.168395,3
2022,7,24,15,37,臺中市,梧棲區,0,1,0,8,1,5,30,4,1,1,5,4,5,7,4,4,10,5,5,1,15,6,3,10,3,4,B03,7,9,1,8,2,5,,6,6,1,22,8,B03,120.538418,24.240219,2
2022,7,24,15,41,臺中市,梧棲區,0,0,0,8,,,90,,,,,,,,,,,,,,,42,,,,,A41,,,1,,2,,,42,,1,22,,A41,120.524268,24.221682,3