年,月,日,時,分,縣市,區,死,受傷,2-30,天候,光線,道路類別,速限,道路型態,事故位置,路面鋪裝,路面狀態,路面缺陷,障礙物,視距,號誌種類,號誌動作,分向設施,快車道或一般車道間,快慢車道間,路面邊線,事故類型及型態,主要肇因,受傷程度,主要傷處,保護裝備,行動電話,當事者區分,車輛用途,當事者行動狀態,駕駛資格情形,駕駛執照種類,飲酒情形,車輛撞擊部位最初,車輛撞擊部位其他,肇事因素個別,肇事因素主要,肇事逃逸,職業,旅次目的,車種,GPS緯度,GPS經度,事故類別
2022,7,24,15,42,臺中市,西區,0,2,0,8,1,5,50,4,1,1,5,4,5,7,4,4,10,5,5,2,15,6,2,9,1,1,C04,7,9,1,10,2,12,,6,6,1,21,8,C04,120.67364,24.150956,2
2022,7,24,15,44,臺中市,太平區,0,0,0,,,,50,,,,,,,,,,,,,,,6,,,,,B01,,,1,,1,,,6,,1,10,,B01,120.711097,24.126682,3
2022,7,24,15,45,臺中市,大里區,0,0,0,8,,,50,,,,,,,,,,,,,,,18,,,,,B03,,,1,,1,,,18,,1,5,,B03,120.681564,24.10977,3
2022,7,24,15,47,臺中市,北屯區,0,0,0,8,,,30,,,,,,,,,,,,,,,23,,,,,B03,,,1,,2,,,23,,1,5,,B03,120.679705,24.197413,3
2022,7,24,15,51,臺中市,西屯區,0,2,0,8,1,5,50,3,1,1,5,4,5,7,4,4,1,4,5,2,16,6,3,10,1,1,B03,7,6,1,8,1,5,,6,6,1,22,8,B03,120.623569,24.173946,2
2022,7,24,15,52,臺中市,北屯區,0,2,0,8,1,5,50,4,1,1,5,4,5,7,4,4,5,5,5,2,15,6,2,9,1,1,C03,7,9,1,10,2,12,,6,6,1,22,8,C03,120.717185,24.170868,2
2022,7,24,15,53,臺中市,潭子區,0,1,0,8,1,5,60,14,7,1,5,4,5,7,4,4,1,4,4,1,13,23,2,9,1,1,C01,7,9,1,9,2,11,,23,23,1,22,8,C01,120.703192,24.19864,2
2022,7,24,15,55,臺中市,沙鹿區,0,0,0,8,,,30,,,,,,,,,,,,,,,19,,,,,C03,,,1,,2,,,19,,1,19,,C03,120.57009,24.254516,3
2022,7,24,16,7,臺中市,北區,0,0,0,8,1,5,30,14,9,1,5,4,5,7,4,4,10,5,5,2,12,23,3,10,1,1,B03,7,9,1,8,1,5,,23,23,1,5,5,B03,120.682443,24.16252,3
2022,7,24,16,9,臺中市,北屯區,0,0,0,8,,,50,,,,,,,,,,,,,,,23,,,,,B03,,,1,,1,,,23,,1,5,,B03,120.713118,24.167221,3
2022,7,24,16,9,臺中市,太平區,0,2,0,8,1,5,30,4,1,1,5,4,5,7,3,1,10,5,5,2,16,6,2,9,1,1,C01,7,5,1,9,2,11,12,6,6,1,22,8,C01,120.764898,24.109946,2
2022,7,24,16,11,臺中市,南屯區,0,0,0,8,,,50,,,,,,,,,,,,,,,23,,,,,B03,,,1,,1,,,23,,1,5,,B03,120.595471,24.140079,3
2022,7,24,16,18,臺中市,西屯區,0,0,0,8,,,50,,,,,,,,,,,,,,,12,,,,,B02,,,1,,2,,,12,,1,22,,B02,120.636861,24.179636,3
2022,7,24,16,21,臺中市,大里區,0,0,0,8,,,30,,,,,,,,,,,,,,,23,,,,,B03,,,1,,2,,,23,,1,5,,B03,120.700205,24.108036,3
2022,7,24,16,25,臺中市,西區,0,0,0,8,,,50,,,,,,,,,,,,,,,6,,,,,B03,,,1,,2,,,6,,1,4,,B03,120.672467,24.149514,3
2022,7,24,16,25,臺中市,西區,0,0,0,8,,,50,,,,,,,,,,,,,,,42,,,,,B03,,,1,,2,,,42,,1,20,,B03,120.663071,24.134259,3
2022,7,24,16,25,臺中市,大里區,0,0,0,8,,,30,,,,,,,,,,,,,,,23,,,,,B12,,,1,,2,,,23,,1,19,,B12,120.691257,24.118929,3
2022,7,24,16,41,臺中市,東區,0,0,0,8,,,50,,,,,,,,,,,,,,,23,,,,,B01,,,1,4,2,,,23,23,1,5,,B01,120.691276,24.140283,3
2022,7,24,16,42,臺中市,北屯區,0,2,0,8,1,5,50,4,1,1,5,4,5,7,4,4,10,5,5,2,15,6,2,9,1,1,C03,7,9,1,10,2,11,,6,6,1,21,8,C03,120.694094,24.178054,2
2022,7,24,16,42,臺中市,大里區,0,0,0,8,,,40,,,,,,,,,,,,,,,23,,,,,B03,,,1,,2,,,23,,1,3,,B03,120.70158,24.096461,3
2022,7,24,16,45,臺中市,大甲區,0,0,0,8,,,60,,,,,,,,,,,,,,,25,,,,,C03,,,1,,2,,,25,,1,22,,C03,120.626092,24.42754,3
2022,7,24,16,48,臺中市,北屯區,0,0,0,8,,,50,,,,,,,,,,,,,,,16,,,,,B03,,,1,,1,,,16,,1,22,,B03,120.73983,24.179194,3
2022,7,24,16,48,臺中市,大里區,0,3,0,8,1,5,50,4,1,1,5,4,5,7,1,1,10,5,5,2,15,25,2,9,1,1,C03,7,9,1,10,2,11,,25,25,1,5,5,C03,120.68788,24.110478,2
2022,7,24,16,50,臺中市,北區,0,2,0,8,1,5,50,3,2,1,5,4,5,7,1,1,3,2,3,1,16,8,2,9,3,4,C03,7,5,1,10,2,13,,8,8,1,22,9,C03,120.689506,24.147001,2
2022,7,24,16,50,臺中市,南屯區,0,0,0,8,1,5,50,4,1,1,5,4,5,7,4,1,1,4,4,2,17,7,,,,,B12,,,1,,9,,,7,7,1,22,,B12,120.640328,24.117119,3
2022,7,24,17,1,臺中市,西屯區,0,0,0,8,,,30,,,,,,,,,,,,,,,17,,,,,B03,,,1,,11,,,17,,1,22,,B03,120.656545,24.166005,3
2022,7,24,17,4,臺中市,西屯區,0,0,0,8,,,60,,,,,,,,,,,,,,,16,,,,,B03,,,1,,1,,,16,,1,22,,B03,120.640997,24.168126,3
2022,7,24,17,8,臺中市,東區,0,1,0,8,1,5,50,4,1,1,5,4,5,7,4,4,10,5,5,2,15,6,3,10,1,1,B03,7,9,1,8,2,7,,6,6,1,21,8,B03,120.69294,24.128925,2
2022,7,24,17,10,臺中市,潭子區,0,1,0,8,1,5,50,14,9,1,5,4,5,7,4,4,10,3,5,1,17,19,3,10,1,1,B03,7,1,1,8,2,8,,19,19,1,22,8,B03,120.703776,24.201566,2
2022,7,24,17,10,臺中市,南屯區,0,1,0,8,1,5,50,4,1,1,5,4,5,7,1,1,10,5,5,2,16,9,3,10,1,1,B01,7,6,1,4,2,2,,9,9,1,22,8,B01,120.646038,24.134038,2
2022,7,24,17,13,臺中市,南區,0,2,0,8,1,5,50,4,1,1,5,4,5,7,1,1,10,5,5,2,16,6,3,10,1,1,B03,7,6,1,8,2,6,,6,6,1,22,9,B03,120.653336,24.11836,2
2022,7,24,17,18,臺中市,梧棲區,0,1,0,8,1,5,30,3,1,1,5,4,5,7,3,1,10,5,5,2,16,6,3,10,1,1,B03,7,5,1,8,2,5,,6,6,1,9,8,B03,120.550564,24.229809,2
2022,7,24,17,20,臺中市,東區,0,1,0,8,1,5,50,14,9,1,5,4,5,7,1,1,1,4,5,2,12,3,3,10,1,1,B11,7,9,1,8,2,2,,44,3,1,22,8,B11,120.695494,24.141511,2
2022,7,24,17,20,臺中市,大里區,0,1,0,8,2,5,50,14,13,1,5,4,5,7,4,4,1,4,5,1,17,40,3,10,1,1,B03,7,15,1,8,2,7,,40,40,1,21,8,B03,120.679277,24.110447,2
2022,7,24,17,22,臺中市,南屯區,0,0,0,8,,,50,,,,,,,,,,,,,,,23,,,,,B03,,,1,,1,,,23,,1,22,,B03,120.639483,24.14211,3
2022,7,24,17,34,臺中市,龍井區,0,0,0,8,,,30,,,,,,,,,,,,,,,6,,,,,B03,,,1,,1,,,6,,1,4,,B03,120.496036,24.199813,3
2022,7,24,17,38,臺中市,西屯區,0,2,0,8,1,5,50,3,1,1,5,4,5,7,4,4,10,5,4,2,16,23,2,7,3,4,C03,7,9,5,18,2,11,,23,23,1,22,8,C03,120.643016,24.166053,2
2022,7,24,17,43,臺中市,大里區,0,1,0,8,3,5,50,14,7,1,5,4,5,7,4,4,3,4,5,1,16,6,3,10,1,1,B03,7,6,1,8,2,2,,6,6,1,5,7,B03,120.682115,24.100775,2
2022,7,24,17,44,臺中市,北區,0,0,0,8,,,60,,,,,,,,,,,,,,,7,,,,,B03,,,1,,1,,,7,,1,22,,B03,120.664251,24.15395,3
2022,7,24,17,46,臺中市,清水區,0,0,0,8,,,30,,,,,,,,,,,,,,,25,,,,,B03,,,1,,2,,,25,,1,21,,B03,120.552533,24.294823,3
2022,7,24,17,47,臺中市,東區,0,2,0,8,2,5,50,3,2,1,5,4,5,7,2,1,10,5,5,2,16,23,3,10,1,1,C03,7,5,2,18,2,12,,23,23,1,21,8,C03,120.686789,24.136079,2
2022,7,24,17,49,臺中市,北區,0,1,0,8,1,5,50,14,9,1,5,4,5,7,4,4,9,5,5,2,16,6,3,10,1,1,B03,7,6,1,8,2,2,,6,6,1,22,9,B03,120.668779,24.155348,2
2022,7,24,17,52,臺中市,大甲區,0,1,0,8,1,5,50,4,1,1,5,4,5,7,1,1,10,5,5,2,15,25,2,7,1,1,C03,7,9,1,10,2,11,,25,25,1,9,8,C03,120.6192,24.34856,2
2022,7,24,17,53,臺中市,南屯區,0,0,0,8,1,5,50,14,8,1,5,4,5,7,4,4,5,4,4,2,29,67,,,,,B03,,,1,,10,,,44,67,1,22,,B03,120.627179,24.11709,3
2022,7,24,17,59,臺中市,太平區,0,2,0,8,1,5,50,3,2,1,5,4,5,7,1,1,5,5,5,2,16,16,2,9,1,1,C02,7,5,1,9,2,11,,16,16,1,21,8,C02,120.726245,24.119524,2
2022,7,24,18,10,臺中市,龍井區,0,0,0,8,,,50,,,,,,,,,,,,,,,16,,,,,B12,,,1,,2,,,16,,1,22,,B12,120.584636,24.181986,3
2022,7,24,18,14,臺中市,西區,0,0,0,8,,,50,,,,,,,,,,,,,,,12,,,,,B03,,,1,,1,,,12,,1,4,,B03,120.663848,24.133558,3
2022,7,24,18,14,臺中市,大里區,0,1,0,8,1,5,60,4,2,1,5,4,5,7,1,1,3,2,4,1,13,23,3,10,1,1,C03,7,9,3,18,2,11,,23,23,1,12,5,C03,120.688385,24.101841,2
2022,7,24,18,16,臺中市,新社區,0,0,0,8,,,50,,,,,,,,,,,,,,,16,,,,,B03,,,1,,2,,,16,,1,21,,B03,120.797709,24.202928,3
2022,7,24,18,19,臺中市,南屯區,0,1,0,8,2,5,50,14,9,1,5,4,5,7,4,4,5,4,5,2,27,23,,,,,,,,,,,,,66,23,1,,,,120.618654,24.13965,2
2022,7,24,18,25,臺中市,大甲區,0,1,0,8,1,5,50,4,2,1,5,4,5,7,4,4,10,5,5,2,16,23,2,9,1,1,C03,7,5,1,8,2,14,,26,23,1,22,9,C03,120.62508,24.345095,2
2022,7,24,18,38,臺中市,大里區,0,1,0,8,1,5,50,14,9,1,5,4,5,7,4,4,3,4,5,1,8,12,3,10,3,4,B03,7,2,1,8,2,3,,12,12,1,3,8,B03,120.691823,24.091691,2
2022,7,24,18,40,臺中市,北區,0,2,0,8,2,5,50,4,1,1,5,4,5,7,4,4,5,5,5,2,16,6,2,8,1,1,C03,7,5,1,10,2,11,,6,6,1,5,5,C03,120.673643,24.156255,2
2022,7,24,18,41,臺中市,太平區,0,1,0,8,2,5,50,4,1,1,5,4,5,7,4,4,10,5,5,2,16,6,3,10,1,1,B03,7,9,1,8,2,5,,6,6,1,22,8,B03,120.721138,24.116547,2
2022,7,24,18,46,臺中市,西區,0,1,0,8,3,5,50,14,9,1,5,4,5,5,4,4,5,5,5,2,17,19,3,10,1,1,B03,7,1,1,8,2,1,,19,19,1,21,8,B03,120.658175,24.144509,2
2022,7,24,18,56,臺中市,大雅區,0,1,0,8,3,5,50,3,2,1,5,4,5,7,1,1,9,4,5,1,17,23,2,9,1,1,C03,7,9,1,10,2,12,,23,23,1,22,9,C03,120.653267,24.225673,2
2022,7,24,18,58,臺中市,大甲區,0,2,0,8,3,5,50,14,9,1,5,4,5,7,4,4,9,5,5,1,3,51,2,7,4,1,H01,8,16,8,20,10,16,,51,51,1,19,8,H01,120.61999,24.3493,2
2022,7,24,19,9,臺中市,北屯區,0,0,0,8,,,50,,,,,,,,,,,,,,,23,,,,,A05,,,1,,2,,,23,23,1,22,,A05,120.68997,24.166348,3
2022,7,24,19,10,臺中市,清水區,0,0,0,8,3,5,30,14,9,1,5,3,5,7,4,4,10,5,5,2,14,12,3,10,1,1,B03,7,2,1,6,2,8,,12,12,1,5,8,B03,120.55938,24.30971,3
2022,7,24,19,16,臺中市,北屯區,0,2,0,8,1,5,50,14,9,1,5,4,5,7,4,4,5,4,5,2,16,10,3,10,1,1,B03,7,11,1,7,2,5,,10,10,1,5,8,B03,120.710243,24.171706,2
2022,7,24,19,17,臺中市,沙鹿區,0,1,0,8,3,5,50,4,18,1,5,4,5,7,1,1,10,5,5,2,3,15,3,10,1,1,B03,7,1,1,8,2,5,,15,15,1,5,7,B03,120.560277,24.24,2
2022,7,24,19,30,臺中市,大里區,0,0,0,8,,,50,,,,,,,,,,,,,,,12,,,,,B02,,,1,,1,,,12,,1,18,,B02,120.672761,24.115778,3
2022,7,24,19,39,臺中市,北屯區,0,3,0,8,3,5,30,4,1,1,5,4,5,7,4,4,10,5,5,2,16,6,2,9,1,1,C03,7,5,1,10,2,11,,6,6,1,22,8,C03,120.691723,24.186186,2
2022,7,24,19,39,臺中市,太平區,0,1,0,8,3,5,50,4,1,1,5,4,5,7,2,1,10,5,5,2,16,6,3,10,3,3,B03,7,5,1,8,9,15,,6,6,2,22,8,B03,120.705056,24.159473,2
2022,7,24,19,50,臺中市,大里區,0,2,0,8,3,5,50,14,13,1,5,4,5,7,4,4,9,4,4,1,13,23,2,8,1,1,C03,7,9,1,10,2,11,,23,23,1,22,9,C03,120.696523,24.080205,2
2022,7,24,20,0,臺中市,南屯區,0,2,0,8,3,5,40,3,1,1,5,4,5,7,1,1,10,5,5,2,13,42,2,9,1,1,C03,7,9,6,10,2,11,,42,42,1,22,8,C03,120.623576,24.152576,2
2022,7,24,20,0,臺中市,大里區,0,0,0,8,,,50,,,,,,,,,,,,,,,23,,,,,F03,,,8,,2,,,23,,1,16,,F03,120.689643,24.107801,3
2022,7,24,20,6,臺中市,西屯區,0,2,0,8,3,5,50,4,1,1,5,4,5,7,1,1,5,5,4,2,16,23,2,9,1,1,C03,7,9,1,10,2,11,,23,23,1,22,8,C03,120.661268,24.163673,2
2022,7,24,20,11,臺中市,大雅區,0,0,0,8,,,50,,,,,,,,,,,,,,,16,,,,,C03,,,1,,2,,,16,,1,22,,C03,120.645259,24.225506,3
2022,7,24,20,24,臺中市,南屯區,0,1,0,7,3,5,50,14,7,1,5,4,5,7,4,4,5,4,4,2,13,23,3,10,3,4,B03,7,9,1,8,2,8,,23,23,1,22,8,B03,120.64173,24.133461,2
2022,7,24,20,25,臺中市,豐原區,0,1,0,8,3,5,50,4,1,1,5,4,5,7,1,1,10,5,5,2,16,8,2,8,1,1,F01,7,5,8,20,1,16,,8,8,1,14,8,F01,120.714326,24.251728,2
2022,7,24,20,27,臺中市,清水區,0,1,0,8,1,5,50,14,7,1,5,4,5,7,4,4,5,5,5,1,27,23,2,9,1,1,C03,7,9,1,10,2,11,,23,23,1,21,8,C03,120.558808,24.266757,2
2022,7,24,20,29,臺中市,太平區,0,0,0,8,,,50,,,,,,,,,,,,,,,12,,,,,B03,,,1,,11,,,12,,1,22,,B03,120.71475,24.153774,3
2022,7,24,20,30,臺中市,東區,0,1,0,8,3,5,1,4,2,1,5,4,5,7,2,1,10,5,5,2,6,51,2,9,4,5,H01,8,18,8,20,10,16,,51,51,1,13,8,H01,120.692502,24.138738,2
2022,7,24,20,40,臺中市,太平區,0,0,0,8,,,40,,,,,,,,,,,,,,,43,,,,,B03,,,1,,1,,,43,,1,22,,B03,120.7146,24.122842,3
2022,7,24,20,42,臺中市,東區,0,0,0,,,,50,,,,,,,,,,,,,,,12,,,,,C03,,,1,,2,,,12,,1,22,,C03,120.68858,24.135008,3
2022,7,24,21,0,臺中市,北屯區,0,0,0,8,,,80,,,,,,,,,,,,,,,16,,,,,B03,,,1,,1,,,16,,1,4,,B03,120.720955,24.170386,3
2022,7,24,21,5,臺中市,北屯區,0,3,0,8,3,5,80,14,7,1,5,4,5,7,4,4,1,4,5,2,13,16,2,7,3,4,B03,7,9,1,8,2,5,,16,16,1,21,8,B03,120.720698,24.169803,2
2022,7,24,21,10,臺中市,龍井區,0,0,0,8,,,40,,,,,,,,,,,,,,,6,,,,,B03,,,1,,2,,,6,,1,21,,B03,120.580249,24.176071,3
2022,7,24,21,23,臺中市,西屯區,0,2,0,8,1,5,40,3,1,1,5,4,5,7,1,1,8,3,4,1,3,23,3,10,1,4,C03,7,1,1,10,1,11,,23,23,1,4,8,C03,120.649532,24.17544,2
2022,7,24,21,27,臺中市,大甲區,0,0,0,8,,,70,,,,,,,,,,,,,,,12,,,,,B03,,,1,,1,,,12,,1,4,,B03,120.641831,24.40185,3
2022,7,24,21,40,臺中市,大里區,0,1,0,8,3,5,50,4,1,1,5,4,5,7,1,1,10,5,5,2,12,6,3,10,1,1,B12,7,6,1,8,2,5,,6,6,1,21,8,B12,120.679477,24.116603,2
2022,7,24,21,50,臺中市,新社區,0,1,0,8,1,5,50,14,9,1,5,4,5,7,4,4,5,5,5,1,11,26,3,10,1,1,B03,7,9,1,8,2,1,,26,26,1,22,8,B03,120.804441,24.258076,2
2022,7,24,22,40,臺中市,北區,0,2,0,8,3,5,50,14,9,1,5,4,5,7,1,1,1,4,5,2,13,23,2,9,1,1,C03,7,9,1,10,2,11,,23,23,1,21,8,C03,120.676852,24.155758,2
2022,7,24,23,25,臺中市,沙鹿區,0,1,0,8,3,5,50,15,9,1,5,4,5,7,4,4,5,5,5,2,17,26,3,10,1,1,B03,7,11,1,8,2,2,,26,26,1,22,9,B03,120.571237,24.23812,2
2022,7,24,23,27,臺中市,大甲區,0,1,0,8,1,5,50,4,1,1,5,4,5,7,1,1,10,5,5,2,16,23,2,7,1,1,C03,7,9,1,10,2,11,14,23,23,1,4,1,C03,120.63907,24.36346,2
2022,7,24,23,34,臺中市,西區,0,1,0,8,3,5,50,4,1,1,5,4,5,7,2,1,10,5,5,2,17,12,3,10,1,1,B03,7,2,1,8,4,5,,12,12,1,5,5,B03,120.655144,24.146707,2
2022,7,24,23,40,臺中市,石岡區,0,0,0,8,,,30,,,,,,,,,,,,,,,6,,,,,B03,,,1,,2,,,6,6,1,22,,B03,120.778525,24.281078,3
2022,7,25,0,8,臺中市,大肚區,0,0,0,,,,,,,,,,,,,,,,,,,43,,,,,,,,,,,,,43,,1,,,,120.550986,24.146996,3
2022,7,25,1,2,臺中市,北區,0,0,0,8,,,50,,,,,,,,,,,,,,,7,,,,,C03,,,2,,2,,,7,,1,22,,C03,120.68868,24.156759,3
2022,7,25,1,23,臺中市,豐原區,0,1,0,8,4,5,50,14,7,1,5,4,5,7,4,4,4,4,5,1,18,23,2,9,1,1,C03,7,9,1,10,2,12,,23,23,1,18,8,C03,120.723222,24.235525,2
2022,7,25,4,47,臺中市,太平區,0,0,0,8,,,30,,,,,,,,,,,,,,,66,,,,,,,,,,,,,66,,1,,,,120.730824,24.153965,3
2022,7,25,5,3,臺中市,北區,0,1,0,8,3,5,50,3,2,1,5,4,5,7,3,1,5,5,4,2,13,16,2,9,1,1,C03,7,9,3,18,2,11,,16,16,1,21,8,C03,120.677811,24.149814,2
2022,7,25,5,9,臺中市,豐原區,0,1,0,8,2,5,50,3,1,1,5,4,5,7,3,1,10,5,5,2,16,6,3,10,3,4,B12,7,5,1,8,2,4,,6,6,1,22,8,B12,120.719519,24.258508,2
2022,7,25,6,21,臺中市,北屯區,0,1,0,8,1,5,50,3,1,5,5,4,5,7,4,4,10,5,5,2,16,6,3,10,1,1,B03,7,5,1,8,2,1,,6,6,1,21,8,B03,120.682227,24.165888,2
2022,7,25,6,30,臺中市,烏日區,0,0,0,8,,,50,,,,,,,,,,,,,,,42,,,,,A02,,,1,,2,,,42,,1,21,,A02,120.620506,24.110844,3
2022,7,25,6,49,臺中市,梧棲區,0,0,0,8,,,60,,,,,,,,,,,,,,,7,,,,,B03,,,1,,2,,,7,7,1,20,,B03,120.537667,24.25297,3
2022,7,25,7,12,臺中市,大甲區,0,0,0,,,,50,,,,,,,,,,,,,,,26,,,,,B03,,,1,,2,,,26,,1,22,,B03,120.65317,24.377793,3
2022,7,25,7,20,臺中市,東勢區,0,1,0,8,1,5,50,3,2,1,5,4,5,7,4,4,4,3,5,1,16,6,3,10,1,1,C03,7,5,1,10,2,12,,6,6,1,22,9,C03,120.828695,24.263005,2
2022,7,25,7,25,臺中市,烏日區,0,1,0,8,1,5,40,14,8,1,5,4,5,7,4,4,1,4,1,1,23,23,2,9,1,1,C03,7,9,1,10,2,11,14,23,23,1,21,1,C03,120.62402,24.100228,2
2022,7,25,7,27,臺中市,大雅區,0,0,0,8,,,50,,,,,,,,,,,,,,,6,,,,,B03,,,1,,2,,,6,,1,22,,B03,120.64676,24.22216,3
2022,7,25,7,28,臺中市,太平區,0,2,0,8,1,5,40,4,1,1,5,4,5,7,1,1,10,5,5,2,15,25,2,9,1,1,C03,7,9,1,10,2,11,,25,25,1,21,8,C03,120.71524,24.108143,2
2022,7,25,7,36,臺中市,霧峰區,0,0,0,8,,,50,,,,,,,,,,,,,,,1,,,,,B03,,,1,,2,,,1,1,1,22,,B03,120.66258,24.066793,3
2022,7,25,7,37,臺中市,西屯區,0,0,0,8,,,50,,,,,,,,,,,,,,,23,,,,,B03,,,1,,1,,,23,,1,22,,B03,120.632154,24.17932,3
2022,7,25,7,38,臺中市,北屯區,0,1,0,8,1,5,50,4,1,1,5,4,5,7,1,1,10,5,5,2,17,6,3,10,3,4,B03,7,6,1,8,2,2,,6,6,1,21,8,B03,120.687611,24.183647,2
2022,7,25,7,43,臺中市,大雅區,0,1,0,8,1,5,50,14,9,1,5,4,5,7,4,4,1,5,5,2,17,23,2,9,1,1,C03,7,9,1,10,2,11,,23,23,1,21,8,C03,120.649986,24.211159,2
2022,7,25,7,43,臺中市,龍井區,0,0,0,8,,,50,,,,,,,,,,,,,,,42,,,,,C03,,,1,,2,,,42,,1,21,,C03,120.573685,24.18503,3
2022,7,25,7,47,臺中市,龍井區,0,1,0,8,1,5,50,3,1,1,5,4,5,7,4,4,9,4,5,2,17,6,3,10,1,1,B03,7,7,1,8,2,7,,6,6,1,21,8,B03,120.573791,24.185925,2
2022,7,25,7,49,臺中市,潭子區,0,1,0,8,1,5,60,14,8,1,5,4,5,7,1,1,3,4,4,1,13,16,2,9,1,1,C03,7,9,1,10,2,11,,16,16,1,22,8,C03,120.709126,24.23339,2
2022,7,25,7,49,臺中市,北屯區,0,2,0,8,1,5,40,4,1,1,5,4,5,7,4,4,10,5,5,2,15,6,2,9,1,1,C03,7,9,1,10,2,11,,6,6,1,21,8,C03,120.700881,24.168951,2
2022,7,25,7,50,臺中市,潭子區,0,1,0,8,1,5,60,3,2,1,5,4,5,7,4,4,3,4,4,1,13,23,2,9,1,1,B03,7,9,1,8,2,8,,23,23,1,22,8,B03,120.703248,24.199795,2
2022,7,25,7,51,臺中市,潭子區,0,1,0,8,1,5,40,4,1,1,5,4,5,7,1,1,10,5,5,2,17,16,2,9,1,1,C03,7,9,1,10,2,11,,16,16,1,22,8,C03,120.715043,24.204898,2
2022,7,25,7,52,臺中市,龍井區,0,1,0,8,1,5,50,4,1,1,5,4,5,7,3,1,9,4,5,2,12,1,3,10,1,1,B03,7,9,1,8,2,5,,23,1,1,21,1,B03,120.592666,24.181708,2
2022,7,25,7,55,臺中市,東區,0,0,0,,,,50,,,,,,,,,,,,,,,23,,,,,C03,,,1,,2,,,23,,1,5,,C03,120.690674,24.134744,3
2022,7,25,7,56,臺中市,后里區,0,1,0,8,1,5,60,4,1,1,5,4,5,7,1,1,10,5,5,2,16,25,2,3,1,1,B03,7,5,1,8,1,4,,25,25,1,21,1,B03,120.70811,24.318004,2
2022,7,25,8,0,臺中市,大里區,0,0,0,8,,,50,,,,,,,,,,,,,,,23,,,,,B03,,,1,,2,,,23,23,1,21,,B03,120.701345,24.083401,3
2022,7,25,8,2,臺中市,東區,0,0,0,,,,50,,,,,,,,,,,,,,,23,,,,,B03,,,1,,2,,,23,,1,21,,B03,120.692502,24.138738,3
2022,7,25,8,12,臺中市,北屯區,0,0,0,8,,,80,,,,,,,,,,,,,,,16,,,,,B03,,,6,,1,,,16,16,1,5,,B03,120.695277,24.200958,3
2022,7,25,8,23,臺中市,太平區,0,1,0,8,1,5,50,3,1,1,5,4,5,7,1,1,10,5,5,2,16,7,2,9,1,1,C03,7,7,1,10,2,11,,7,7,1,21,8,C03,120.712335,24.133721,2
2022,7,25,8,24,臺中市,太平區,0,1,0,8,1,5,30,4,2,1,5,4,5,7,4,4,10,5,5,2,16,8,2,9,1,1,C03,7,5,1,10,2,11,14,8,8,1,22,8,C03,120.724441,24.123313,2
2022,7,25,8,25,臺中市,北區,0,0,0,8,,,50,,,,,,,,,,,,,,,9,,,,,B01,,,1,,1,,,9,,1,10,,B01,120.682583,24.153366,3
2022,7,25,8,26,臺中市,東區,0,2,0,7,1,5,50,4,1,1,5,4,5,6,1,1,4,4,5,2,16,6,2,9,1,1,C03,7,5,1,10,2,12,,6,6,1,22,8,C03,120.696441,24.14293,2
2022,7,25,8,27,臺中市,霧峰區,0,2,0,8,1,5,30,4,1,1,5,4,5,7,4,4,10,5,5,2,15,6,2,3,1,1,C03,7,9,1,10,2,11,,6,6,1,22,8,C03,120.713095,24.078366,2
2022,7,25,8,28,臺中市,北區,0,3,0,8,1,5,50,4,1,1,5,4,5,7,4,4,10,5,5,2,16,6,2,9,1,1,C03,7,6,1,10,2,13,,6,6,1,5,8,C03,120.666195,24.154236,2
2022,7,25,8,29,臺中市,北區,0,1,0,8,1,5,50,4,1,1,5,4,5,7,4,4,9,5,5,2,1,23,3,10,1,1,B03,7,5,1,8,2,8,,23,23,1,22,9,B03,120.696856,24.15201,2
2022,7,25,8,30,臺中市,南屯區,0,2,0,8,1,5,40,14,8,1,5,2,5,7,4,4,10,5,4,2,12,23,2,9,1,4,C03,7,9,1,10,2,11,,23,23,1,12,8,C03,120.640719,24.146487,2
2022,7,25,8,33,臺中市,龍井區,0,0,0,8,,,60,,,,,,,,,,,,,,,42,,,,,A12,,,1,,2,,,42,,1,21,,A12,120.573754,24.184623,3
2022,7,25,8,40,臺中市,西區,0,0,0,,,,40,,,,,,,,,,,,,,,23,,,,,B03,,,1,,1,,,23,,1,21,,B03,120.657245,24.139076,3
2022,7,25,8,40,臺中市,南屯區,0,1,0,8,1,5,40,4,1,1,5,4,5,7,1,1,10,5,5,2,18,23,2,7,1,1,C03,7,9,1,10,2,12,,23,23,1,22,8,C03,120.635452,24.149944,2
2022,7,25,8,42,臺中市,烏日區,0,2,0,8,1,8,50,3,1,1,5,4,5,7,4,4,10,5,5,2,16,8,2,9,1,1,C03,7,5,1,10,2,12,,8,8,1,21,1,C03,120.639723,24.105018,2
2022,7,25,8,45,臺中市,西區,0,1,0,8,1,5,50,3,1,1,5,4,5,7,1,1,10,5,5,2,13,23,3,10,1,1,B03,7,5,1,8,2,6,,44,23,1,21,8,B03,120.655138,24.153572,2
2022,7,25,8,46,臺中市,中區,0,3,0,8,1,5,50,4,1,1,5,4,5,7,2,1,10,5,5,2,15,25,2,9,1,1,C03,7,9,1,10,2,14,,25,25,1,5,1,C03,120.683794,24.138754,2