年,月,日,時,分,縣市,區,死,受傷,2-30,天候,光線,道路類別,速限,道路型態,事故位置,路面鋪裝,路面狀態,路面缺陷,障礙物,視距,號誌種類,號誌動作,分向設施,快車道或一般車道間,快慢車道間,路面邊線,事故類型及型態,主要肇因,受傷程度,主要傷處,保護裝備,行動電話,當事者區分,車輛用途,當事者行動狀態,駕駛資格情形,駕駛執照種類,飲酒情形,車輛撞擊部位最初,車輛撞擊部位其他,肇事因素個別,肇事因素主要,肇事逃逸,職業,旅次目的,車種,GPS緯度,GPS經度,事故類別
2022,7,25,8,49,臺中市,西屯區,0,0,0,8,,,40,,,,,,,,,,,,,,,23,,,,,A41,,,1,,2,,,23,,1,22,,A41,120.616397,24.182842,3
2022,7,25,8,55,臺中市,大里區,0,3,0,8,1,5,50,14,9,1,5,4,5,7,4,4,5,5,5,1,17,16,2,8,3,4,C03,7,9,1,10,2,14,,16,16,1,21,5,C03,120.699825,24.090874,2
2022,7,25,9,2,臺中市,北屯區,0,0,0,8,,,50,,,,,,,,,,,,,,,6,,,,,B02,,,1,,2,,,6,,1,22,,B02,120.727341,24.16311,3
2022,7,25,9,3,臺中市,東區,0,1,0,8,1,5,50,4,1,1,5,4,5,7,1,1,10,5,5,2,16,6,3,10,1,1,B03,7,5,1,8,2,1,,6,6,1,5,8,B03,120.70203,24.142685,2
2022,7,25,9,18,臺中市,神岡區,0,2,0,8,1,5,10,3,7,1,5,4,5,7,4,4,5,5,4,2,16,26,2,9,1,1,C03,7,5,1,10,2,11,,26,26,1,22,9,C03,120.655585,24.256126,2
2022,7,25,9,20,臺中市,西屯區,0,0,0,8,,,50,,,,,,,,,,,,,,,23,,,,,C03,,,1,,11,,,23,,1,22,,C03,120.634642,24.16458,3
2022,7,25,9,26,臺中市,北區,0,1,0,8,1,5,50,4,4,1,5,4,5,7,1,1,5,5,4,2,12,23,2,9,1,1,C03,7,9,1,10,2,11,,23,23,1,5,8,C03,120.680948,24.159108,2
2022,7,25,9,26,臺中市,清水區,0,1,0,8,1,5,30,14,9,1,5,4,5,7,4,4,5,5,5,1,15,6,2,9,1,1,C03,7,9,3,18,2,12,,6,6,1,5,8,C03,120.559858,24.274682,2
2022,7,25,9,27,臺中市,梧棲區,0,1,0,8,1,5,50,3,1,1,5,4,5,7,4,4,10,5,5,2,16,6,3,10,1,1,B12,7,5,1,4,2,4,,6,6,1,20,8,B12,120.548131,24.248903,2
2022,7,25,9,29,臺中市,西區,0,0,0,,,,50,,,,,,,,,,,,,,,42,,,,,B03,,,1,,1,,,42,,1,21,,B03,120.668831,24.139268,3
2022,7,25,9,37,臺中市,大里區,0,1,0,8,1,5,50,4,1,1,5,4,5,7,1,1,10,5,5,2,13,16,2,8,1,1,C03,7,9,3,18,2,11,,16,16,1,22,8,C03,120.690306,24.092558,2
2022,7,25,9,46,臺中市,西區,0,1,0,8,1,5,50,3,1,1,5,4,5,7,4,4,10,5,5,2,16,1,2,9,1,1,C03,7,4,1,10,2,12,,1,1,1,22,9,C03,120.661678,24.153321,2
2022,7,25,9,57,臺中市,大里區,0,0,0,8,,,50,,,,,,,,,,,,,,,26,,,,,B03,,,1,,2,,,26,,1,22,,B03,120.699818,24.090946,3
2022,7,25,10,4,臺中市,太平區,0,1,0,8,1,5,50,4,1,1,5,4,5,7,1,1,10,5,5,2,16,6,3,10,1,1,B03,7,6,1,8,2,5,,6,6,1,21,8,B03,120.710687,24.140888,2
2022,7,25,10,4,臺中市,沙鹿區,0,1,0,8,1,5,50,3,1,1,5,4,5,7,4,4,10,5,5,2,18,42,2,9,3,4,C03,7,21,1,10,2,12,,42,42,1,21,8,C03,120.579325,24.209802,2
2022,7,25,10,5,臺中市,南屯區,0,0,0,8,,,50,,,,,,,,,,,,,,,7,,,,,A31,,,1,1,1,,,7,7,1,12,,A31,120.623497,24.149515,3
2022,7,25,10,8,臺中市,北屯區,0,0,0,8,,,50,,,,,,,,,,,,,,,10,,,,,B01,,,1,,1,,,10,,1,5,,B01,120.733756,24.176906,3
2022,7,25,10,10,臺中市,大雅區,0,2,0,8,1,5,50,14,8,1,5,4,5,7,4,4,1,4,4,1,17,9,3,10,1,1,B03,7,6,1,8,2,6,,9,9,1,21,8,B03,120.649301,24.221641,2
2022,7,25,10,15,臺中市,大肚區,0,0,0,,,,50,,,,,,,,,,,,,,,23,,,,,B12,,,1,,2,,,23,23,1,21,,B12,120.553165,24.120966,3
2022,7,25,10,17,臺中市,西區,0,0,0,8,,,50,,,,,,,,,,,,,,,7,,,,,A04,,,1,,1,,,7,,1,5,,A04,120.653255,24.149119,3
2022,7,25,10,26,臺中市,北屯區,0,0,0,8,,,50,,,,,,,,,,,,,,,12,,,,,B03,,,1,,2,,,12,,1,19,,B03,120.679605,24.194807,3
2022,7,25,10,33,臺中市,豐原區,0,0,0,8,,,50,,,,,,,,,,,,,,,26,,,,,C03,,,3,,2,,,26,,1,22,,C03,120.714111,24.249369,3
2022,7,25,10,41,臺中市,西屯區,0,0,0,8,,,50,,,,,,,,,,,,,,,23,,,,,A12,,,1,,1,,,23,,1,22,,A12,120.634642,24.16458,3
2022,7,25,10,47,臺中市,西區,0,0,0,,,,50,,,,,,,,,,,,,,,23,,,,,B03,,,1,,1,,,23,,1,21,,B03,120.669769,24.150068,3
2022,7,25,10,50,臺中市,霧峰區,0,0,0,8,,,60,,,,,,,,,,,,,,,23,,,,,B11,,,1,,2,,,23,,1,21,,B11,120.696627,24.070157,3
2022,7,25,10,52,臺中市,大里區,0,0,0,8,,,50,,,,,,,,,,,,,,,12,,,,,B12,,,1,,2,,,12,,1,22,,B12,120.698586,24.109383,3
2022,7,25,10,54,臺中市,西區,0,1,0,8,1,5,50,4,1,1,5,4,5,7,1,1,10,5,5,2,16,19,3,10,1,1,B03,7,1,3,18,2,5,,19,19,1,21,8,B03,120.668285,24.142527,2
2022,7,25,11,0,臺中市,西區,0,2,0,8,1,5,50,4,1,1,5,4,5,7,2,1,10,5,5,2,16,25,2,9,1,1,B12,7,5,1,8,2,1,,25,25,1,10,9,B12,120.652997,24.146726,2
2022,7,25,11,4,臺中市,東勢區,0,1,0,8,1,5,50,3,9,1,5,4,5,7,3,1,5,4,4,1,16,6,2,9,1,1,C03,7,9,1,10,2,12,,6,6,1,22,9,C03,120.831184,24.257628,2
2022,7,25,11,6,臺中市,西屯區,0,0,0,8,,,1,,,,,,,,,,,,,,,19,,,,,B12,,,1,,1,,,19,,1,22,,B12,120.630339,24.205304,3
2022,7,25,11,6,臺中市,沙鹿區,0,0,0,8,,,50,,,,,,,,,,,,,,,23,,,,,A11,,,1,,2,,,23,,1,21,,A11,120.56524,24.232606,4
2022,7,25,11,13,臺中市,霧峰區,0,2,0,8,1,5,40,14,9,1,5,4,5,7,4,4,5,5,5,1,17,26,2,7,1,1,F03,7,5,8,20,2,16,,26,26,1,22,8,F03,120.714597,24.075296,2
2022,7,25,11,15,臺中市,南區,0,1,0,8,1,5,50,5,1,1,5,4,5,7,1,1,5,5,5,2,15,25,2,9,1,1,B01,7,9,1,4,2,2,,25,25,1,22,8,B01,120.683935,24.126313,2
2022,7,25,11,20,臺中市,北屯區,0,0,0,8,,,50,,,,,,,,,,,,,,,43,,,,,B03,,,1,,10,,,43,,1,9,,B03,120.683542,24.196447,3
2022,7,25,11,26,臺中市,西區,0,2,0,8,1,5,50,14,9,1,5,4,5,7,4,4,5,5,5,2,17,19,3,10,1,1,B02,7,1,1,8,2,1,,19,19,1,22,8,B02,120.662302,24.15098,2
2022,7,25,11,40,臺中市,大里區,0,0,0,8,,,50,,,,,,,,,,,,,,,43,,,,,C03,,,1,,1,,,43,,1,6,,C03,120.689269,24.105121,3
2022,7,25,11,53,臺中市,霧峰區,0,2,0,8,1,5,30,5,1,1,5,4,5,7,4,4,10,5,5,2,16,6,2,5,3,4,C03,7,5,1,10,2,12,,6,6,1,22,8,C03,120.681636,24.061871,2
2022,7,25,11,56,臺中市,北屯區,0,1,0,8,1,5,50,4,1,1,5,4,5,7,2,1,10,5,5,2,16,26,3,10,1,1,C03,7,6,1,10,2,12,13,26,26,1,5,8,C03,120.681735,24.17236,2
2022,7,25,11,59,臺中市,西屯區,0,0,0,8,,,40,,,,,,,,,,,,,,,2,,,,,B03,,,1,,2,,,2,,1,22,,B03,120.659508,24.201109,3
2022,7,25,12,0,臺中市,烏日區,0,0,0,8,,,40,,,,,,,,,,,,,,,8,,,,,C03,,,1,,2,,,8,,1,18,,C03,120.587348,24.113295,3
2022,7,25,12,5,臺中市,北屯區,0,1,0,8,1,5,50,14,8,1,5,4,5,7,4,4,5,5,4,2,14,12,3,10,1,1,B03,7,2,1,8,2,3,,12,12,1,21,8,B03,120.681989,24.194106,2
2022,7,25,12,7,臺中市,大雅區,0,1,0,8,1,5,50,3,1,1,5,4,5,7,1,1,9,4,4,1,17,25,2,9,1,1,C03,7,9,1,11,2,12,,25,25,1,22,9,C03,120.647565,24.220968,2
2022,7,25,12,8,臺中市,西區,0,1,0,8,1,5,50,4,2,1,5,4,5,7,1,1,5,2,5,2,16,7,3,10,1,1,B03,7,7,1,8,2,4,,7,7,1,21,8,B03,120.658865,24.15087,2
2022,7,25,12,10,臺中市,清水區,0,0,0,8,,,30,,,,,,,,,,,,,,,66,,,,,B02,,,1,,1,,,66,,1,21,,B02,120.572827,24.30181,3
2022,7,25,12,12,臺中市,西屯區,0,0,0,8,,,50,,,,,,,,,,,,,,,23,,,,,B12,,,1,,1,,,23,,1,22,,B12,120.630476,24.16191,3
2022,7,25,12,13,臺中市,大里區,0,2,0,8,1,5,30,11,9,1,5,4,5,7,4,4,10,5,5,2,17,5,2,8,3,4,C03,7,9,1,10,2,14,,5,5,1,21,5,C03,120.70193,24.092298,2
2022,7,25,12,15,臺中市,大雅區,0,0,0,8,,,50,,,,,,,,,,,,,,,6,,,,,B03,,,1,,1,,,6,,1,22,,B03,120.63837,24.23326,3
2022,7,25,12,20,臺中市,大甲區,0,1,0,8,1,5,50,14,9,1,5,4,5,7,4,4,5,5,5,1,17,19,3,10,1,1,B12,7,1,1,8,2,4,,19,19,1,9,8,B12,120.62212,24.35114,2
2022,7,25,12,22,臺中市,清水區,0,2,0,8,1,5,30,14,9,1,5,4,5,7,4,4,10,5,5,2,15,6,2,8,1,1,C03,7,9,1,10,2,12,,6,6,1,5,8,C03,120.567528,24.264294,2
2022,7,25,12,23,臺中市,霧峰區,0,0,0,8,,,60,,,,,,,,,,,,,,,42,,,,,B12,,,1,,2,,,42,,1,22,,B12,120.693631,24.0489,3
2022,7,25,12,25,臺中市,東區,0,1,0,8,1,5,40,3,1,1,5,4,5,7,4,4,10,5,5,2,12,6,3,10,1,1,B03,7,6,1,8,2,2,,6,6,1,20,8,B03,120.703442,24.125466,2
2022,7,25,12,25,臺中市,大肚區,0,0,0,,,,30,,,,,,,,,,,,,,,23,,,,,B03,,,1,,2,,,23,,1,22,,B03,120.574672,24.112524,3
2022,7,25,12,29,臺中市,西區,0,0,0,8,,,50,,,,,,,,,,,,,,,42,,,,,B03,,,1,,1,,,42,,1,20,,B03,120.678438,24.136497,3
2022,7,25,12,46,臺中市,西區,0,0,0,8,,,50,,,,,,,,,,,,,,,16,,,,,B03,,,1,,1,,,16,,1,5,,B03,120.659232,24.15655,4
2022,7,25,12,51,臺中市,清水區,0,0,0,8,,,50,,,,,,,,,,,,,,,7,,,,,A41,,,1,,2,,,7,,1,21,,A41,120.562838,24.272123,3
2022,7,25,12,54,臺中市,東區,0,1,0,8,1,5,50,14,9,1,5,4,5,7,4,4,9,4,5,2,12,35,3,10,1,1,C03,7,9,1,10,11,15,,35,35,2,5,1,C03,120.702751,24.144675,2
2022,7,25,13,8,臺中市,潭子區,0,0,0,8,,,50,,,,,,,,,,,,,,,6,,,,,B03,,,1,,2,,,6,,1,22,,B03,120.69282,24.224864,3
2022,7,25,13,15,臺中市,北屯區,0,1,0,8,1,5,50,4,1,1,5,4,5,7,1,1,10,5,5,2,17,19,2,9,3,4,C04,7,1,1,10,2,11,,19,19,1,21,8,C04,120.669806,24.176503,2
2022,7,25,13,30,臺中市,梧棲區,0,0,0,8,,,30,,,,,,,,,,,,,,,18,,,,,B03,,,1,,2,,,18,,1,21,,B03,120.538739,24.26153,3
2022,7,25,13,41,臺中市,龍井區,0,0,0,8,,,,,,,,,,,,,,,,,,43,,,,,,,,,,,,,43,67,1,,,,120.584158,24.182443,3
2022,7,25,13,45,臺中市,清水區,0,0,0,8,,,50,,,,,,,,,,,,,,,42,,,,,A12,,,1,,1,,,42,,1,21,,A12,120.573123,24.26273,3
2022,7,25,13,46,臺中市,北屯區,0,0,0,8,,,50,,,,,,,,,,,,,,,16,,,,,B03,,,1,,1,,,16,,1,5,,B03,120.684338,24.172295,3
2022,7,25,13,47,臺中市,西屯區,0,0,0,8,,,30,,,,,,,,,,,,,,,18,,,,,B12,,,1,,2,,,18,,1,22,,B12,120.618386,24.189245,3
2022,7,25,13,50,臺中市,西區,0,2,0,8,1,5,50,3,1,1,5,4,5,7,4,4,5,4,4,2,16,6,3,10,1,1,B03,7,6,1,8,2,3,,6,6,1,21,8,B03,120.674445,24.1344,2
2022,7,25,13,54,臺中市,烏日區,0,0,0,8,,,50,,,,,,,,,,,,,,,17,,,,,B02,,,1,,2,,,17,,1,21,,B02,120.618673,24.116171,3
2022,7,25,13,55,臺中市,南屯區,0,1,0,8,1,5,50,4,1,1,5,4,5,7,1,1,10,5,5,2,16,8,2,8,1,1,C03,7,5,1,10,2,14,,8,8,1,22,8,C03,120.647748,24.150788,2
2022,7,25,13,56,臺中市,西區,0,1,0,8,1,5,50,3,1,1,5,4,5,7,4,4,10,5,5,2,16,6,3,10,1,1,B03,7,5,1,8,2,1,,6,6,1,4,8,B03,120.668272,24.136977,2
2022,7,25,14,4,臺中市,西區,0,1,0,8,1,5,30,3,1,1,5,4,5,7,4,4,10,5,5,2,17,19,3,10,1,1,B03,7,1,1,8,2,5,,19,19,1,2,9,B03,120.662919,24.152531,2
2022,7,25,14,8,臺中市,豐原區,0,1,0,8,1,5,50,3,1,1,5,4,5,7,3,1,5,5,5,1,16,6,2,9,1,1,C03,7,5,1,10,2,11,,6,6,1,22,8,C03,120.701003,24.244659,2
2022,7,25,14,12,臺中市,東區,0,2,0,8,1,5,50,4,1,1,5,4,5,7,1,1,10,5,5,2,16,27,3,10,1,1,B03,7,6,1,8,2,2,,27,27,1,22,8,B03,120.699827,24.142758,2
2022,7,25,14,15,臺中市,北屯區,0,1,0,8,1,5,50,4,1,1,5,4,5,7,2,1,10,5,5,2,16,26,2,8,1,1,C03,7,7,1,10,2,14,,26,26,1,20,8,C03,120.683436,24.172401,2
2022,7,25,14,16,臺中市,北區,0,1,0,8,1,5,50,4,1,1,5,4,5,7,1,1,10,5,5,2,16,6,3,10,1,1,B12,7,6,1,8,2,5,,6,6,1,5,8,B12,120.678293,24.167056,2
2022,7,25,14,20,臺中市,大里區,0,0,0,8,,,30,,,,,,,,,,,,,,,23,,,,,A12,,,1,,2,,,23,,1,21,,A12,120.715179,24.094564,3
2022,7,25,14,20,臺中市,梧棲區,0,0,0,8,,,40,,,,,,,,,,,,,,,42,,,,,A41,,,1,,2,,,42,,1,10,,A41,120.534681,24.250835,3
2022,7,25,14,25,臺中市,梧棲區,0,0,0,8,,,50,,,,,,,,,,,,,,,12,,,,,B02,,,1,,2,,,12,,1,21,,B02,120.535867,24.261648,3
2022,7,25,14,35,臺中市,北屯區,0,0,0,8,,,50,,,,,,,,,,,,,,,16,,,,,B03,,,1,,1,,,16,,1,22,,B03,120.694166,24.17109,3
2022,7,25,14,40,臺中市,梧棲區,0,0,0,8,,,50,,,,,,,,,,,,,,,23,,,,,B12,,,1,,2,,,23,,1,9,,B12,120.532498,24.262563,3
2022,7,25,14,47,臺中市,北屯區,0,0,0,,,,50,,,,,,,,,,,,,,,23,,,,,B03,,,1,,1,,,23,,1,22,,B03,120.735358,24.177491,3
2022,7,25,14,50,臺中市,大里區,0,0,0,8,,,50,,,,,,,,,,,,,,,7,,,,,B12,,,1,,2,,,7,,1,22,,B12,120.671493,24.10197,3
2022,7,25,14,56,臺中市,西區,0,0,0,,,,40,,,,,,,,,,,,,,,6,,,,,B03,,,1,,1,,,6,,1,21,,B03,120.661677,24.137964,3
2022,7,25,15,0,臺中市,東區,0,0,0,8,1,5,40,14,9,1,5,4,5,7,4,4,5,4,5,2,14,12,3,10,1,1,B03,7,2,1,8,3,2,,12,12,1,22,8,B03,120.709832,24.146832,3
2022,7,25,15,0,臺中市,東區,0,1,0,8,1,5,50,4,9,1,5,4,5,7,4,4,9,4,5,2,12,7,2,9,1,1,C03,7,7,3,18,11,14,,7,7,2,5,1,C03,120.693263,24.126935,2
2022,7,25,15,4,臺中市,霧峰區,0,0,0,8,,,30,,,,,,,,,,,,,,,12,,,,,B03,,,1,,2,,,12,,1,12,,B03,120.696306,24.020006,3
2022,7,25,15,5,臺中市,清水區,0,1,0,8,1,5,30,4,1,1,5,4,5,7,1,1,10,5,5,2,13,16,2,8,1,1,C03,7,9,1,10,2,11,,16,16,1,21,8,C03,120.552533,24.294823,2
2022,7,25,15,14,臺中市,北屯區,0,0,0,8,,,50,,,,,,,,,,,,,,,42,,,,,B03,,,1,,1,,,42,,1,21,,B03,120.683426,24.172635,3
2022,7,25,15,37,臺中市,龍井區,0,0,0,8,,,60,,,,,,,,,,,,,,,42,,,,,B03,,,1,,2,,,42,42,1,22,,B03,120.581921,24.187853,3
2022,7,25,15,42,臺中市,南區,0,0,0,8,,,50,,,,,,,,,,,,,,,16,,,,,B03,,,1,,2,,,16,,1,22,,B03,120.684071,24.12622,3
2022,7,25,15,44,臺中市,南屯區,0,0,0,8,,,50,,,,,,,,,,,,,,,12,,,,,B03,,,1,,1,,,12,,1,22,,B03,120.647003,24.151165,3
2022,7,25,15,45,臺中市,太平區,0,2,0,8,1,5,50,4,2,1,5,4,5,7,3,1,5,4,4,2,16,26,2,9,1,1,C03,7,5,1,10,2,11,,26,26,1,21,8,C03,120.718321,24.131553,2
2022,7,25,15,48,臺中市,潭子區,0,0,0,8,,,30,,,,,,,,,,,,,,,23,,,,,A12,,,1,,2,,,23,,1,10,,A12,120.707081,24.234478,3
2022,7,25,15,49,臺中市,太平區,0,1,0,8,1,5,50,4,9,1,5,4,5,7,1,1,5,4,5,2,12,7,3,10,1,1,B03,7,8,1,8,2,2,,7,7,1,22,8,B03,120.708122,24.128666,2
2022,7,25,15,50,臺中市,大雅區,0,1,0,8,1,5,50,14,7,1,5,4,5,7,4,4,5,4,4,1,17,19,3,10,1,1,B03,7,1,1,8,2,8,,19,19,1,22,8,B03,120.644599,24.204234,2
2022,7,25,15,57,臺中市,梧棲區,0,0,0,8,,,60,,,,,,,,,,,,,,,7,,,,,A41,,,1,,2,,,7,,1,10,,A41,120.534645,24.245603,3
2022,7,25,16,0,臺中市,東勢區,0,0,0,8,3,5,30,14,9,1,5,4,5,7,4,4,10,5,5,1,25,21,3,10,3,4,B03,7,1,1,8,8,8,,21,21,1,22,9,B03,120.827223,24.263946,3
2022,7,25,16,2,臺中市,大肚區,0,0,0,8,,,70,,,,,,,,,,,,,,,7,,,,,B03,,,1,,2,,,7,7,1,6,,B03,120.548012,24.154591,3
2022,7,25,16,3,臺中市,豐原區,0,1,0,8,1,5,50,4,2,1,5,4,5,7,4,4,4,5,4,2,16,17,4,11,1,1,C03,7,8,3,18,9,12,11,17,17,1,19,9,C03,120.730879,24.255174,2
2022,7,25,16,7,臺中市,烏日區,0,0,0,8,,,60,,,,,,,,,,,,,,,23,,,,,A05,,,1,,2,,,23,,1,10,,A05,120.646139,24.068665,3
2022,7,25,16,9,臺中市,烏日區,0,1,0,8,1,5,30,5,1,1,5,4,5,7,1,1,10,5,5,2,17,23,3,10,1,1,B03,7,5,1,8,2,4,,23,23,1,19,8,B03,120.643786,24.081961,2
2022,7,25,16,10,臺中市,神岡區,0,0,0,8,,,30,,,,,,,,,,,,,,,42,,,,,B12,,,1,,1,,,42,42,1,22,,B12,120.698258,24.234124,4
2022,7,25,16,15,臺中市,東區,0,0,0,8,1,5,50,4,1,1,5,4,5,7,1,1,10,5,5,2,23,23,3,10,1,1,B03,7,5,1,8,11,5,,23,23,1,5,8,B03,120.692395,24.139415,3
2022,7,25,16,20,臺中市,大里區,0,0,0,8,,,50,,,,,,,,,,,,,,,16,,,,,B03,,,1,,2,,,16,,1,22,,B03,120.676968,24.099304,3
2022,7,25,16,24,臺中市,大里區,0,1,0,8,1,5,50,3,1,1,5,4,5,7,1,1,10,5,5,2,16,6,2,7,1,1,C04,7,5,1,8,2,13,,6,6,1,3,8,C04,120.705877,24.09553,2
2022,7,25,16,25,臺中市,大雅區,0,0,0,8,,,50,,,,,,,,,,,,,,,6,,,,,C03,,,1,,2,,,6,,1,22,,C03,120.649814,24.222539,3
2022,7,25,16,37,臺中市,霧峰區,0,1,0,8,1,5,30,14,9,1,5,4,5,7,4,4,5,5,5,1,13,23,2,9,3,4,C03,7,9,1,10,2,11,,23,23,1,18,8,C03,120.682385,24.069521,2
2022,7,25,16,39,臺中市,烏日區,0,1,0,8,1,5,50,14,7,1,5,4,5,7,4,4,5,5,4,2,17,35,3,10,1,1,C03,7,9,1,10,2,15,,35,35,1,21,8,C03,120.641695,24.107064,2
2022,7,25,16,47,臺中市,烏日區,0,0,0,,,,40,,,,,,,,,,,,,,,16,,,,,B03,,,1,,2,,,16,,1,21,,B03,120.616564,24.113327,3
2022,7,25,16,55,臺中市,南區,0,2,0,8,1,5,50,14,9,1,5,4,5,7,4,4,5,4,5,2,12,17,2,9,1,1,C03,7,9,1,10,2,14,,17,17,1,22,8,C03,120.66039,24.11609,2
2022,7,25,16,55,臺中市,神岡區,0,1,0,8,1,5,50,3,1,1,5,4,5,7,1,1,5,5,5,1,16,6,3,10,1,1,B12,7,6,1,8,2,2,,6,6,1,21,8,B12,120.659896,24.253608,2
2022,7,25,16,56,臺中市,西區,0,0,0,8,,,50,,,,,,,,,,,,,,,7,,,,,B03,,,1,,1,,,7,,1,4,,B03,120.665268,24.146718,3
2022,7,25,16,59,臺中市,西屯區,0,1,0,8,1,5,50,14,9,1,5,4,5,7,4,4,1,4,5,2,12,23,3,10,1,1,B03,7,8,1,8,2,5,2,23,7,1,22,8,B03,120.65181,24.165456,2
2022,7,25,17,0,臺中市,南屯區,0,0,0,8,1,5,30,15,22,3,5,4,5,7,4,4,10,5,5,2,29,67,,,,,,,,,,,,,67,,1,,,,120.629687,24.152685,3
2022,7,25,17,3,臺中市,大肚區,0,0,0,8,,,30,,,,,,,,,,,,,,,18,,,,,B03,,,1,,2,,,18,,1,22,,B03,120.572943,24.167813,3
2022,7,25,17,5,臺中市,大里區,0,0,0,8,,,50,,,,,,,,,,,,,,,42,,,,,B12,,,1,,2,,,42,,1,10,,B12,120.702208,24.085871,3
2022,7,25,17,13,臺中市,大雅區,0,1,0,8,1,5,50,14,9,1,5,4,5,7,4,4,5,5,4,2,17,43,3,10,1,1,B03,7,9,1,8,2,2,,43,43,1,22,8,B03,120.650472,24.216479,2
2022,7,25,17,14,臺中市,西區,0,0,0,8,,,50,,,,,,,,,,,,,,,7,,,,,C03,,,1,,1,,,7,,1,4,,C03,120.672613,24.131696,3
2022,7,25,17,14,臺中市,烏日區,0,0,0,8,,,50,,,,,,,,,,,,,,,23,,,,,B03,,,1,,2,,,23,,1,22,,B03,120.635949,24.097345,3
2022,7,25,17,15,臺中市,梧棲區,0,0,0,8,,,30,,,,,,,,,,,,,,,18,,,,,B03,,,1,,11,,,18,,1,20,,B03,120.546427,24.245769,3
2022,7,25,17,18,臺中市,南屯區,0,0,0,8,1,5,50,3,1,1,5,4,5,7,4,4,1,4,4,2,13,23,,,,,B03,,,1,,2,,,23,,1,22,,B03,120.625024,24.14515,3
2022,7,25,17,19,臺中市,南區,0,0,0,8,1,5,50,4,7,1,5,4,5,7,1,1,1,4,4,2,13,23,3,10,1,1,B03,7,9,1,8,2,1,,23,23,1,5,8,B03,120.675166,24.126474,3
2022,7,25,17,20,臺中市,潭子區,0,1,0,8,1,5,50,4,1,1,5,4,5,7,1,1,10,5,5,2,17,23,2,9,1,1,C03,7,9,1,10,2,14,,23,23,1,22,8,C03,120.701125,24.194498,2
2022,7,25,17,20,臺中市,潭子區,0,0,0,8,,,50,,,,,,,,,,,,,,,23,,,,,B03,,,1,,2,,,23,,1,22,,B03,120.710818,24.203839,3
2022,7,25,17,20,臺中市,南區,0,1,0,8,1,5,50,4,1,1,5,4,5,7,2,1,10,5,5,2,16,6,2,9,1,1,C03,7,5,3,18,2,12,,6,6,1,22,8,C03,120.673399,24.130855,2
2022,7,25,17,23,臺中市,大雅區,0,0,0,8,,,50,,,,,,,,,,,,,,,16,,,,,B03,,,1,,2,,,16,,1,22,,B03,120.649713,24.214159,3
2022,7,25,17,23,臺中市,豐原區,0,2,0,8,1,8,50,3,2,1,5,4,5,7,2,1,4,4,4,1,13,23,2,9,1,1,C03,7,9,4,8,2,11,,23,23,1,22,8,C03,120.711673,24.239541,2
2022,7,25,17,27,臺中市,大甲區,0,0,0,8,,,60,,,,,,,,,,,,,,,42,,,,,B12,,,1,,1,,,42,,1,7,,B12,120.6057,24.35868,3
2022,7,25,17,28,臺中市,烏日區,0,1,0,8,1,5,50,3,1,1,5,4,5,7,2,1,10,5,5,2,16,9,3,10,1,1,B03,7,6,1,8,2,7,,9,9,1,21,1,B03,120.627384,24.108772,2
2022,7,25,17,37,臺中市,大肚區,0,0,0,8,,,50,,,,,,,,,,,,,,,60,,,,,H01,,,8,,2,,,60,,1,20,,H01,120.54478,24.152962,3
2022,7,25,17,38,臺中市,烏日區,0,2,0,8,1,5,30,4,1,1,5,4,5,7,4,4,10,5,5,2,15,6,2,9,1,1,C03,7,9,1,10,2,11,,6,6,1,5,8,C03,120.63738,24.078638,2
2022,7,25,17,40,臺中市,大雅區,0,0,0,8,,,50,,,,,,,,,,,,,,,23,,,,,B03,,,1,,2,,,23,,1,22,,B03,120.648212,24.229379,3
2022,7,25,17,40,臺中市,南區,0,0,0,8,,,50,,,,,,,,,,,,,,,23,,,,,B03,,,1,,2,,,23,,1,3,,B03,120.648104,24.119313,3
2022,7,25,17,45,臺中市,梧棲區,0,0,0,8,,,50,,,,,,,,,,,,,,,23,,,,,B03,,,1,,2,,,23,,1,5,,B03,120.545236,24.255321,3
2022,7,25,17,50,臺中市,大肚區,0,1,0,8,1,5,30,5,1,1,5,4,5,7,4,4,10,5,5,2,16,23,3,10,1,1,B03,7,6,3,18,2,2,,23,23,1,22,8,B03,120.578067,24.121224,2
2022,7,25,17,53,臺中市,北屯區,0,0,0,8,,,50,,,,,,,,,,,,,,,43,,,,,,,,,,,,,43,,1,,,,120.684601,24.181495,3
2022,7,25,17,56,臺中市,北屯區,0,0,0,8,,,50,,,,,,,,,,,,,,,7,,,,,C03,,,1,,1,,,7,,1,5,,C03,120.696126,24.165086,3
2022,7,25,17,57,臺中市,潭子區,0,0,0,8,1,5,30,13,9,1,5,4,5,7,4,4,10,5,5,2,12,23,,,,,B03,,,1,,1,,,23,23,2,22,,B03,120.693938,24.221932,3