年,月,日,時,分,縣市,區,死,受傷,2-30,天候,光線,道路類別,速限,道路型態,事故位置,路面鋪裝,路面狀態,路面缺陷,障礙物,視距,號誌種類,號誌動作,分向設施,快車道或一般車道間,快慢車道間,路面邊線,事故類型及型態,主要肇因,受傷程度,主要傷處,保護裝備,行動電話,當事者區分,車輛用途,當事者行動狀態,駕駛資格情形,駕駛執照種類,飲酒情形,車輛撞擊部位最初,車輛撞擊部位其他,肇事因素個別,肇事因素主要,肇事逃逸,職業,旅次目的,車種,GPS緯度,GPS經度,事故類別
2022,7,26,11,19,臺中市,西區,0,2,0,8,1,5,30,4,1,1,5,4,5,7,4,4,10,5,5,2,15,6,2,9,1,1,C03,7,9,1,10,2,11,,6,6,1,5,8,C03,120.657903,24.145323,2
2022,7,26,11,29,臺中市,大里區,0,0,0,8,,,50,,,,,,,,,,,,,,,23,,,,,C03,,,1,,1,,,23,,1,5,,C03,120.683,24.115076,3
2022,7,26,11,31,臺中市,西屯區,1,0,0,8,1,5,50,4,1,1,5,4,5,7,1,1,10,5,5,2,12,9,3,10,1,1,A11,7,6,1,2,2,2,,9,9,1,22,8,A11,120.605475,24.170788,1
2022,7,26,11,50,臺中市,潭子區,0,1,0,8,1,5,50,4,2,1,5,4,5,7,3,1,8,5,5,1,17,6,3,10,1,1,B03,7,9,1,8,2,1,,6,6,1,22,8,B03,120.704292,24.21079,2
2022,7,26,11,55,臺中市,霧峰區,0,0,0,8,,,30,,,,,,,,,,,,,,,23,,,,,B03,,,1,,1,,,44,23,1,22,,B03,120.67997,24.068141,3
2022,7,26,12,1,臺中市,潭子區,0,1,0,8,1,5,50,3,1,1,5,4,5,7,4,4,10,5,5,2,17,23,3,10,1,1,B03,7,6,1,8,2,5,,23,23,1,22,8,B03,120.687781,24.231858,2
2022,7,26,12,4,臺中市,梧棲區,0,0,0,,,,70,,,,,,,,,,,,,,,23,,,,,B03,,,1,,1,,,23,,1,19,,B03,120.547661,24.24579,4
2022,7,26,12,7,臺中市,南屯區,0,0,0,8,1,5,50,4,1,1,5,4,5,7,1,1,5,4,5,2,17,23,3,10,1,1,B03,7,9,1,8,6,2,,23,23,1,22,8,B03,120.614021,24.143755,3
2022,7,26,12,10,臺中市,豐原區,0,1,0,8,1,5,30,13,9,1,5,4,5,7,4,4,10,3,5,1,17,5,3,10,3,4,B12,7,9,1,8,2,1,,5,5,1,22,8,B12,120.722533,24.265213,2
2022,7,26,12,15,臺中市,大肚區,0,0,0,8,,,50,,,,,,,,,,,,,,,23,,,,,B12,,,1,,2,,,23,,1,21,,B12,120.579748,24.170661,3
2022,7,26,12,20,臺中市,南區,0,1,0,8,1,5,50,4,9,1,5,4,5,7,2,1,1,4,5,2,12,7,3,10,1,1,B03,7,8,1,8,2,5,,7,7,1,22,8,B03,120.65508,24.115081,2
2022,7,26,12,25,臺中市,清水區,0,2,0,8,1,5,50,14,9,1,5,4,5,7,4,4,5,4,4,1,3,51,2,9,4,5,H01,8,16,8,20,2,16,,51,51,1,19,5,H01,120.568351,24.273638,2
2022,7,26,12,28,臺中市,大雅區,0,0,0,8,,,50,,,,,,,,,,,,,,,12,,,,,B12,,,1,,9,,,12,,1,22,,B12,120.62919,24.207296,3
2022,7,26,12,30,臺中市,西屯區,0,1,0,8,1,5,50,4,1,1,5,4,5,7,2,1,10,5,5,2,16,6,3,10,1,1,C03,7,6,1,10,2,12,,6,6,2,20,8,C03,120.640826,24.167438,2
2022,7,26,12,30,臺中市,豐原區,0,1,0,8,1,5,50,14,9,1,5,4,5,7,4,4,10,5,5,2,16,23,2,9,1,1,C03,7,6,1,10,2,14,,23,23,1,21,8,C03,120.725399,24.243177,2
2022,7,26,12,36,臺中市,北區,0,0,0,8,,,40,,,,,,,,,,,,,,,12,,,,,B03,,,1,,1,,,12,,1,5,,B03,120.676415,24.169867,3
2022,7,26,12,36,臺中市,豐原區,0,2,0,8,1,5,30,4,1,1,5,4,5,7,4,4,10,5,5,2,15,6,2,9,3,4,C03,7,9,4,8,2,11,,6,6,1,22,8,C03,120.724419,24.239594,2
2022,7,26,12,49,臺中市,西屯區,0,0,0,8,,,50,,,,,,,,,,,,,,,42,,,,,B03,,,1,,1,,,42,,1,22,,B03,120.639451,24.168713,3
2022,7,26,12,56,臺中市,烏日區,0,0,0,8,,,50,,,,,,,,,,,,,,,23,,,,,B12,,,1,,2,,,23,,1,5,,B12,120.587648,24.113378,3
2022,7,26,13,0,臺中市,西屯區,0,0,0,8,,,50,,,,,,,,,,,,,,,10,,,,,B03,,,1,,2,,,10,,1,22,,B03,120.617436,24.192142,3
2022,7,26,13,2,臺中市,外埔區,0,1,0,8,1,5,50,14,9,1,5,4,5,7,4,4,10,5,5,1,20,17,2,9,1,1,B12,7,9,1,8,2,2,,17,17,1,22,8,B12,120.659584,24.333491,2
2022,7,26,13,9,臺中市,北區,0,2,0,8,1,5,30,4,1,1,5,4,5,7,4,4,10,5,5,2,16,6,2,9,1,1,C03,7,5,1,10,2,14,,6,6,1,20,8,C03,120.696319,24.154252,2
2022,7,26,13,16,臺中市,北區,0,1,0,8,1,5,50,4,1,1,5,4,5,7,4,4,10,5,5,2,17,43,3,10,1,1,B03,7,5,1,8,2,8,,43,43,1,22,9,B03,120.686728,24.161933,2
2022,7,26,13,17,臺中市,北屯區,0,0,0,8,,,50,,,,,,,,,,,,,,,7,,,,,B03,,,1,,1,,,7,,1,22,,B03,120.686374,24.203728,3
2022,7,26,13,22,臺中市,梧棲區,0,0,0,8,,,50,,,,,,,,,,,,,,,16,,,,,A12,,,1,,1,,,16,,1,10,,A12,120.524527,24.223216,4
2022,7,26,13,50,臺中市,西屯區,0,0,0,8,,,50,,,,,,,,,,,,,,,17,,,,,A12,,,1,,1,,,17,,1,22,,A12,120.647855,24.17395,3
2022,7,26,14,8,臺中市,南屯區,0,0,0,8,,,60,,,,,,,,,,,,,,,7,,,,,B03,,,1,,1,,,7,,1,5,,B03,120.623241,24.137107,3
2022,7,26,14,21,臺中市,南屯區,0,0,0,8,,,60,,,,,,,,,,,,,,,23,,,,,B12,,,1,,1,,,23,,1,5,,B12,120.597872,24.155393,3
2022,7,26,14,22,臺中市,大雅區,0,1,0,8,1,5,50,14,9,1,5,4,5,7,4,4,9,5,5,1,17,10,3,10,1,1,B03,7,11,1,8,2,7,,10,10,1,22,8,B03,120.629433,24.208088,2
2022,7,26,14,27,臺中市,西屯區,0,0,0,8,,,50,,,,,,,,,,,,,,,26,,,,,B12,,,1,,1,,,26,,1,22,,B12,120.63372,24.160999,3
2022,7,26,14,27,臺中市,西屯區,0,0,0,8,,,40,,,,,,,,,,,,,,,6,,,,,B03,,,1,,1,,,6,,1,22,,B03,120.650295,24.162607,3
2022,7,26,14,30,臺中市,西區,0,0,0,8,,,50,,,,,,,,,,,,,,,23,,,,,B02,,,1,,2,,,23,,1,4,,B02,120.663682,24.156278,3
2022,7,26,14,30,臺中市,清水區,0,0,0,8,,,60,,,,,,,,,,,,,,,23,,,,,B03,,,1,,2,,,23,,1,20,,B03,120.565393,24.27094,3
2022,7,26,14,38,臺中市,大里區,0,2,0,8,1,5,30,15,9,1,5,4,5,6,4,4,10,5,5,2,10,23,2,9,1,1,C03,7,9,1,10,2,11,,23,23,1,5,5,C03,120.705318,24.10865,2
2022,7,26,14,52,臺中市,北屯區,0,1,0,8,1,5,50,3,1,1,5,4,5,7,1,1,10,5,5,2,12,23,3,10,1,1,A04,7,9,1,1,2,5,,23,23,1,10,8,A04,120.699593,24.1701,2
2022,7,26,15,3,臺中市,潭子區,0,1,0,8,1,5,40,14,9,1,5,4,5,7,4,4,10,4,5,1,20,23,2,9,1,1,C03,7,9,1,10,2,11,,23,23,1,22,8,C03,120.698603,24.223438,2
2022,7,26,15,10,臺中市,大里區,0,1,0,8,1,5,50,4,1,1,5,4,5,7,1,1,10,5,5,2,16,6,3,10,1,1,B12,7,6,1,1,2,2,,6,6,1,12,8,B12,120.691783,24.074106,2
2022,7,26,15,15,臺中市,清水區,0,0,0,8,,,90,,,,,,,,,,,,,,,49,,,,,A12,,,1,,2,,,49,,1,5,,A12,120.567425,24.326347,3
2022,7,26,15,22,臺中市,北區,0,0,0,8,,,50,,,,,,,,,,,,,,,17,,,,,C03,,,1,,1,,,17,,1,21,,C03,120.685161,24.168387,3
2022,7,26,15,27,臺中市,西屯區,0,1,0,8,1,5,50,14,9,1,5,4,3,5,4,4,1,4,5,2,12,43,3,10,1,1,B03,7,9,1,8,2,2,,43,43,1,22,8,B03,120.643816,24.172018,2
2022,7,26,15,27,臺中市,豐原區,0,1,0,8,1,5,50,3,2,1,5,4,5,7,4,4,8,3,4,1,17,6,3,10,3,4,B03,7,5,1,8,2,1,,6,6,1,22,8,B03,120.699136,24.247233,2
2022,7,26,15,32,臺中市,西屯區,0,1,0,8,1,5,50,4,1,1,5,4,5,7,1,1,1,4,4,2,16,6,3,10,3,4,B03,7,5,1,8,2,1,,6,6,1,22,8,B03,120.656079,24.169615,2
2022,7,26,15,36,臺中市,大里區,0,0,0,8,,,50,,,,,,,,,,,,,,,18,,,,,B12,,,1,,2,,,18,,1,10,,B12,120.714988,24.09318,3
2022,7,26,15,37,臺中市,北區,0,1,0,8,1,5,50,3,1,1,5,4,5,7,1,1,10,5,5,2,12,6,3,10,3,4,B03,7,6,1,8,2,6,,6,6,1,5,8,B03,120.686453,24.147272,2
2022,7,26,15,40,臺中市,烏日區,0,1,0,8,1,5,30,3,1,1,5,4,5,7,4,4,10,5,5,2,17,8,3,10,1,1,B12,7,5,1,8,2,8,,8,8,1,5,8,B12,120.627783,24.077918,2
2022,7,26,15,41,臺中市,南屯區,0,1,0,8,1,5,50,4,1,1,5,4,5,7,1,1,10,5,5,2,16,6,2,9,1,1,C03,7,5,1,10,2,14,,6,6,1,18,8,C03,120.615281,24.147923,2
2022,7,26,15,43,臺中市,霧峰區,0,2,0,8,1,5,30,4,1,1,5,4,5,7,4,4,10,5,5,2,16,23,2,9,1,1,C03,7,9,2,18,2,11,,23,23,1,3,8,C03,120.673274,24.07172,2
2022,7,26,15,45,臺中市,南屯區,0,0,0,,,,50,,,,,,,,,,,,,,,7,,,,,B03,,,1,,2,,,7,,1,22,,B03,120.652982,24.141008,3
2022,7,26,16,0,臺中市,霧峰區,0,0,0,8,,,50,,,,,,,,,,,,,,,43,,,,,B03,,,1,,10,,,43,,1,12,,B03,120.697673,24.064206,3
2022,7,26,16,3,臺中市,烏日區,0,0,0,8,,,30,,,,,,,,,,,,,,,12,,,,,B03,,,1,,2,,,12,,1,21,,B03,120.649292,24.059407,3
2022,7,26,16,5,臺中市,西區,0,0,0,8,,,50,,,,,,,,,,,,,,,6,,,,,B03,,,1,,1,,,6,6,1,5,,B03,120.668869,24.147569,3
2022,7,26,16,5,臺中市,太平區,0,1,0,8,1,5,30,11,9,1,5,4,5,7,4,4,4,5,5,1,18,42,2,9,1,1,C03,7,6,1,10,2,12,,42,42,1,22,8,C03,120.80683,24.097605,2
2022,7,26,16,6,臺中市,南區,0,3,0,8,1,5,40,14,8,1,5,4,5,7,4,4,1,4,4,2,13,23,2,9,1,1,C03,7,7,1,10,2,11,,23,23,1,21,8,C03,120.683469,24.129149,2
2022,7,26,16,9,臺中市,梧棲區,0,1,0,8,1,5,50,14,9,1,5,4,5,7,4,4,5,5,5,1,16,7,3,10,1,1,B03,7,8,1,8,2,5,,7,7,1,5,8,B03,120.53374,24.254986,2
2022,7,26,16,24,臺中市,大里區,0,0,0,8,,,30,,,,,,,,,,,,,,,12,,,,,B03,,,1,,2,,,12,,1,22,,B03,120.700863,24.109773,3
2022,7,26,16,30,臺中市,北屯區,0,0,0,8,,,50,,,,,,,,,,,,,,,43,,,,,B02,,,1,,1,,,43,,1,5,,B02,120.699897,24.177063,3
2022,7,26,16,30,臺中市,新社區,0,0,0,8,,,50,,,,,,,,,,,,,,,23,,,,,B03,,,1,,2,,,23,,1,22,,B03,120.80741,24.239503,3
2022,7,26,16,31,臺中市,梧棲區,0,2,0,8,1,5,30,4,1,1,5,4,5,7,1,1,10,5,5,2,15,23,2,9,1,1,C03,7,9,1,10,2,11,,23,23,1,5,1,C03,120.556795,24.253571,2
2022,7,26,16,37,臺中市,南屯區,0,0,0,8,,,50,,,,,,,,,,,,,,,16,,,,,B12,,,1,,1,,,16,,1,20,,B12,120.611348,24.1481,3
2022,7,26,16,40,臺中市,龍井區,0,1,0,8,1,5,50,14,9,1,5,4,5,7,4,4,5,5,5,1,18,19,2,9,1,1,C03,7,1,1,10,2,12,,19,19,1,19,5,C03,120.525303,24.212697,2
2022,7,26,16,45,臺中市,太平區,0,2,0,8,1,5,50,3,2,1,5,4,5,7,1,1,5,5,4,1,16,26,2,7,1,1,C03,7,11,1,10,2,12,,26,26,1,5,8,C03,120.720009,24.148996,2
2022,7,26,16,47,臺中市,大里區,0,0,0,8,,,50,,,,,,,,,,,,,,,17,,,,,B03,,,1,,2,,,17,,1,22,,B03,120.688478,24.103169,3
2022,7,26,16,49,臺中市,大里區,0,0,0,8,,,50,,,,,,,,,,,,,,,17,,,,,B03,,,1,,2,,,17,17,1,22,,B03,120.697556,24.104331,3
2022,7,26,16,50,臺中市,太平區,0,0,0,8,,,50,,,,,,,,,,,,,,,16,,,,,C03,,,1,,2,,,16,,1,21,,C03,120.721043,24.133692,3
2022,7,26,16,54,臺中市,北區,0,1,0,8,1,5,50,3,1,1,5,4,5,7,4,4,3,4,5,2,13,23,3,10,1,1,B03,7,9,1,8,2,1,,23,23,1,22,9,B03,120.677788,24.163362,2
2022,7,26,16,56,臺中市,西區,0,1,0,8,1,5,50,14,9,1,5,4,5,7,2,1,5,5,5,2,13,16,3,10,1,1,C03,7,9,1,10,2,11,,16,16,1,5,8,C03,120.682212,24.135899,2
2022,7,26,16,57,臺中市,北屯區,0,0,0,8,,,50,,,,,,,,,,,,,,,23,,,,,B03,,,1,,1,,,23,23,1,22,,B03,120.683436,24.172401,3
2022,7,26,16,57,臺中市,烏日區,0,0,0,8,,,50,,,,,,,,,,,,,,,16,,,,,B03,,,1,,2,,,16,,1,22,,B03,120.62036,24.102093,3
2022,7,26,17,0,臺中市,南屯區,0,1,0,8,1,5,40,14,7,1,5,4,5,7,4,4,5,5,4,2,12,19,3,10,1,1,B03,7,1,1,8,2,8,,19,19,1,4,8,B03,120.637621,24.133767,2
2022,7,26,17,0,臺中市,北屯區,0,2,0,8,1,5,50,14,9,1,5,4,5,7,4,4,5,4,5,2,16,26,2,9,1,1,C03,7,11,1,10,2,14,,26,26,1,22,8,C03,120.709932,24.17136,2
2022,7,26,17,3,臺中市,梧棲區,0,0,0,8,,,40,,,,,,,,,,,,,,,16,,,,,B03,,,1,,2,,,16,,1,5,,B03,120.53216,24.240771,3
2022,7,26,17,9,臺中市,北區,0,1,0,8,1,5,50,4,1,1,5,4,5,7,1,1,1,4,5,2,15,25,2,7,1,1,C03,7,9,1,10,2,11,,25,25,1,21,8,C03,120.685119,24.165279,2
2022,7,26,17,11,臺中市,西屯區,0,1,0,8,1,5,30,14,9,1,5,4,5,7,4,4,10,5,5,2,13,16,2,9,1,4,C03,7,9,1,10,2,11,,16,16,1,22,8,C03,120.639265,24.180898,2
2022,7,26,17,11,臺中市,大甲區,0,0,0,8,,,60,,,,,,,,,,,,,,,42,,,,,B03,,,1,,1,,,42,,1,19,,B03,120.61786,24.33827,3
2022,7,26,17,12,臺中市,北屯區,0,0,0,8,,,50,,,,,,,,,,,,,,,16,,,,,B12,,,1,,1,,,16,,1,21,,B12,120.705646,24.164669,3
2022,7,26,17,12,臺中市,大里區,0,1,0,8,2,5,60,5,1,1,5,4,5,7,1,1,10,5,5,2,16,6,3,10,1,1,B12,7,6,1,8,2,2,,6,6,1,22,9,B12,120.681095,24.104641,2
2022,7,26,17,16,臺中市,大雅區,0,2,0,8,1,5,50,5,2,1,5,4,5,7,4,4,5,5,5,1,16,6,2,9,1,1,C03,7,6,1,10,2,14,,6,6,1,22,9,C03,120.650034,24.218949,2
2022,7,26,17,27,臺中市,烏日區,0,0,0,8,,,50,,,,,,,,,,,,,,,23,,,,,B03,,,1,,2,,,23,,1,5,,B03,120.637968,24.108153,3
2022,7,26,17,29,臺中市,大雅區,0,0,0,8,,,50,,,,,,,,,,,,,,,17,,,,,A12,,,1,,9,,,17,,1,22,,A12,120.650736,24.209452,3
2022,7,26,17,31,臺中市,潭子區,0,1,0,8,1,5,50,14,9,1,5,4,5,7,4,4,1,4,5,1,16,19,3,10,1,1,B12,7,1,1,8,2,8,,19,19,1,22,9,B12,120.712322,24.214754,2
2022,7,26,17,35,臺中市,梧棲區,0,2,0,8,2,5,40,4,1,1,5,4,5,7,1,1,10,5,5,2,15,25,2,9,1,1,C03,7,9,1,10,2,11,,25,25,1,3,1,C03,120.522466,24.223921,2
2022,7,26,17,35,臺中市,清水區,0,0,0,8,,,50,,,,,,,,,,,,,,,16,,,,,B03,,,1,,2,,,16,16,1,21,,B03,120.579002,24.269878,3
2022,7,26,17,36,臺中市,南區,0,1,0,8,1,5,50,4,2,1,5,4,5,7,2,1,5,4,4,2,13,23,3,10,3,4,B03,7,6,1,8,2,8,,23,23,1,21,8,B03,120.684769,24.130826,2
2022,7,26,17,38,臺中市,梧棲區,0,1,0,8,1,5,40,14,8,1,5,4,5,7,4,4,1,4,1,1,13,23,2,3,1,1,F03,7,9,8,20,2,16,,23,23,1,3,1,F03,120.513013,24.226157,2
2022,7,26,17,41,臺中市,西屯區,0,1,0,8,1,5,50,3,1,1,5,4,5,7,4,4,10,5,5,2,16,6,3,10,1,1,C03,7,5,1,10,2,11,,6,6,1,22,8,C03,120.653403,24.15729,2
2022,7,26,17,43,臺中市,沙鹿區,0,1,0,8,1,5,60,4,1,1,5,4,5,7,1,1,10,5,5,2,16,6,3,10,1,1,B03,7,6,1,8,2,5,,6,6,1,5,9,B03,120.560836,24.241137,2
2022,7,26,17,43,臺中市,豐原區,0,0,0,8,,,50,,,,,,,,,,,,,,,23,,,,,C03,,,1,,2,,,23,,1,18,,C03,120.716679,24.253234,3
2022,7,26,17,46,臺中市,大甲區,0,0,0,8,,,50,,,,,,,,,,,,,,,23,,,,,C03,,,1,,1,,,23,,1,22,,C03,120.624914,24.341249,3
2022,7,26,17,48,臺中市,西區,0,1,0,8,1,5,40,14,8,1,5,4,5,7,4,4,5,4,4,2,17,23,2,9,1,1,C03,7,9,1,10,2,12,,23,23,1,22,8,C03,120.669181,24.144399,2
2022,7,26,17,50,臺中市,大甲區,0,0,0,8,1,5,50,4,1,1,5,4,5,7,4,4,5,4,5,1,15,14,3,10,1,1,B11,7,9,1,8,1,1,,14,14,1,3,1,B11,120.620714,24.376184,3
2022,7,26,17,53,臺中市,南屯區,0,0,0,,,,50,,,,,,,,,,,,,,,19,,,,,B03,,,1,,1,,,19,,1,22,,B03,120.637583,24.150208,3
2022,7,26,17,53,臺中市,大里區,0,1,0,8,1,5,50,14,9,1,5,4,5,7,4,4,5,5,5,1,16,6,3,10,3,4,B12,7,6,1,8,2,5,,6,6,1,22,8,B12,120.680348,24.095601,2
2022,7,26,18,0,臺中市,霧峰區,0,0,0,8,,,50,,,,,,,,,,,,,,,67,,,,,,,,,,,,,67,,1,,,,120.698765,24.062996,3
2022,7,26,18,3,臺中市,龍井區,0,1,0,8,1,5,30,3,2,1,5,4,5,7,4,4,10,5,5,1,18,23,2,9,1,1,C03,7,9,1,10,2,12,,23,23,1,9,8,C03,120.545923,24.180782,2
2022,7,26,18,5,臺中市,龍井區,0,1,0,8,2,5,60,14,20,1,5,4,5,7,4,4,1,4,4,2,17,7,3,10,1,1,A41,7,8,1,1,2,15,,7,7,1,10,4,A41,120.509441,24.219165,2
2022,7,26,18,8,臺中市,大雅區,0,0,0,8,,,50,,,,,,,,,,,,,,,16,,,,,C03,,,1,,2,,,16,,1,22,,C03,120.653609,24.222874,3
2022,7,26,18,10,臺中市,烏日區,0,0,0,8,,,50,,,,,,,,,,,,,,,18,,,,,B02,,,1,,2,,,18,,1,22,,B02,120.614784,24.113924,3
2022,7,26,18,12,臺中市,大里區,0,1,0,8,2,5,50,5,1,1,5,4,5,7,3,1,4,5,5,2,16,4,3,10,1,1,C03,7,9,1,10,1,14,,4,4,1,22,7,C03,120.680441,24.115098,2
2022,7,26,18,16,臺中市,大雅區,0,1,0,8,1,5,50,4,1,1,5,4,5,7,1,1,10,5,5,2,15,25,3,10,1,1,B03,7,9,1,8,2,2,,25,25,1,22,8,B03,120.657101,24.225167,2
2022,7,26,18,22,臺中市,西屯區,0,1,0,8,1,5,50,14,8,1,5,4,5,7,4,4,5,4,4,2,17,23,2,9,3,4,C03,7,9,1,10,2,12,,23,23,1,22,8,C03,120.662828,24.168395,2
2022,7,26,18,33,臺中市,北區,0,2,0,8,1,5,50,14,9,1,5,4,5,7,4,4,5,4,5,2,13,43,2,9,1,1,C03,7,9,1,10,2,11,,43,43,1,22,8,C03,120.675708,24.145646,2
2022,7,26,18,37,臺中市,北屯區,0,0,0,8,,,50,,,,,,,,,,,,,,,17,,,,,B03,,,1,,1,,,17,17,1,22,,B03,120.698241,24.172787,3
2022,7,26,19,7,臺中市,北區,0,3,0,8,3,5,40,4,1,1,5,4,5,7,1,1,5,5,4,2,15,25,2,8,1,1,C03,7,9,1,9,2,12,,25,25,1,21,8,C03,120.664089,24.162142,2
2022,7,26,19,11,臺中市,北屯區,0,0,0,8,,,50,,,,,,,,,,,,,,,25,,,,,C03,,,1,,2,,,25,,1,21,,C03,120.703963,24.182116,3
2022,7,26,19,12,臺中市,大里區,0,1,0,8,3,5,50,3,1,1,5,4,5,7,4,4,10,5,5,2,16,6,3,10,1,1,B03,7,5,1,8,2,1,,6,6,1,22,9,B03,120.694056,24.109533,2
2022,7,26,19,20,臺中市,大肚區,0,0,0,,,,30,,,,,,,,,,,,,,,23,,,,,B03,,,1,,2,,,23,,1,2,,B03,120.552007,24.133068,3
2022,7,26,19,21,臺中市,南屯區,0,0,0,8,,,50,,,,,,,,,,,,,,,6,,,,,B03,,,1,,9,,,6,,1,5,,B03,120.649827,24.148829,3
2022,7,26,19,25,臺中市,大里區,0,0,0,8,,,30,,,,,,,,,,,,,,,12,,,,,B03,,,1,,2,,,12,,1,22,,B03,120.708332,24.109728,3
2022,7,26,19,30,臺中市,北區,0,0,0,8,,,50,,,,,,,,,,,,,,,7,,,,,B03,,,1,,2,,,7,,1,21,,B03,120.673695,24.162702,3
2022,7,26,19,36,臺中市,北屯區,0,0,0,8,,,50,,,,,,,,,,,,,,,6,,,,,B03,,,1,,1,,,6,,1,22,,B03,120.676286,24.201206,3
2022,7,26,19,41,臺中市,東區,0,1,0,8,3,5,50,3,1,1,5,4,5,7,4,4,3,5,5,2,2,15,3,10,1,1,B12,7,6,1,8,2,5,,15,15,1,3,5,B12,120.694335,24.144138,2
2022,7,26,19,46,臺中市,西屯區,0,2,0,8,3,5,50,4,1,1,5,4,5,7,1,1,10,5,5,2,13,23,2,9,1,1,C03,7,5,1,10,2,11,,23,23,1,22,5,C03,120.606273,24.161809,2
2022,7,26,19,55,臺中市,大雅區,0,0,0,8,,,30,,,,,,,,,,,,,,,12,,,,,A11,,,1,,2,,,12,,1,22,,A11,120.653498,24.216848,3
2022,7,26,19,55,臺中市,西區,0,1,0,8,3,5,50,4,1,1,5,4,5,7,2,1,10,5,5,2,18,23,3,10,1,1,B03,7,5,1,8,9,15,,6,23,1,5,8,B03,120.66576,24.136553,2
2022,7,26,19,55,臺中市,大里區,0,0,0,8,,,50,,,,,,,,,,,,,,,23,,,,,B03,,,1,,2,,,23,,1,12,,B03,120.729803,24.091796,3
2022,7,26,20,20,臺中市,北區,0,1,0,8,1,5,50,14,9,1,5,4,5,7,4,4,1,4,5,2,12,17,2,9,1,1,C03,7,9,1,10,2,12,,17,17,1,22,9,C03,120.678085,24.17325,2
2022,7,26,20,21,臺中市,東勢區,0,0,0,,,,50,,,,,,,,,,,,,,,23,,,,,B03,,,1,,2,,,23,,1,22,,B03,120.834246,24.239166,3
2022,7,26,20,40,臺中市,西屯區,0,1,0,8,3,5,50,14,9,1,5,4,5,7,4,4,5,4,5,2,17,43,2,9,1,1,C03,7,9,3,18,2,12,,43,43,1,22,8,C03,120.62486,24.195618,2
2022,7,26,21,5,臺中市,大甲區,0,1,0,8,1,5,50,14,9,1,5,4,5,7,4,4,5,4,5,1,16,19,3,10,1,1,B03,7,1,1,8,2,8,,19,19,1,21,8,B03,120.627716,24.348049,2
2022,7,26,21,9,臺中市,北屯區,0,0,0,8,,,50,,,,,,,,,,,,,,,26,,,,,B03,,,1,,2,,,26,,1,5,,B03,120.699134,24.182567,3
2022,7,26,21,14,臺中市,西區,0,0,0,8,,,50,,,,,,,,,,,,,,,12,,,,,B03,,,1,,2,,,12,,1,22,,B03,120.663842,24.153866,3
2022,7,26,21,18,臺中市,北屯區,0,0,0,8,,,50,,,,,,,,,,,,,,,23,,,,,B03,,,1,,2,,,23,,1,21,,B03,120.658795,24.190598,3
2022,7,26,21,35,臺中市,北屯區,0,4,0,8,3,5,50,3,1,1,5,4,5,7,1,1,10,5,5,2,17,6,2,9,1,1,C03,7,5,1,10,2,11,,6,6,1,21,8,C03,120.664715,24.185934,2
2022,7,26,22,5,臺中市,北屯區,0,3,0,8,1,5,50,3,1,1,5,4,5,7,1,1,10,5,5,2,16,6,2,9,1,1,C03,7,5,1,10,2,11,14,6,6,1,5,8,C03,120.665115,24.18639,2
2022,7,26,22,23,臺中市,西區,0,1,0,8,3,5,30,14,9,1,5,4,5,7,4,4,10,5,5,2,18,43,2,9,1,1,C03,7,9,1,10,2,12,,43,43,1,18,7,C03,120.67025,24.142382,2
2022,7,26,22,33,臺中市,北屯區,0,0,0,8,,,40,,,,,,,,,,,,,,,7,,,,,B02,,,1,,2,,,7,,1,21,,B02,120.670537,24.17603,3
2022,7,26,22,56,臺中市,梧棲區,0,1,0,8,3,5,50,14,12,1,5,4,5,7,4,4,1,4,4,2,18,42,2,9,1,1,C03,7,9,1,10,2,14,,42,42,1,5,1,C03,120.538168,24.258118,2
2022,7,26,23,7,臺中市,北屯區,0,1,0,8,3,5,50,4,1,1,5,4,5,7,2,1,10,5,5,2,16,25,3,10,1,1,B03,7,9,1,8,2,5,,25,25,1,21,8,B03,120.710021,24.180413,2
2022,7,26,23,7,臺中市,西屯區,0,0,0,8,,,70,,,,,,,,,,,,,,,23,,,,,B02,,,1,,2,,,23,,1,22,,B02,120.625338,24.17827,3
2022,7,26,23,35,臺中市,神岡區,0,2,0,8,3,5,50,3,1,1,5,4,5,7,3,1,5,4,4,1,2,23,2,9,1,1,C03,7,9,1,10,2,12,,23,23,1,22,8,C03,120.67246,24.254981,2
2022,7,26,23,44,臺中市,南屯區,0,1,0,8,3,5,50,4,1,1,5,4,5,7,1,1,5,5,5,2,13,23,2,8,3,4,C03,7,9,3,18,2,14,,23,23,1,22,9,C03,120.648742,24.14995,2
2022,7,27,0,22,臺中市,南區,0,2,0,8,4,5,40,14,8,1,5,4,5,7,4,4,3,4,4,2,2,23,2,9,1,1,C03,7,9,1,10,2,12,,23,23,1,21,8,C03,120.682469,24.118918,2
2022,7,27,0,26,臺中市,后里區,0,2,0,8,3,5,50,4,1,1,5,4,5,7,3,1,10,5,5,2,15,6,2,9,1,1,C03,7,9,1,10,2,12,,6,6,1,5,4,C03,120.715139,24.306853,2