年,月,日,時,分,縣市,區,死,受傷,2-30,天候,光線,道路類別,速限,道路型態,事故位置,路面鋪裝,路面狀態,路面缺陷,障礙物,視距,號誌種類,號誌動作,分向設施,快車道或一般車道間,快慢車道間,路面邊線,事故類型及型態,主要肇因,受傷程度,主要傷處,保護裝備,行動電話,當事者區分,車輛用途,當事者行動狀態,駕駛資格情形,駕駛執照種類,飲酒情形,車輛撞擊部位最初,車輛撞擊部位其他,肇事因素個別,肇事因素主要,肇事逃逸,職業,旅次目的,車種,GPS緯度,GPS經度,事故類別
2022,7,28,5,56,臺中市,北區,0,1,0,8,1,5,50,4,1,1,5,4,5,7,4,4,10,5,5,2,15,6,3,10,1,3,C03,7,9,1,10,2,15,,6,6,1,5,8,C03,120.687628,24.163855,2
2022,7,28,6,14,臺中市,豐原區,0,1,0,8,1,5,50,5,1,1,5,4,5,7,3,1,10,5,5,2,17,6,3,10,1,1,B03,7,9,1,8,2,1,,6,6,1,22,8,B03,120.711783,24.242461,2
2022,7,28,6,19,臺中市,東區,0,1,0,8,2,5,50,4,1,1,5,4,5,7,2,1,10,5,5,2,16,6,3,10,3,4,B12,7,5,1,8,2,6,,6,6,1,5,8,B12,120.694618,24.129456,2
2022,7,28,6,25,臺中市,梧棲區,0,1,0,8,1,5,50,14,7,1,5,4,5,7,4,4,5,4,4,2,17,19,3,10,3,4,B03,7,1,1,8,2,4,,19,19,1,22,8,B03,120.532443,24.254095,2
2022,7,28,7,0,臺中市,北區,0,1,0,8,1,5,50,4,1,1,5,4,5,7,1,1,5,4,5,2,2,15,3,10,1,1,B03,7,5,1,8,2,8,,15,15,1,5,5,B03,120.67462,24.146746,2
2022,7,28,7,3,臺中市,西區,0,0,0,8,,,50,,,,,,,,,,,,,,,23,,,,,B03,,,1,,1,,,23,,1,4,,B03,120.676011,24.137204,3
2022,7,28,7,7,臺中市,清水區,0,0,0,8,1,5,50,14,7,1,5,4,5,7,3,1,1,2,4,2,13,23,3,10,1,1,B12,7,9,1,8,2,8,,23,23,1,5,1,B12,120.577024,24.273945,3
2022,7,28,7,12,臺中市,北區,0,1,0,8,1,5,50,14,9,1,5,4,5,7,4,4,3,2,3,1,29,23,2,8,3,4,C03,7,9,1,10,2,15,,23,23,1,22,9,C03,120.687764,24.154367,2
2022,7,28,7,13,臺中市,烏日區,0,1,0,8,1,5,50,3,1,1,5,4,5,7,4,4,5,5,4,2,16,26,3,10,1,1,B03,7,5,1,8,2,8,,26,26,1,21,8,B03,120.623608,24.102819,2
2022,7,28,7,15,臺中市,沙鹿區,0,1,0,8,1,5,50,3,1,1,5,4,5,7,2,1,1,4,4,2,16,9,3,10,1,1,A11,7,6,1,1,2,5,,9,9,1,4,8,A11,120.565348,24.232566,2
2022,7,28,7,15,臺中市,豐原區,0,1,0,8,1,5,50,4,1,1,5,4,5,7,1,1,1,5,5,2,13,23,3,10,3,4,B12,7,9,1,3,2,5,,23,23,1,10,8,B12,120.71992,24.262301,2
2022,7,28,7,18,臺中市,北屯區,0,2,0,8,1,5,50,14,7,1,5,4,5,7,2,1,5,4,4,2,16,26,2,9,1,1,C03,7,11,1,10,2,12,,26,26,1,21,8,C03,120.679936,24.189317,2
2022,7,28,7,19,臺中市,北屯區,0,2,0,8,1,5,50,4,1,1,5,4,5,7,1,1,10,5,5,2,17,19,2,8,1,1,C03,7,1,6,18,2,13,,19,19,1,22,8,C03,120.69135,24.170468,2
2022,7,28,7,30,臺中市,大里區,0,1,0,8,1,5,50,14,9,1,5,4,5,7,4,4,5,5,5,1,13,16,2,9,1,1,C03,7,9,1,10,2,11,,16,16,1,22,8,C03,120.705843,24.087689,2
2022,7,28,7,30,臺中市,龍井區,0,1,0,8,1,5,40,14,7,1,5,4,5,7,4,4,5,4,5,1,13,23,3,10,3,4,B12,7,9,1,8,2,1,,23,23,1,9,1,B12,120.50477,24.210439,2
2022,7,28,7,31,臺中市,大里區,0,0,0,8,,,50,,,,,,,,,,,,,,,6,,,,,B03,,,1,,2,,,6,,1,22,,B03,120.7157,24.099079,3
2022,7,28,7,33,臺中市,東區,0,2,0,8,1,5,50,4,1,1,5,4,5,7,2,1,10,5,5,2,16,6,2,9,1,1,C03,7,5,1,10,2,12,,6,6,1,21,8,C03,120.699205,24.135046,2
2022,7,28,7,39,臺中市,北區,0,2,0,8,1,5,50,3,1,1,5,4,5,7,1,1,10,5,5,2,17,25,2,9,1,1,C03,7,5,1,10,2,11,,25,25,1,5,8,C03,120.688113,24.151003,2
2022,7,28,7,42,臺中市,南屯區,0,0,0,8,,,30,,,,,,,,,,,,,,,6,,,,,C03,,,1,,1,,,6,,1,22,,C03,120.61143,24.138703,3
2022,7,28,7,47,臺中市,大雅區,0,2,0,8,1,5,50,4,1,1,5,4,5,7,1,1,5,4,5,1,15,25,2,7,1,1,C03,7,9,1,10,2,11,,25,25,1,22,8,C03,120.64421,24.228827,2
2022,7,28,7,47,臺中市,龍井區,0,0,0,8,1,6,40,14,9,1,5,4,5,7,4,4,8,3,5,1,12,7,3,10,1,1,A21,7,8,1,7,2,5,,7,7,1,10,4,A21,120.505379,24.210437,3
2022,7,28,7,47,臺中市,龍井區,0,1,0,8,1,5,50,14,8,1,5,4,5,7,4,4,1,4,4,2,17,26,2,9,3,4,C03,7,11,1,10,2,12,,26,26,1,9,1,C03,120.545845,24.190646,2
2022,7,28,7,48,臺中市,霧峰區,0,1,0,8,1,5,30,14,9,1,5,4,5,7,4,4,10,5,5,1,11,23,3,10,1,1,C03,7,9,1,10,2,12,,23,23,1,22,9,C03,120.653348,24.053815,2
2022,7,28,7,50,臺中市,龍井區,0,1,0,8,1,5,70,14,7,1,5,4,5,7,4,4,1,4,1,2,13,23,2,9,3,4,B03,7,9,1,8,2,1,,23,23,1,9,1,B03,120.509665,24.218844,2
2022,7,28,7,50,臺中市,神岡區,0,0,0,8,,,50,,,,,,,,,,,,,,,16,,,,,B03,,,1,,1,,,16,,1,12,,B03,120.682063,24.246853,4
2022,7,28,7,51,臺中市,太平區,0,0,0,8,,,50,,,,,,,,,,,,,,,44,,,,,B03,,,1,,1,,,44,44,1,21,,B03,120.729827,24.134826,3
2022,7,28,8,1,臺中市,沙鹿區,0,1,0,8,1,5,50,4,1,1,5,4,5,7,4,4,10,5,5,2,15,6,3,10,1,1,B12,7,9,1,8,2,1,,6,6,1,21,8,B12,120.565363,24.250811,2
2022,7,28,8,1,臺中市,豐原區,0,1,0,8,1,5,30,14,9,1,5,4,5,7,1,1,9,3,5,1,13,16,3,10,1,1,B03,7,9,1,8,2,1,,16,16,1,22,5,B03,120.72179,24.2472,2
2022,7,28,8,4,臺中市,大甲區,0,1,0,8,1,5,50,5,1,1,5,4,5,7,1,1,10,5,5,2,17,23,3,10,1,1,B03,7,1,1,8,2,5,,23,23,1,21,8,B03,120.639018,24.36335,2
2022,7,28,8,8,臺中市,霧峰區,0,0,0,8,,,30,,,,,,,,,,,,,,,6,,,,,B03,,,1,,2,,,6,,1,22,,B03,120.69583,24.037888,3
2022,7,28,8,9,臺中市,大雅區,0,1,0,8,1,5,50,4,1,1,5,4,5,7,1,1,5,4,5,1,16,19,2,9,1,1,C03,7,1,1,10,2,11,,19,19,1,22,8,C03,120.64421,24.228827,2
2022,7,28,8,13,臺中市,東區,0,1,0,8,1,5,50,4,1,1,5,4,5,7,1,1,10,5,5,2,17,23,2,7,1,1,C03,7,5,4,11,2,12,,23,23,1,5,8,C03,120.702808,24.142875,2
2022,7,28,8,14,臺中市,西屯區,0,0,0,8,,,60,,,,,,,,,,,,,,,16,,,,,B12,,,1,,1,,,16,16,1,22,,B12,120.651151,24.164735,3
2022,7,28,8,17,臺中市,大里區,0,0,0,8,,,50,,,,,,,,,,,,,,,23,,,,,B03,,,1,,2,,,23,,1,22,,B03,120.680512,24.073766,3
2022,7,28,8,24,臺中市,南屯區,0,1,0,8,1,5,50,3,1,1,5,4,5,7,4,4,5,4,4,2,17,6,3,10,1,1,B03,7,6,1,8,2,5,,6,6,1,22,8,B03,120.616424,24.152486,2
2022,7,28,8,29,臺中市,北屯區,0,0,0,8,,,50,,,,,,,,,,,,,,,23,,,,,B03,,,1,,1,,,23,,1,21,,B03,120.68667,24.200203,3
2022,7,28,8,31,臺中市,南屯區,0,0,0,8,,,50,,,,,,,,,,,,,,,23,,,,,B03,,,1,,1,,,23,,1,22,,B03,120.625979,24.144061,3
2022,7,28,8,34,臺中市,梧棲區,0,1,0,8,1,5,50,14,8,1,5,4,5,7,4,4,4,5,4,2,17,23,3,10,1,1,C03,7,9,1,10,2,11,,23,23,1,18,8,C03,120.543554,24.245586,2
2022,7,28,8,37,臺中市,太平區,0,0,0,8,,,30,,,,,,,,,,,,,,,12,,,,,B03,,,1,,2,,,12,,1,5,,B03,120.726846,24.141244,3
2022,7,28,8,44,臺中市,沙鹿區,0,1,0,8,1,5,40,14,9,1,5,4,5,4,4,4,5,5,5,2,17,19,3,10,1,1,B03,7,1,1,8,2,1,,19,19,1,4,8,B03,120.597695,24.253362,2
2022,7,28,8,45,臺中市,西區,0,2,0,8,1,5,50,3,1,1,5,4,5,7,4,4,10,5,5,2,16,6,2,8,1,1,C03,7,5,1,10,2,11,,6,6,1,5,8,C03,120.6668,24.140119,2
2022,7,28,8,48,臺中市,西屯區,0,0,0,,,,50,,,,,,,,,,,,,,,23,,,,,B01,,,1,,1,,,23,,1,22,,B01,120.649575,24.163046,3
2022,7,28,8,55,臺中市,北屯區,0,2,0,8,1,5,50,4,2,1,5,4,5,7,2,1,1,2,5,2,13,16,2,9,1,1,C03,7,9,1,10,2,11,,16,16,1,22,8,C03,120.664044,24.185599,2
2022,7,28,8,58,臺中市,北屯區,0,1,0,8,1,5,50,4,1,1,5,4,5,7,2,1,10,5,5,2,16,26,2,7,1,1,C03,7,9,1,10,2,11,,26,26,1,21,8,C03,120.694672,24.16561,2
2022,7,28,8,59,臺中市,南屯區,0,2,0,8,1,5,40,4,18,1,5,4,5,7,1,1,5,4,4,2,9,15,2,9,1,1,C03,7,6,1,10,2,11,,15,15,1,22,8,C03,120.612978,24.13873,2
2022,7,28,9,6,臺中市,南屯區,0,0,0,8,,,50,,,,,,,,,,,,,,,23,,,,,B03,,,1,,1,,,23,,1,5,,B03,120.640915,24.143301,3
2022,7,28,9,8,臺中市,太平區,0,0,0,8,,,30,,,,,,,,,,,,,,,23,,,,,A11,,,1,,2,,,23,,1,5,,A11,120.711341,24.138932,3
2022,7,28,9,11,臺中市,太平區,0,2,0,8,1,5,50,4,1,1,5,4,5,7,1,1,10,5,5,2,16,25,2,9,1,1,C03,7,9,1,10,2,12,,25,25,1,21,8,C03,120.722033,24.149278,2
2022,7,28,9,12,臺中市,潭子區,0,0,0,8,1,5,50,14,7,1,5,4,5,7,4,4,5,5,4,2,11,26,,,,,B03,,,1,,2,,,26,,1,22,,B03,120.693788,24.21912,3
2022,7,28,9,21,臺中市,西屯區,0,0,0,8,,,40,,,,,,,,,,,,,,,12,,,,,B03,,,1,,1,,,12,,1,12,,B03,120.639042,24.182271,3
2022,7,28,9,27,臺中市,大雅區,0,2,0,8,1,5,30,4,1,1,5,4,5,7,4,4,10,5,5,2,15,14,3,10,1,1,B03,7,9,1,8,2,1,,14,14,1,22,9,B03,120.651106,24.236484,2
2022,7,28,9,28,臺中市,西屯區,0,0,0,8,,,30,,,,,,,,,,,,,,,19,,,,,B03,,,1,,2,,,19,,1,22,,B03,120.615355,24.184002,3
2022,7,28,9,32,臺中市,西區,0,0,0,8,,,50,,,,,,,,,,,,,,,23,,,,,B03,,,1,,1,,,23,,1,4,,B03,120.66166,24.149755,3
2022,7,28,9,32,臺中市,西屯區,0,0,0,8,,,80,,,,,,,,,,,,,,,23,,,,,B12,,,1,,2,,,23,,1,22,,B12,120.6586,24.200508,3
2022,7,28,9,33,臺中市,東勢區,0,1,0,8,1,5,50,14,9,1,5,4,5,7,4,4,5,5,5,1,13,16,3,10,1,4,C03,7,9,3,18,2,14,,16,16,1,22,8,C03,120.828661,24.260774,2
2022,7,28,9,38,臺中市,北屯區,0,0,0,8,,,50,,,,,,,,,,,,,,,42,,,,,B01,,,1,,2,,,42,,1,22,,B01,120.699506,24.176476,3
2022,7,28,9,38,臺中市,北屯區,0,0,0,8,,,50,,,,,,,,,,,,,,,26,,,,,B12,,,1,8,1,,,26,26,1,21,,B12,120.699208,24.175883,3
2022,7,28,9,38,臺中市,梧棲區,0,0,0,,,,60,,,,,,,,,,,,,,,42,,,,,A12,,,1,,9,,,42,,1,9,,A12,120.52737,24.230442,3
2022,7,28,9,40,臺中市,南屯區,0,1,0,8,1,5,40,4,1,1,5,4,5,7,1,1,10,5,5,2,16,25,2,8,1,1,B03,7,9,1,7,2,4,,25,25,1,5,8,B03,120.623448,24.145211,2
2022,7,28,9,48,臺中市,烏日區,0,0,0,8,,,60,,,,,,,,,,,,,,,7,,,,,A12,,,1,,2,,,7,,1,21,,A12,120.589185,24.113261,3
2022,7,28,9,49,臺中市,梧棲區,0,2,0,8,1,5,40,3,2,1,5,4,5,7,4,4,10,5,5,2,16,6,2,9,1,1,C03,7,5,1,10,2,14,,6,6,1,11,8,C03,120.532248,24.260328,2
2022,7,28,9,57,臺中市,西屯區,0,0,0,,,,40,,,,,,,,,,,,,,,16,,,,,B01,,,1,,1,,,16,16,1,22,,B01,120.647626,24.196701,3
2022,7,28,10,1,臺中市,潭子區,0,0,0,8,1,5,20,11,9,1,5,4,5,7,4,4,3,5,5,2,10,6,3,10,1,1,B03,7,6,1,8,2,8,,6,6,1,22,8,B03,120.707277,24.205706,3
2022,7,28,10,5,臺中市,沙鹿區,0,1,0,8,1,5,40,14,8,1,5,4,5,7,4,4,1,4,4,2,16,7,3,10,1,1,B03,7,8,1,8,2,5,,7,7,1,4,8,B03,120.582453,24.250133,2
2022,7,28,10,7,臺中市,太平區,0,2,0,8,1,5,50,3,9,1,5,4,5,7,1,1,5,4,5,1,10,4,2,9,1,1,F03,7,15,8,20,2,16,,4,4,1,9,8,F03,120.727329,24.134385,2
2022,7,28,10,15,臺中市,潭子區,0,0,0,8,1,5,60,14,7,1,5,4,5,7,4,4,1,4,4,1,13,23,,,,,B03,,,1,,2,,,23,,1,22,,B03,120.686863,24.208354,3
2022,7,28,10,20,臺中市,霧峰區,0,0,0,8,,,30,,,,,,,,,,,,,,,23,,,,,A05,,,1,,2,,,23,,1,10,,A05,120.655685,24.07652,3
2022,7,28,10,30,臺中市,北區,0,0,0,8,1,5,50,14,8,1,5,4,5,7,4,4,5,4,4,2,12,43,,,,,,,,,,,,,43,43,2,,,,120.674121,24.169921,3
2022,7,28,10,31,臺中市,南屯區,0,2,0,8,1,5,50,3,7,1,5,4,5,7,4,4,9,5,4,2,13,23,2,9,1,4,C03,7,9,1,10,2,11,,23,23,1,22,8,C03,120.629852,24.122129,2
2022,7,28,10,35,臺中市,大甲區,0,0,0,8,,,50,,,,,,,,,,,,,,,23,,,,,B03,,,1,,2,,,23,,1,4,,B03,120.622178,24.344676,3
2022,7,28,10,37,臺中市,東勢區,0,1,0,8,1,5,50,14,9,1,5,4,5,7,4,4,5,5,5,1,17,23,2,9,1,1,C03,7,12,1,10,2,11,,23,23,1,22,8,C03,120.839818,24.202846,2
2022,7,28,10,48,臺中市,西屯區,0,2,0,8,1,5,40,14,8,1,5,4,5,7,4,4,1,5,1,2,13,23,2,9,1,1,C03,7,9,1,10,2,11,,23,23,1,22,8,C03,120.601858,24.182375,2
2022,7,28,10,55,臺中市,潭子區,0,0,0,8,1,5,50,14,9,1,5,4,5,7,4,4,9,5,5,1,26,23,,,,,B11,,,1,,2,,,23,,1,22,,B11,120.691691,24.235033,3
2022,7,28,11,5,臺中市,大安區,0,0,0,8,,,90,,,,,,,,,,,,,,,48,,,,,B03,,,1,,2,,,48,,1,4,,B03,120.585762,24.364999,3
2022,7,28,11,12,臺中市,西屯區,0,0,0,,,,40,,,,,,,,,,,,,,,23,,,,,B03,,,1,,1,,,23,,1,22,,B03,120.625473,24.178444,3
2022,7,28,11,14,臺中市,豐原區,0,0,0,8,,,50,,,,,,,,,,,,,,,17,,,,,A04,,,1,,2,,,17,,1,22,,A04,120.720235,24.264005,3
2022,7,28,11,15,臺中市,大里區,0,2,0,8,1,5,50,5,1,1,5,4,5,7,1,1,10,5,5,2,16,25,2,9,1,1,C03,7,9,3,18,11,11,,25,25,1,22,8,C03,120.702471,24.087356,2
2022,7,28,11,15,臺中市,太平區,0,0,0,8,,,50,,,,,,,,,,,,,,,18,,,,,B03,,,1,,1,,,18,18,1,21,,B03,120.711097,24.126682,3
2022,7,28,11,16,臺中市,北屯區,0,0,0,8,,,50,,,,,,,,,,,,,,,17,,,,,B12,,,1,,1,,,17,17,1,22,,B12,120.696341,24.160636,3
2022,7,28,11,21,臺中市,南屯區,0,0,0,8,,,50,,,,,,,,,,,,,,,42,,,,,C03,,,1,,2,,,42,,1,22,,C03,120.650116,24.141504,3
2022,7,28,11,23,臺中市,西區,0,2,0,8,1,5,50,4,1,1,5,4,5,7,1,1,10,5,5,2,17,42,3,10,3,4,C03,7,6,1,10,2,12,,42,42,1,22,5,C03,120.672733,24.146967,2
2022,7,28,11,29,臺中市,豐原區,0,4,0,8,1,5,50,4,2,1,5,4,5,7,1,1,3,3,3,1,17,43,2,9,3,4,C03,7,9,1,10,2,14,,43,43,1,22,8,C03,120.729544,24.255111,2
2022,7,28,11,30,臺中市,神岡區,0,1,0,8,1,5,50,3,2,1,5,4,5,7,4,4,5,4,5,1,17,16,2,9,1,1,C03,7,9,1,10,2,11,,16,16,1,12,8,C03,120.676764,24.235835,2
2022,7,28,11,40,臺中市,中區,0,1,0,8,1,5,50,14,9,1,5,4,5,7,4,4,5,4,5,2,12,43,2,9,1,1,C03,7,9,1,10,2,12,,43,43,1,4,5,C03,120.681232,24.144032,2
2022,7,28,11,40,臺中市,西屯區,0,0,0,8,,,50,,,,,,,,,,,,,,,42,,,,,B11,,,1,,2,,,42,,1,12,,B11,120.664546,24.177391,3
2022,7,28,11,42,臺中市,北區,0,0,0,,,,50,,,,,,,,,,,,,,,23,,,,,C03,,,1,,2,,,23,,1,22,,C03,120.668164,24.154683,3
2022,7,28,11,45,臺中市,東區,0,2,0,8,1,5,50,14,9,1,5,4,5,7,4,4,5,4,5,2,16,7,2,9,1,1,C03,7,7,1,10,2,14,,7,7,1,5,8,C03,120.683641,24.133287,2
2022,7,28,11,53,臺中市,東區,0,1,0,8,1,5,50,3,1,1,5,4,5,7,4,4,10,5,5,2,16,6,3,10,1,1,B03,7,6,1,8,2,5,,6,6,1,21,8,B03,120.70721,24.136375,2
2022,7,28,11,58,臺中市,西屯區,0,0,0,8,,,50,,,,,,,,,,,,,,,17,,,,,A12,,,1,,1,,,17,,1,23,,A12,120.617947,24.18818,3
2022,7,28,11,59,臺中市,大里區,0,2,0,8,1,5,50,14,9,1,5,4,5,7,4,4,5,2,5,1,13,23,2,8,1,1,C03,7,9,1,10,2,11,,23,23,1,22,9,C03,120.702443,24.088017,2
2022,7,28,12,1,臺中市,大里區,0,0,0,8,,,50,,,,,,,,,,,,,,,12,,,,,B12,,,1,,11,,,12,,1,22,,B12,120.695944,24.09657,3
2022,7,28,12,2,臺中市,大肚區,0,1,0,8,1,5,50,11,9,1,5,4,5,7,4,4,4,5,4,1,18,23,2,9,1,1,C03,7,9,1,10,11,14,,23,23,1,18,8,C03,120.552307,24.160085,2
2022,7,28,12,13,臺中市,大雅區,0,0,0,8,,,40,,,,,,,,,,,,,,,25,,,,,C03,,,1,,2,,,25,,1,22,,C03,120.638225,24.218895,3
2022,7,28,12,13,臺中市,西屯區,0,0,0,8,,,50,,,,,,,,,,,,,,,23,,,,,B12,,,1,,1,,,23,,1,22,,B12,120.660718,24.163041,3
2022,7,28,12,15,臺中市,沙鹿區,0,0,0,8,,,50,,,,,,,,,,,,,,,18,,,,,B12,,,1,,1,,,18,,1,10,,B12,120.566169,24.243056,3
2022,7,28,12,19,臺中市,豐原區,0,1,0,8,1,5,50,4,1,1,5,4,5,7,4,4,10,5,5,2,15,6,2,9,3,4,C03,7,9,1,10,2,11,,6,6,1,22,8,C03,120.716325,24.252761,2
2022,7,28,12,20,臺中市,南區,0,0,0,8,1,5,30,14,9,1,5,4,5,7,4,4,10,5,5,2,14,12,3,10,1,1,B03,7,14,1,8,2,5,,44,12,1,21,8,B03,120.674888,24.128823,3
2022,7,28,12,21,臺中市,中區,0,0,0,8,,,50,,,,,,,,,,,,,,,6,,,,,B12,,,1,,2,,,6,,1,21,,B12,120.678207,24.145585,3
2022,7,28,12,27,臺中市,霧峰區,0,1,0,8,1,5,40,4,1,1,5,4,5,7,1,1,10,5,5,2,16,19,3,10,1,1,B02,7,1,1,8,2,2,,19,19,1,22,8,B02,120.662522,24.072078,2
2022,7,28,12,29,臺中市,北屯區,0,3,0,8,1,5,50,3,1,1,5,4,5,7,4,4,10,5,5,2,16,26,2,9,1,1,C03,7,9,1,10,2,12,,26,26,1,22,8,C03,120.681458,24.194313,2
2022,7,28,12,30,臺中市,大里區,0,2,0,8,1,5,50,14,13,1,5,4,5,7,4,4,5,2,5,1,11,26,2,9,1,1,C03,7,5,1,10,2,11,,26,26,1,19,8,C03,120.674704,24.107679,2
2022,7,28,12,31,臺中市,豐原區,0,0,0,8,,,50,,,,,,,,,,,,,,,16,,,,,B03,,,1,,2,,,16,16,1,21,,B03,120.70595,24.250033,3
2022,7,28,12,33,臺中市,南屯區,0,0,0,8,,,40,,,,,,,,,,,,,,,42,,,,,B03,,,1,,2,,,42,,1,22,,B03,120.612985,24.1397,3
2022,7,28,12,39,臺中市,潭子區,0,1,0,8,1,5,50,5,1,1,5,4,5,7,1,1,10,5,5,2,17,23,2,8,1,1,C03,7,9,1,10,2,14,,23,23,1,22,8,C03,120.673918,24.20885,2
2022,7,28,12,40,臺中市,大雅區,0,2,0,8,1,5,50,3,1,1,5,4,5,7,4,4,5,5,4,1,16,4,2,9,1,1,C03,7,9,1,10,3,12,,4,4,1,22,8,C03,120.65013,24.220764,2
2022,7,28,12,45,臺中市,西區,0,1,0,8,1,5,50,14,7,1,5,4,5,7,4,4,5,4,4,2,13,23,2,9,1,1,C03,7,9,1,10,1,11,11,23,23,1,5,8,C03,120.652887,24.147073,2
2022,7,28,12,53,臺中市,南區,0,0,0,8,,,50,,,,,,,,,,,,,,,23,,,,,B03,,,1,,2,,,23,,1,22,,B03,120.669126,24.128236,3
2022,7,28,13,2,臺中市,西屯區,0,1,0,8,1,5,40,14,8,1,5,4,5,7,4,4,5,4,4,1,16,4,2,9,3,4,C03,7,9,1,10,2,11,,4,4,1,22,8,C03,120.609461,24.192776,2
2022,7,28,13,3,臺中市,北屯區,0,0,0,8,,,50,,,,,,,,,,,,,,,42,,,,,B03,,,1,,1,,,42,,1,21,,B03,120.662012,24.185086,3
2022,7,28,13,11,臺中市,北屯區,0,2,0,8,1,5,60,3,1,1,5,4,5,7,2,1,10,5,5,2,13,26,2,9,1,1,C03,7,9,1,10,2,11,,26,26,1,22,8,C03,120.709815,24.164571,2
2022,7,28,13,12,臺中市,西屯區,0,0,0,,,,30,,,,,,,,,,,,,,,23,,,,,B03,,,1,,1,,,23,,1,22,,B03,120.657337,24.197227,3
2022,7,28,13,18,臺中市,西區,0,1,0,8,1,5,50,4,1,1,5,4,5,7,4,4,10,5,5,2,15,6,3,10,1,1,B03,7,9,1,8,2,1,,6,6,1,4,5,B03,120.673315,24.146454,2
2022,7,28,13,21,臺中市,烏日區,0,1,0,8,1,5,70,4,1,1,5,4,5,7,2,1,10,5,5,2,16,9,3,10,1,1,B03,7,6,1,7,2,2,,9,9,1,21,8,B03,120.613764,24.106747,2
2022,7,28,13,25,臺中市,西屯區,0,2,0,8,1,5,50,4,1,4,5,4,5,7,1,1,9,4,5,2,16,25,2,9,1,1,C03,7,9,1,10,2,11,,25,25,1,12,8,C03,120.643043,24.172268,2
2022,7,28,13,30,臺中市,梧棲區,0,3,0,8,1,5,50,4,1,1,5,4,5,7,1,1,10,5,5,2,15,25,2,9,1,1,C03,7,9,1,10,2,11,,25,25,1,9,8,C03,120.54062,24.249249,2
2022,7,28,13,31,臺中市,北屯區,0,0,0,8,,,80,,,,,,,,,,,,,,,7,,,,,B03,,,1,,2,,,7,,1,22,,B03,120.717551,24.157571,3
2022,7,28,13,35,臺中市,大里區,0,0,0,8,,,60,,,,,,,,,,,,,,,26,,,,,C04,,,3,,9,,,26,26,1,22,,C04,120.681082,24.104827,3
2022,7,28,13,39,臺中市,霧峰區,0,2,0,8,1,5,40,14,9,1,5,4,5,7,4,4,5,2,5,1,16,6,2,9,1,1,F01,7,5,8,20,2,16,,6,6,1,22,9,F01,120.708283,24.0768,2
2022,7,28,13,45,臺中市,西屯區,0,0,0,,,,60,,,,,,,,,,,,,,,7,,,,,B03,,,1,,1,,,7,,1,22,,B03,120.634027,24.17309,3
2022,7,28,13,50,臺中市,南屯區,0,0,0,8,,,50,,,,,,,,,,,,,,,18,,,,,B03,,,1,,2,,,18,18,1,22,,B03,120.653518,24.135595,3
2022,7,28,13,51,臺中市,豐原區,0,0,0,8,,,50,,,,,,,,,,,,,,,16,,,,,B03,,,1,,2,,,16,,1,22,,B03,120.700885,24.249211,3
2022,7,28,13,53,臺中市,西區,0,1,0,8,1,5,50,4,2,1,5,4,5,7,1,1,3,2,5,2,12,23,3,10,1,1,C03,7,9,1,10,1,12,,23,23,1,21,8,C03,120.657262,24.140026,2
2022,7,28,14,0,臺中市,西區,0,1,0,8,1,5,1,15,20,4,5,4,5,7,4,4,4,4,5,2,17,42,2,8,3,4,C03,7,9,1,10,2,11,,42,42,1,21,8,C03,120.679145,24.137335,2
2022,7,28,14,2,臺中市,大雅區,0,0,0,8,,,50,,,,,,,,,,,,,,,16,,,,,A12,,,1,,2,,,16,,1,22,,A12,120.673918,24.20885,4
2022,7,28,14,2,臺中市,西屯區,0,0,0,8,,,40,,,,,,,,,,,,,,,12,,,,,B03,,,1,,1,,,12,,1,22,,B03,120.642535,24.169375,3
2022,7,28,14,11,臺中市,北屯區,0,2,0,8,1,5,50,4,1,1,5,4,5,7,2,1,10,5,5,2,16,26,3,10,1,1,B03,7,6,1,8,2,5,,26,26,1,22,8,B03,120.717946,24.159956,2
2022,7,28,14,22,臺中市,太平區,0,0,0,8,,,30,,,,,,,,,,,,,,,12,,,,,B03,,,1,,2,,,12,,1,21,,B03,120.704739,24.115505,3
2022,7,28,14,24,臺中市,北屯區,0,1,0,8,1,5,50,4,1,1,5,4,5,7,2,1,10,5,5,2,15,25,2,9,1,1,C04,7,9,1,11,2,12,,25,25,1,19,8,C04,120.69349,24.192841,2
2022,7,28,14,24,臺中市,梧棲區,0,1,0,8,1,5,70,4,1,1,5,4,5,7,1,1,10,5,5,2,15,42,3,10,1,1,B12,7,9,1,8,2,4,,42,42,1,11,8,B12,120.542516,24.218885,2
2022,7,28,14,30,臺中市,大里區,0,0,0,8,,,50,,,,,,,,,,,,,,,7,,,,,B03,,,1,,2,,,7,,1,19,,B03,120.681337,24.103503,3
2022,7,28,14,33,臺中市,豐原區,0,0,0,8,,,50,,,,,,,,,,,,,,,12,,,,,B02,,,1,,2,,,12,,1,22,,B02,120.721988,24.249361,3
2022,7,28,14,36,臺中市,豐原區,0,0,0,,,,50,,,,,,,,,,,,,,,11,,,,,F03,,,1,,2,,,11,11,1,22,,F03,120.700194,24.249127,3