年,月,日,時,分,縣市,區,死,受傷,2-30,天候,光線,道路類別,速限,道路型態,事故位置,路面鋪裝,路面狀態,路面缺陷,障礙物,視距,號誌種類,號誌動作,分向設施,快車道或一般車道間,快慢車道間,路面邊線,事故類型及型態,主要肇因,受傷程度,主要傷處,保護裝備,行動電話,當事者區分,車輛用途,當事者行動狀態,駕駛資格情形,駕駛執照種類,飲酒情形,車輛撞擊部位最初,車輛撞擊部位其他,肇事因素個別,肇事因素主要,肇事逃逸,職業,旅次目的,車種,GPS緯度,GPS經度,事故類別
2022,7,28,14,40,臺中市,豐原區,0,0,0,8,,,60,,,,,,,,,,,,,,,16,,,,,B03,,,1,,2,,,16,,1,21,,B03,120.735541,24.246755,3
2022,7,28,14,42,臺中市,西區,0,2,0,8,1,5,30,4,1,1,5,4,5,7,4,4,10,5,5,2,15,6,2,9,3,4,C03,7,9,3,18,2,11,,6,6,1,22,5,C03,120.67364,24.150956,2
2022,7,28,14,45,臺中市,大里區,0,0,0,8,,,50,,,,,,,,,,,,,,,60,,,,,B03,,,1,,2,,,60,,1,22,,B03,120.691534,24.081957,3
2022,7,28,15,0,臺中市,南屯區,0,1,0,8,1,5,30,14,8,1,4,4,5,7,4,4,10,5,5,2,18,23,2,9,1,1,C03,7,9,1,10,2,14,,23,23,1,22,8,C03,120.593544,24.154339,2
2022,7,28,15,9,臺中市,北屯區,0,1,0,8,1,5,30,4,1,1,5,4,5,7,4,4,10,5,5,2,16,6,3,10,1,1,B03,7,5,1,8,2,5,,6,6,1,20,8,B03,120.6813,24.1888,2
2022,7,28,15,9,臺中市,太平區,0,0,0,8,,,50,,,,,,,,,,,,,,,67,,,,,,,,,,,,,67,,1,,,,120.737952,24.131807,3
2022,7,28,15,9,臺中市,豐原區,0,1,0,8,1,5,30,14,9,1,5,4,5,7,4,4,10,5,5,1,17,23,3,10,1,1,B03,7,9,1,8,2,1,,23,23,1,22,8,B03,120.742584,24.262896,2
2022,7,28,15,10,臺中市,北屯區,0,0,0,8,,,50,,,,,,,,,,,,,,,43,,,,,C02,,,1,,11,,,43,,1,21,,C02,120.711295,24.174218,3
2022,7,28,15,13,臺中市,北區,0,0,0,8,,,50,,,,,,,,,,,,,,,25,,,,,C03,,,1,,11,,,25,,1,22,,C03,120.685395,24.152786,3
2022,7,28,15,13,臺中市,烏日區,0,0,0,8,,,30,,,,,,,,,,,,,,,16,,,,,C03,,,1,,2,,,16,,1,21,,C03,120.656451,24.098266,4
2022,7,28,15,31,臺中市,太平區,0,0,0,8,,,50,,,,,,,,,,,,,,,42,,,,,A02,,,1,,2,,,42,42,1,10,,A02,120.738429,24.157105,3
2022,7,28,15,35,臺中市,霧峰區,0,0,0,8,,,50,,,,,,,,,,,,,,,26,,,,,B03,,,1,,2,,,26,,1,5,,B03,120.697831,24.063841,3
2022,7,28,15,35,臺中市,和平區,0,0,0,8,1,1,30,14,9,1,5,4,5,7,4,4,10,5,5,1,13,16,3,10,1,1,C01,7,9,1,9,2,11,,16,16,1,22,6,C01,121.314231,24.357321,3
2022,7,28,15,52,臺中市,烏日區,0,0,0,8,,,30,,,,,,,,,,,,,,,19,,,,,B11,,,1,,2,,,19,,1,21,,B11,120.624293,24.106322,3
2022,7,28,15,53,臺中市,北屯區,0,1,0,8,1,5,50,14,7,1,5,4,5,7,4,4,5,5,4,2,17,43,2,9,1,1,C03,7,9,1,10,2,15,,43,43,1,21,8,C03,120.676044,24.183953,2
2022,7,28,16,5,臺中市,霧峰區,0,1,0,8,1,5,50,3,1,1,5,4,5,7,1,1,10,5,5,2,16,25,3,10,1,1,B12,7,5,1,8,2,5,,25,25,1,12,8,B12,120.699959,24.075669,2
2022,7,28,16,7,臺中市,西屯區,0,0,0,8,,,50,,,,,,,,,,,,,,,43,,,,,B03,,,1,,1,,,43,,1,22,,B03,120.618464,24.178382,3
2022,7,28,16,18,臺中市,西區,0,2,0,8,1,5,30,4,1,1,5,4,5,7,4,4,10,5,5,2,15,6,2,9,3,4,C03,7,9,1,10,2,11,,6,6,1,22,5,C03,120.657906,24.145325,2
2022,7,28,16,20,臺中市,西屯區,0,0,0,8,,,50,,,,,,,,,,,,,,,23,,,,,B03,,,1,,2,,,23,,1,22,,B03,120.644968,24.178428,3
2022,7,28,16,21,臺中市,東區,0,0,0,8,,,50,,,,,,,,,,,,,,,23,,,,,C03,,,1,,2,,,23,,1,22,,C03,120.69441,24.1435,3
2022,7,28,16,24,臺中市,大肚區,0,0,0,,,,30,,,,,,,,,,,,,,,19,,,,,C03,,,1,,2,,,19,19,1,22,,C03,120.543703,24.168581,3
2022,7,28,16,27,臺中市,西屯區,0,1,0,8,1,5,30,4,1,1,5,4,5,7,4,4,10,5,5,2,15,6,2,9,1,1,C03,7,9,1,10,1,12,,6,6,1,22,8,C03,120.619428,24.178703,2
2022,7,28,16,34,臺中市,西區,0,1,0,8,1,5,50,4,1,1,5,4,5,7,4,4,10,5,5,2,18,42,2,9,1,1,C03,7,9,1,10,2,12,,42,42,1,4,5,C03,120.661694,24.147363,2
2022,7,28,16,38,臺中市,豐原區,0,2,0,8,1,5,50,14,8,1,5,4,5,7,4,4,5,5,4,2,17,26,2,9,1,1,C03,7,11,1,10,2,11,,26,26,1,20,8,C03,120.719659,24.251508,2
2022,7,28,16,45,臺中市,石岡區,0,0,0,8,,,50,,,,,,,,,,,,,,,23,,,,,B03,,,1,,2,,,23,,1,22,,B03,120.817225,24.26026,3
2022,7,28,17,0,臺中市,西屯區,0,0,0,8,,,50,,,,,,,,,,,,,,,16,,,,,B12,,,1,,1,,,16,,1,21,,B12,120.648605,24.16538,3
2022,7,28,17,0,臺中市,梧棲區,0,1,0,8,1,5,40,4,1,1,5,4,5,7,1,1,10,5,5,1,16,6,3,10,3,4,B03,7,5,1,8,2,2,,6,6,1,22,8,B03,120.518087,24.238757,2
2022,7,28,17,3,臺中市,清水區,0,0,0,8,,,50,,,,,,,,,,,,,,,7,,,,,B03,,,1,,1,,,7,,1,21,,B03,120.574525,24.267331,3
2022,7,28,17,7,臺中市,大甲區,0,0,0,8,,,30,,,,,,,,,,,,,,,23,,,,,B03,,,1,,2,,,23,,1,21,,B03,120.637546,24.41152,3
2022,7,28,17,10,臺中市,南屯區,0,2,0,8,1,5,40,3,1,1,5,4,5,7,1,1,5,5,4,2,17,44,2,9,2,1,C03,7,8,1,10,2,12,,7,44,1,22,8,C03,120.615636,24.149845,2
2022,7,28,17,15,臺中市,東區,0,0,0,8,,,50,,,,,,,,,,,,,,,23,,,,,C03,,,1,,2,,,23,,1,22,,C03,120.706117,24.12978,3
2022,7,28,17,20,臺中市,西區,0,0,0,8,,,50,,,,,,,,,,,,,,,16,,,,,C03,,,1,,1,,,16,,1,21,,C03,120.661674,24.146689,3
2022,7,28,17,22,臺中市,太平區,0,0,0,8,,,50,,,,,,,,,,,,,,,19,,,,,C03,,,1,,2,,,19,,1,4,,C03,120.716469,24.103038,3
2022,7,28,17,23,臺中市,大肚區,0,1,0,8,1,5,30,14,9,1,5,4,5,7,4,4,10,5,5,2,10,5,2,9,1,1,C03,7,9,1,10,2,11,,5,5,1,21,8,C03,120.538583,24.165413,2
2022,7,28,17,24,臺中市,西區,0,2,0,8,1,5,50,4,1,1,5,4,5,7,1,1,10,5,5,2,15,25,2,9,1,1,C03,7,9,1,10,2,12,,25,25,1,22,9,C03,120.666736,24.141067,2
2022,7,28,17,24,臺中市,梧棲區,0,0,0,8,,,40,,,,,,,,,,,,,,,25,,,,,C03,,,1,,1,,,25,,1,9,,C03,120.520105,24.224581,3
2022,7,28,17,25,臺中市,太平區,0,0,0,8,,,50,,,,,,,,,,,,,,,3,,,,,B03,,,1,,2,,,3,,1,21,,B03,120.719885,24.121204,3
2022,7,28,17,30,臺中市,大甲區,0,1,0,8,1,5,60,3,9,1,5,4,5,7,4,4,10,5,5,2,16,9,3,10,1,1,B02,7,6,1,8,2,2,,9,9,1,21,8,B02,120.614481,24.351483,2
2022,7,28,17,35,臺中市,西區,0,0,0,8,,,50,,,,,,,,,,,,,,,23,,,,,B03,,,1,,1,,,23,,1,22,,B03,120.668806,24.143157,3
2022,7,28,17,35,臺中市,北屯區,0,1,0,8,1,5,50,4,1,1,5,4,5,7,1,1,10,5,5,2,16,6,3,10,1,1,C03,7,5,1,10,2,12,,6,6,1,21,8,C03,120.692405,24.164935,2
2022,7,28,17,35,臺中市,霧峰區,0,0,0,8,,,80,,,,,,,,,,,,,,,23,,,,,B12,,,1,,2,,,23,,1,9,,B12,120.685035,24.075322,3
2022,7,28,17,35,臺中市,龍井區,0,0,0,8,,,50,,,,,,,,,,,,,,,23,,,,,C03,,,1,,2,,,23,,1,9,,C03,120.530228,24.183974,3
2022,7,28,17,36,臺中市,南區,0,1,0,8,1,5,50,4,1,1,5,4,5,7,1,1,10,5,5,2,16,9,3,10,1,1,B12,7,6,1,4,2,2,,9,9,1,10,8,B12,120.657348,24.13381,2
2022,7,28,17,37,臺中市,潭子區,0,0,0,8,,,30,,,,,,,,,,,,,,,12,,,,,B12,,,1,,2,,,12,,1,22,,B12,120.688444,24.209604,3
2022,7,28,17,43,臺中市,北區,0,1,0,8,1,5,50,4,2,1,5,4,5,7,1,1,1,5,5,2,16,7,3,10,1,1,B03,7,10,1,8,2,8,,7,7,1,22,9,B03,120.686725,24.165283,2
2022,7,28,17,44,臺中市,北屯區,0,0,0,8,,,50,,,,,,,,,,,,,,,23,,,,,B03,,,1,,1,,,23,,1,21,,B03,120.671618,24.173958,3
2022,7,28,17,49,臺中市,西屯區,0,1,0,8,1,5,50,3,1,1,5,4,5,7,1,1,10,5,5,2,13,16,3,10,1,1,B03,7,9,1,8,2,1,,16,16,1,22,8,B03,120.665777,24.175484,2
2022,7,28,17,50,臺中市,北屯區,0,1,0,8,1,5,50,14,9,1,5,4,5,7,4,4,5,4,5,1,16,23,2,9,1,1,C03,7,9,1,10,2,11,14,23,23,1,21,8,C03,120.69328,24.164904,2
2022,7,28,17,58,臺中市,南區,0,1,0,8,1,5,40,3,2,1,5,4,5,7,4,4,5,5,4,2,16,8,3,10,1,1,C03,7,5,1,10,2,12,,8,8,1,9,8,C03,120.655188,24.113586,2
2022,7,28,17,58,臺中市,西屯區,0,0,0,8,,,50,,,,,,,,,,,,,,,6,,,,,B03,,,1,,11,,,6,,1,22,,B03,120.643572,24.171767,3
2022,7,28,17,59,臺中市,北屯區,0,0,0,8,,,80,,,,,,,,,,,,,,,23,,,,,B02,,,1,,1,,,23,23,1,19,,B02,120.720601,24.16631,3
2022,7,28,18,1,臺中市,西屯區,0,1,0,8,1,5,40,4,8,1,5,4,5,7,4,4,5,5,4,2,8,23,3,10,3,4,B03,7,9,1,8,1,5,,23,23,1,22,8,B03,120.637631,24.179756,2
2022,7,28,18,4,臺中市,大雅區,0,0,0,8,,,30,,,,,,,,,,,,,,,5,,,,,A12,,,1,,1,,,5,,1,22,,A12,120.651958,24.209794,3
2022,7,28,18,4,臺中市,北區,0,0,0,8,,,50,,,,,,,,,,,,,,,43,,,,,,,,,,,,,43,,1,,,,120.686686,24.147881,3
2022,7,28,18,6,臺中市,南區,0,1,0,8,3,5,50,5,1,1,5,4,5,7,1,1,9,4,5,2,12,23,2,9,1,1,C03,7,5,1,10,2,12,,23,23,1,4,1,C03,120.661476,24.121735,2
2022,7,28,18,6,臺中市,西屯區,0,1,0,8,1,5,30,14,9,1,5,4,5,7,4,4,9,5,5,2,12,16,3,10,1,1,B12,7,9,1,8,2,1,,16,16,1,10,8,B12,120.655842,24.201649,2
2022,7,28,18,7,臺中市,西屯區,0,0,0,8,,,50,,,,,,,,,,,,,,,23,,,,,B12,,,1,,1,,,23,,1,22,,B12,120.62115,24.175913,3
2022,7,28,18,9,臺中市,南區,0,1,0,8,1,5,50,3,1,1,5,4,5,7,4,4,10,5,5,2,16,6,2,9,1,1,C03,7,9,1,10,2,14,,6,6,1,22,8,C03,120.66658,24.127812,2
2022,7,28,18,10,臺中市,大里區,0,1,0,8,1,5,60,4,2,1,5,4,5,7,1,1,1,5,5,1,13,23,3,10,1,1,B12,7,6,1,8,2,8,,23,23,1,5,8,B12,120.685735,24.103211,2
2022,7,28,18,11,臺中市,豐原區,0,2,0,8,1,5,50,4,2,1,5,4,5,7,3,1,3,3,3,1,17,6,2,8,3,4,C03,7,9,1,10,2,14,,6,6,1,22,8,C03,120.709266,24.251277,2
2022,7,28,18,13,臺中市,大里區,0,1,0,8,1,5,50,14,7,1,5,4,5,7,4,4,5,5,4,1,12,23,2,9,1,1,C03,7,9,1,10,2,11,,23,23,1,5,8,C03,120.690838,24.11383,2
2022,7,28,18,15,臺中市,大里區,0,1,0,8,2,5,30,3,1,1,5,4,5,7,4,4,10,5,5,2,16,6,3,10,1,1,B03,7,6,1,8,2,8,,6,6,1,5,9,B03,120.678266,24.095416,2
2022,7,28,18,16,臺中市,豐原區,0,1,0,8,1,5,40,14,9,1,5,4,5,7,4,4,10,5,5,1,17,43,3,10,1,1,B03,7,9,1,8,1,4,,43,43,1,22,8,B03,120.70111,24.225583,2
2022,7,28,18,17,臺中市,大雅區,0,1,0,8,2,5,50,5,1,1,5,4,5,7,1,1,5,4,4,1,12,23,2,9,1,1,C03,7,9,1,10,2,11,,23,23,1,22,9,C03,120.667663,24.215809,2
2022,7,28,18,20,臺中市,大里區,0,0,0,8,,,50,,,,,,,,,,,,,,,26,,,,,B03,,,1,,2,,,26,26,1,22,,B03,120.696706,24.111166,3
2022,7,28,18,22,臺中市,西屯區,0,2,0,8,3,5,50,14,9,1,5,4,5,7,4,4,1,5,5,2,13,16,2,9,1,1,C03,7,9,1,10,2,11,,16,16,1,22,8,C03,120.653131,24.166724,2
2022,7,28,18,25,臺中市,大雅區,0,0,0,8,,,50,,,,,,,,,,,,,,,16,,,,,C03,,,1,,2,,,16,,1,22,,C03,120.656432,24.220792,3
2022,7,28,18,31,臺中市,西屯區,0,2,0,8,1,5,50,4,1,1,5,4,5,7,1,1,10,5,5,2,16,25,3,10,3,4,B03,7,9,1,10,2,5,,25,25,1,22,8,B03,120.643165,24.19609,2
2022,7,28,18,33,臺中市,南區,0,0,0,8,3,5,50,14,9,1,5,4,5,7,4,4,1,4,5,2,13,16,3,10,1,1,B03,7,9,1,8,1,1,,16,16,1,5,8,B03,120.6702,24.118393,3
2022,7,28,18,33,臺中市,南屯區,0,1,0,8,1,5,50,3,2,1,5,4,5,7,1,1,5,2,5,2,18,42,2,9,1,1,C03,7,14,1,10,2,14,,42,42,1,22,8,C03,120.614025,24.139097,2
2022,7,28,18,36,臺中市,西屯區,0,0,0,8,,,50,,,,,,,,,,,,,,,16,,,,,C03,,,1,,1,,,16,,1,21,,C03,120.6236,24.193611,3
2022,7,28,18,40,臺中市,西屯區,0,0,0,8,,,60,,,,,,,,,,,,,,,16,,,,,B03,,,1,,1,,,16,,1,22,,B03,120.648405,24.163363,3
2022,7,28,18,43,臺中市,豐原區,0,2,0,8,2,5,50,5,2,1,5,4,5,7,1,1,8,3,4,1,17,23,2,8,3,4,C03,7,9,1,10,2,11,,23,23,1,22,8,C03,120.707061,24.243863,2
2022,7,28,18,48,臺中市,豐原區,0,1,0,8,1,5,50,5,1,1,5,4,5,7,1,1,10,5,5,2,17,23,3,10,1,1,B03,7,5,1,8,2,8,,23,23,1,22,8,B03,120.714637,24.257454,2
2022,7,28,18,55,臺中市,梧棲區,0,3,0,8,1,5,50,3,1,1,5,4,5,7,4,4,10,5,5,2,16,6,2,9,3,4,C03,7,5,3,18,2,11,,6,6,1,22,8,C03,120.542622,24.245934,2
2022,7,28,18,55,臺中市,沙鹿區,0,1,0,8,3,5,50,4,1,1,5,4,5,7,2,1,10,5,5,2,16,25,2,9,1,1,C03,7,9,1,10,2,11,,25,25,1,3,5,C03,120.560836,24.241137,2
2022,7,28,19,0,臺中市,外埔區,0,0,0,8,,,50,,,,,,,,,,,,,,,23,,,,,A02,,,1,,1,,,23,23,1,10,,A02,120.655809,24.332343,3
2022,7,28,19,1,臺中市,西屯區,0,0,0,8,,,40,,,,,,,,,,,,,,,12,,,,,B03,,,1,,1,,,12,,1,22,,B03,120.660241,24.162162,3
2022,7,28,19,7,臺中市,西屯區,0,1,0,8,3,5,50,5,1,1,5,4,5,7,1,1,10,5,5,2,16,6,3,10,1,1,C03,7,5,1,10,2,12,,6,6,1,22,8,C03,120.637263,24.181404,2
2022,7,28,19,7,臺中市,西屯區,0,1,0,8,3,5,50,4,1,1,5,4,5,7,1,1,9,4,5,2,12,23,3,10,1,1,B03,7,9,1,8,2,1,,23,23,1,12,8,B03,120.620113,24.18719,2
2022,7,28,19,11,臺中市,北屯區,0,0,0,8,,,30,,,,,,,,,,,,,,,17,,,,,B01,,,1,,1,,,17,17,1,5,,B01,120.673391,24.182083,3
2022,7,28,19,16,臺中市,西屯區,0,0,0,8,,,50,,,,,,,,,,,,,,,23,,,,,C03,,,1,,11,,,23,,1,22,,C03,120.645018,24.178822,3
2022,7,28,19,20,臺中市,北屯區,0,0,0,8,,,50,,,,,,,,,,,,,,,43,,,,,,,,,,,,,43,,1,,,,120.700428,24.16159,3
2022,7,28,19,23,臺中市,北屯區,0,0,0,8,,,50,,,,,,,,,,,,,,,16,,,,,B03,,,1,,1,,,16,,1,4,,B03,120.6667,24.1805,3
2022,7,28,19,23,臺中市,西屯區,0,1,0,8,3,5,50,4,1,1,5,4,5,7,1,1,10,5,5,2,16,6,3,10,3,4,C03,7,6,1,10,2,12,,6,6,1,22,8,C03,120.637816,24.166604,2
2022,7,28,19,37,臺中市,中區,0,0,0,8,,,50,,,,,,,,,,,,,,,7,,,,,C04,,,1,,1,,,7,,1,21,,C04,120.678027,24.141015,3
2022,7,28,19,50,臺中市,東區,0,1,0,8,3,5,50,5,1,1,5,4,5,7,1,1,9,4,4,2,16,25,3,10,1,1,B03,7,5,1,8,2,2,,25,25,1,5,1,B03,120.710121,24.140753,2
2022,7,28,19,54,臺中市,東區,0,0,0,8,,,50,,,,,,,,,,,,,,,43,,,,,B03,,,1,,11,,,43,,1,4,,B03,120.68923,24.141086,3
2022,7,28,20,0,臺中市,梧棲區,0,0,0,8,,,50,,,,,,,,,,,,,,,23,,,,,B03,,,1,,1,,,23,,1,9,,B03,120.526839,24.222391,3
2022,7,28,20,8,臺中市,清水區,0,0,0,8,,,50,,,,,,,,,,,,,,,7,,,,,B03,,,1,,2,,,7,,1,21,,B03,120.558483,24.273392,3
2022,7,28,20,8,臺中市,豐原區,0,1,0,8,3,5,50,14,9,1,5,4,5,7,4,4,5,5,5,2,17,19,2,9,1,1,C03,7,1,1,10,2,12,,19,19,1,22,8,C03,120.718831,24.250911,2
2022,7,28,20,14,臺中市,西屯區,0,0,0,8,,,50,,,,,,,,,,,,,,,23,,,,,B03,,,1,,1,,,23,,1,22,,B03,120.646886,24.169616,3
2022,7,28,20,23,臺中市,西屯區,0,1,0,8,3,5,50,14,9,1,5,4,5,7,4,4,5,5,5,2,11,26,3,10,1,1,B03,7,7,1,8,2,8,,26,26,1,21,8,B03,120.658838,24.163216,2
2022,7,28,20,26,臺中市,神岡區,0,1,0,8,3,5,30,13,9,1,5,4,5,7,4,4,10,5,5,2,29,23,2,9,3,4,C03,7,9,1,10,2,11,,23,23,1,22,9,C03,120.650705,24.261725,2
2022,7,28,20,29,臺中市,西屯區,0,3,0,8,3,5,50,14,9,1,5,4,5,7,1,1,10,5,5,2,16,7,2,9,1,1,C03,7,7,2,18,2,13,,7,7,1,22,8,C03,120.598159,24.162982,2
2022,7,28,20,30,臺中市,東勢區,0,0,0,8,,,30,,,,,,,,,,,,,,,12,,,,,B12,,,1,,2,,,12,,1,21,,B12,120.828118,24.25216,3
2022,7,28,20,40,臺中市,北屯區,0,0,0,8,,,50,,,,,,,,,,,,,,,25,,,,,B12,,,1,,1,,,25,,1,9,,B12,120.665339,24.20081,3
2022,7,28,20,44,臺中市,潭子區,0,2,0,8,3,5,50,14,7,1,5,4,5,7,4,4,4,4,5,1,24,23,2,9,1,1,C03,7,9,1,10,2,11,,23,23,1,22,8,C03,120.722163,24.209767,2
2022,7,28,20,44,臺中市,西屯區,0,1,0,8,3,5,50,4,1,1,5,4,5,7,2,1,1,5,5,2,16,6,3,10,1,1,B03,7,5,1,8,2,1,,6,6,1,22,8,B03,120.639084,24.164989,2
2022,7,28,20,53,臺中市,西屯區,0,1,0,8,1,5,50,4,2,1,5,4,5,7,2,1,1,3,4,1,17,10,3,10,1,1,C03,7,11,1,10,2,13,,10,10,1,22,8,C03,120.639625,24.165004,2
2022,7,28,20,59,臺中市,南屯區,0,0,0,,,,50,,,,,,,,,,,,,,,23,,,,,B03,,,1,,1,,,23,,1,22,,B03,120.623511,24.1451,3
2022,7,28,21,7,臺中市,大甲區,0,0,0,8,,,50,,,,,,,,,,,,,,,18,,,,,B03,,,1,,1,,,18,,1,4,,B03,120.62064,24.350589,3
2022,7,28,21,11,臺中市,北屯區,0,0,0,8,,,50,,,,,,,,,,,,,,,1,,,,,B03,,,1,,2,,,1,1,1,5,,B03,120.733708,24.176932,3
2022,7,28,21,22,臺中市,北屯區,0,0,0,6,,,50,,,,,,,,,,,,,,,23,,,,,B03,,9,1,8,1,1,,23,23,1,21,8,B03,120.694945,24.171281,3
2022,7,28,21,29,臺中市,北屯區,0,1,0,8,3,5,50,16,9,1,5,4,5,7,4,4,10,5,5,2,16,6,3,10,1,1,B03,7,9,1,8,2,4,,6,6,1,4,8,B03,120.7398,24.179,2
2022,7,28,21,39,臺中市,大里區,0,0,0,8,,,40,,,,,,,,,,,,,,,23,,,,,B03,,,1,,2,,,23,,1,5,,B03,120.664193,24.086375,3
2022,7,28,21,59,臺中市,北屯區,0,0,0,8,,,40,,,,,,,,,,,,,,,23,,,,,B02,,,1,,1,,,23,,1,21,,B02,120.718705,24.163336,3
2022,7,28,22,1,臺中市,北區,0,2,0,7,3,5,50,14,8,1,5,4,5,7,4,4,1,4,4,2,16,7,3,10,1,1,B03,7,8,1,8,2,5,,7,7,1,5,8,B03,120.674976,24.161161,2
2022,7,28,22,18,臺中市,西屯區,0,2,0,8,3,5,50,14,9,1,5,4,5,7,4,4,1,4,5,2,13,16,3,10,1,1,C03,7,9,1,10,2,11,13,16,16,1,22,8,C03,120.653465,24.167078,2
2022,7,28,22,34,臺中市,太平區,0,1,0,8,3,5,50,3,13,1,5,4,5,7,4,4,5,4,5,1,17,40,3,10,1,1,B12,7,15,1,8,2,4,,40,40,1,21,8,B12,120.715838,24.127522,2
2022,7,28,22,35,臺中市,大雅區,0,0,0,8,,,30,,,,,,,,,,,,,,,43,,,,,B03,,,6,,11,,,43,,1,22,,B03,120.670429,24.230783,3
2022,7,28,23,24,臺中市,沙鹿區,0,1,0,8,3,5,50,4,1,1,5,4,5,7,4,4,10,5,5,2,16,10,2,9,1,1,C01,7,9,1,9,2,12,,23,10,1,23,8,C01,120.561464,24.24305,2
2022,7,28,23,37,臺中市,西區,0,1,0,8,3,5,50,4,1,1,5,4,5,7,2,1,10,5,5,2,16,26,3,10,1,1,B03,7,9,1,8,2,2,,26,26,1,22,8,B03,120.675939,24.133101,2
2022,7,28,23,40,臺中市,東區,0,1,0,8,3,5,50,4,1,1,5,4,5,7,3,1,10,5,5,2,15,6,2,9,1,1,C03,7,9,1,10,2,12,,6,6,1,22,8,C03,120.704536,24.134056,2
2022,7,29,0,2,臺中市,豐原區,0,1,0,8,3,5,50,14,7,1,5,4,5,7,4,4,4,4,4,2,17,10,3,10,1,1,B03,7,11,1,8,2,3,,10,10,1,4,8,B03,120.708352,24.246105,2
2022,7,29,4,3,臺中市,西屯區,0,0,0,8,,,40,,,,,,,,,,,,,,,25,,,,,B03,,,1,,1,,,25,,1,21,,B03,120.65764,24.158316,3
2022,7,29,4,11,臺中市,東區,0,1,0,8,3,5,40,5,1,1,5,4,5,7,2,1,10,5,5,2,13,43,2,8,3,4,C03,7,9,1,10,2,15,,43,43,1,5,8,C03,120.719635,24.131416,2
2022,7,29,4,48,臺中市,西屯區,0,0,0,8,,,50,,,,,,,,,,,,,,,23,,,,,B03,,,1,,2,,,23,,1,21,,B03,120.621699,24.190835,3
2022,7,29,5,0,臺中市,北區,0,1,0,8,1,5,40,4,1,1,5,4,5,7,1,1,10,5,5,2,29,23,2,9,3,4,C03,7,9,1,10,11,14,,23,23,1,5,8,C03,120.670529,24.162837,2
2022,7,29,5,50,臺中市,西屯區,0,1,0,8,1,5,50,3,1,1,5,4,5,7,1,1,10,5,5,2,17,23,2,9,1,1,C03,7,9,1,10,2,11,,23,23,1,21,8,C03,120.661473,24.176368,2
2022,7,29,5,55,臺中市,梧棲區,0,0,0,7,3,5,40,14,13,1,5,4,5,7,4,4,1,4,4,1,13,23,3,10,1,1,B03,7,9,1,8,2,5,,23,23,1,5,8,B03,120.550307,24.252663,3
2022,7,29,6,36,臺中市,北屯區,0,1,0,8,1,5,50,14,9,1,5,4,5,7,4,4,5,5,5,2,16,23,2,9,1,1,C03,7,9,1,10,8,11,,23,23,1,21,8,C03,120.668853,24.181981,2
2022,7,29,6,52,臺中市,北屯區,0,1,0,8,1,5,50,4,1,1,5,4,5,7,1,1,10,5,5,2,15,25,2,9,1,1,C03,7,9,1,10,2,11,,25,25,1,21,1,C03,120.683686,24.176072,2
2022,7,29,7,0,臺中市,梧棲區,0,0,0,8,,,50,,,,,,,,,,,,,,,6,,,,,B12,,,1,,2,,,6,,1,11,,B12,120.533575,24.254237,3
2022,7,29,7,17,臺中市,潭子區,0,1,0,8,1,5,30,14,9,1,5,4,5,7,4,4,10,5,5,1,12,7,3,10,1,1,B03,7,8,1,8,2,2,,7,7,1,22,9,B03,120.713762,24.197374,2
2022,7,29,7,22,臺中市,西屯區,0,1,0,8,1,5,50,3,1,1,5,4,5,7,3,1,10,5,5,2,16,6,3,10,1,1,B03,7,6,1,8,2,5,,6,6,1,22,8,B03,120.617926,24.173971,2
2022,7,29,7,25,臺中市,大里區,0,1,0,8,1,5,40,14,8,1,5,4,5,7,4,4,1,5,1,1,18,23,2,9,1,1,C03,7,9,1,10,2,14,,23,23,1,21,8,C03,120.670069,24.084338,2
2022,7,29,7,25,臺中市,清水區,0,1,0,8,1,5,40,5,1,1,5,4,5,7,1,1,10,5,5,2,16,6,2,9,1,1,C03,7,6,1,10,2,11,,6,6,1,21,8,C03,120.575202,24.278148,2
2022,7,29,7,25,臺中市,新社區,0,0,0,8,,,50,,,,,,,,,,,,,,,23,,,,,B03,,,1,,2,,,44,23,1,22,,B03,120.809045,24.250223,3
2022,7,29,7,26,臺中市,大雅區,0,1,0,8,1,5,50,14,9,1,5,4,5,7,4,4,5,4,5,1,16,42,2,9,1,1,C03,7,9,1,10,2,14,,42,42,1,22,9,C03,120.657038,24.230526,2
2022,7,29,7,26,臺中市,烏日區,0,3,0,8,1,5,40,14,8,1,5,4,5,7,4,4,1,5,5,2,13,23,2,7,1,1,C03,7,12,1,10,2,13,,23,23,1,21,8,C03,120.644676,24.112829,2
2022,7,29,7,28,臺中市,東區,0,1,0,8,1,5,50,5,1,1,5,4,5,7,2,1,3,4,5,2,17,42,2,9,1,1,C02,7,9,1,10,2,12,,42,42,1,21,8,C02,120.69451,24.142756,2