年,月,日,時,分,縣市,區,死,受傷,2-30,天候,光線,道路類別,速限,道路型態,事故位置,路面鋪裝,路面狀態,路面缺陷,障礙物,視距,號誌種類,號誌動作,分向設施,快車道或一般車道間,快慢車道間,路面邊線,事故類型及型態,主要肇因,受傷程度,主要傷處,保護裝備,行動電話,當事者區分,車輛用途,當事者行動狀態,駕駛資格情形,駕駛執照種類,飲酒情形,車輛撞擊部位最初,車輛撞擊部位其他,肇事因素個別,肇事因素主要,肇事逃逸,職業,旅次目的,車種,GPS緯度,GPS經度,事故類別
2022,7,29,7,29,臺中市,豐原區,0,0,0,8,,,50,,,,,,,,,,,,,,,6,,,,,B03,,,1,,2,,,6,,1,22,,B03,120.756068,24.274994,3
2022,7,29,7,33,臺中市,北區,0,1,0,8,1,5,40,14,9,1,5,4,5,7,4,4,10,5,5,2,17,42,2,9,1,1,C03,7,1,3,18,11,11,,42,42,1,22,9,C03,120.681724,24.144869,2
2022,7,29,7,34,臺中市,東區,0,0,0,,,,50,,,,,,,,,,,,,,,16,,,,,C03,,,1,,2,,,16,,1,5,,C03,120.700142,24.138887,3
2022,7,29,7,36,臺中市,神岡區,0,1,0,8,1,5,50,14,7,1,5,4,5,7,4,4,5,5,4,2,14,12,3,10,1,1,B03,7,2,1,8,2,7,,12,12,1,22,9,B03,120.697443,24.265061,2
2022,7,29,7,39,臺中市,大雅區,0,0,0,8,,,50,,,,,,,,,,,,,,,42,,,,,C03,,,1,,2,,,42,,1,22,,C03,120.655104,24.228293,3
2022,7,29,7,39,臺中市,南區,0,1,0,8,1,5,50,4,1,1,5,4,5,7,4,4,10,5,5,2,15,6,2,9,1,1,C03,7,9,1,10,1,12,,6,6,1,22,8,C03,120.664069,24.123158,2
2022,7,29,7,40,臺中市,潭子區,0,0,0,8,,,60,,,,,,,,,,,,,,,23,,,,,B02,,,1,,2,,,23,,1,22,,B02,120.70511,24.206427,3
2022,7,29,7,44,臺中市,西屯區,0,0,0,8,,,50,,,,,,,,,,,,,,,12,,,,,B03,,,1,,1,,,12,,1,22,,B03,120.6231,24.184856,3
2022,7,29,7,45,臺中市,大雅區,0,1,0,8,1,5,50,5,1,1,5,4,5,7,1,1,3,4,4,1,16,6,3,10,1,1,B03,7,5,1,8,2,2,,6,6,1,22,9,B03,120.667669,24.21579,2
2022,7,29,7,45,臺中市,潭子區,0,2,0,8,1,5,60,3,2,1,5,4,5,7,1,1,1,4,4,1,13,16,2,9,1,1,C03,7,9,1,9,2,11,,16,16,1,20,9,C03,120.702446,24.192065,2
2022,7,29,7,46,臺中市,潭子區,0,2,0,8,1,5,50,3,1,1,5,4,5,7,1,1,5,5,5,1,13,23,2,9,1,1,C03,7,9,1,10,2,11,,23,23,2,22,9,C03,120.714485,24.204985,2
2022,7,29,7,50,臺中市,潭子區,0,1,0,8,1,5,50,3,2,1,5,4,5,7,4,4,5,4,5,2,16,7,3,10,1,1,B03,7,7,1,7,2,8,,7,7,1,22,9,B03,120.705933,24.201525,2
2022,7,29,7,50,臺中市,北區,0,2,0,8,1,5,50,4,1,1,5,4,5,7,3,1,10,5,5,2,15,6,2,7,1,1,C03,7,9,1,10,2,14,,6,6,1,21,1,C03,120.679955,24.158179,2
2022,7,29,7,50,臺中市,北屯區,0,0,0,8,,,50,,,,,,,,,,,,,,,16,,,,,B12,,,1,,1,,,16,,1,21,,B12,120.744085,24.185753,3
2022,7,29,7,50,臺中市,豐原區,0,1,0,8,1,5,50,14,9,1,5,4,5,7,1,1,5,5,5,2,18,42,2,9,1,1,C03,7,9,1,10,2,12,,42,42,1,9,8,C03,120.719916,24.261327,2
2022,7,29,7,57,臺中市,大雅區,0,0,0,8,,,30,,,,,,,,,,,,,,,23,,,,,B03,,,1,,2,,,23,,1,22,,B03,120.638051,24.224096,3
2022,7,29,7,57,臺中市,大里區,0,2,0,8,1,5,50,3,1,1,5,4,5,7,4,4,5,2,5,2,16,6,2,8,1,1,C03,7,9,1,10,2,13,,6,6,1,22,9,C03,120.699223,24.08637,2
2022,7,29,8,1,臺中市,潭子區,0,0,0,8,1,5,50,14,7,1,5,4,1,7,4,4,1,4,4,1,12,7,,,,,A12,,,1,,2,,,7,,1,22,,A12,120.679928,24.215892,3
2022,7,29,8,8,臺中市,南區,0,0,0,8,,,50,,,,,,,,,,,,,,,12,,,,,C03,,,1,,9,,,12,,1,22,,C03,120.673088,24.130291,3
2022,7,29,8,10,臺中市,北屯區,0,0,0,8,,,30,,,,,,,,,,,,,,,23,,,,,B12,,,1,,1,,,23,,1,10,,B12,120.698259,24.168396,3
2022,7,29,8,11,臺中市,霧峰區,0,2,0,8,1,5,50,5,1,1,5,4,5,7,1,1,10,5,5,2,16,4,2,9,1,1,C03,7,9,1,10,2,11,,4,4,1,22,8,C03,120.675686,24.049184,2
2022,7,29,8,19,臺中市,大里區,0,2,0,8,1,5,50,11,9,1,5,4,5,7,4,4,5,4,5,1,16,23,2,9,1,1,C03,7,3,1,10,2,14,,23,23,1,22,9,C03,120.688209,24.120619,2
2022,7,29,8,20,臺中市,西屯區,0,1,0,8,1,5,50,14,9,1,5,4,5,7,4,4,9,4,5,2,11,6,3,10,1,1,B03,7,5,1,8,2,1,,6,6,1,22,8,B03,120.610078,24.200183,2
2022,7,29,8,20,臺中市,龍井區,0,1,0,8,1,5,50,4,1,1,5,4,5,7,2,1,10,5,5,2,17,23,3,10,3,4,C03,7,9,1,10,2,11,,23,23,1,22,9,C03,120.581861,24.175998,2
2022,7,29,8,33,臺中市,大里區,0,0,0,8,,,30,,,,,,,,,,,,,,,42,,,,,B03,,,1,,2,,,42,,1,21,,B03,120.691286,24.113465,3
2022,7,29,8,38,臺中市,北屯區,0,1,0,8,1,5,50,5,1,1,5,4,5,7,2,1,10,5,5,2,12,7,3,10,1,1,B03,7,8,1,8,2,2,,7,7,1,22,8,B03,120.69068,24.172411,2
2022,7,29,8,44,臺中市,神岡區,0,0,0,8,,,40,,,,,,,,,,,,,,,16,,,,,A12,,,1,,2,,,16,,1,22,,A12,120.694445,24.248708,4
2022,7,29,8,49,臺中市,梧棲區,0,0,0,8,,,50,,,,,,,,,,,,,,,17,,,,,A41,,,1,,2,,,17,17,1,10,,A41,120.523194,24.223911,3
2022,7,29,9,0,臺中市,烏日區,0,1,0,8,1,5,50,3,1,1,5,4,5,7,4,4,5,4,4,1,16,6,3,10,1,1,B12,7,5,1,8,2,6,,6,6,1,21,8,B12,120.630296,24.100396,2
2022,7,29,9,2,臺中市,北屯區,0,2,0,8,1,5,40,4,1,1,5,4,5,7,2,1,10,5,5,2,16,8,2,9,1,1,C03,7,5,1,10,2,14,,8,8,1,22,8,C03,120.67611,24.195362,2
2022,7,29,9,7,臺中市,烏日區,0,1,0,8,1,5,50,14,7,1,5,4,5,7,4,4,5,4,4,1,18,23,2,8,1,1,C03,7,9,1,10,2,12,,23,42,1,21,8,C03,120.62023,24.106524,2
2022,7,29,9,11,臺中市,太平區,0,0,0,8,,,50,,,,,,,,,,,,,,,12,,,,,A12,,,1,,2,,,12,,1,21,,A12,120.700796,24.14587,3
2022,7,29,9,20,臺中市,西區,0,0,0,8,,,50,,,,,,,,,,,,,,,43,,,,,,,,,,,,,43,,1,,,,120.662901,24.152548,3
2022,7,29,9,30,臺中市,梧棲區,0,2,0,8,1,5,70,3,2,1,5,4,5,7,1,1,1,4,3,1,13,45,3,10,1,1,A11,7,9,1,3,2,5,,45,45,1,9,8,A11,120.556674,24.242654,2
2022,7,29,9,38,臺中市,西區,0,1,0,8,1,5,40,3,1,1,5,4,5,7,4,4,3,4,5,2,13,16,3,10,1,1,C03,7,9,1,10,2,11,,16,16,1,21,8,C03,120.659198,24.156584,2
2022,7,29,9,39,臺中市,大甲區,0,1,0,8,1,5,50,3,1,1,5,4,5,7,1,1,10,5,5,2,12,17,3,10,1,1,B03,7,9,1,8,2,2,,17,17,1,4,1,B03,120.620409,24.342038,2
2022,7,29,9,40,臺中市,烏日區,0,1,0,8,1,5,40,14,8,1,5,4,5,7,4,4,1,4,4,1,20,42,2,9,1,1,C03,7,9,1,10,2,14,,42,42,1,21,8,C03,120.647594,24.075581,2
2022,7,29,9,42,臺中市,北區,0,1,0,8,1,5,50,4,2,1,5,4,5,7,2,1,3,2,3,1,16,8,2,8,3,4,C03,7,5,1,10,2,12,,8,8,1,22,9,C03,120.674905,24.161646,2
2022,7,29,9,45,臺中市,大里區,0,0,0,8,,,50,,,,,,,,,,,,,,,17,,,,,B12,,,1,,2,,,17,,1,10,,B12,120.704045,24.108557,3
2022,7,29,9,50,臺中市,北屯區,0,1,0,8,1,5,50,4,1,1,5,4,5,7,1,1,10,5,5,2,16,6,3,10,1,1,B03,7,5,1,8,2,2,,6,6,1,22,8,B03,120.670035,24.176428,2
2022,7,29,9,50,臺中市,龍井區,0,0,0,8,1,5,50,14,13,1,5,4,5,7,4,4,5,5,5,1,17,23,2,7,3,4,C03,7,9,3,18,8,11,,23,23,1,22,9,C03,120.545865,24.196849,3
2022,7,29,9,51,臺中市,梧棲區,0,1,0,8,1,5,50,3,2,1,5,4,5,7,4,4,10,5,5,2,16,6,2,9,1,1,C03,7,5,1,10,2,12,,6,6,1,2,8,C03,120.537739,24.246022,2
2022,7,29,9,52,臺中市,潭子區,0,2,0,8,1,5,50,4,1,1,5,4,5,7,1,1,1,4,4,1,16,25,2,8,1,1,C03,7,9,1,10,2,12,,25,25,1,22,9,C03,120.693148,24.216023,2
2022,7,29,9,53,臺中市,西屯區,0,0,0,8,,,50,,,,,,,,,,,,,,,23,,,,,B03,,,1,,1,,,23,,1,22,,B03,120.614123,24.183851,3
2022,7,29,9,55,臺中市,潭子區,0,0,0,8,,,80,,,,,,,,,,,,,,,7,,,,,,,,,,,,,7,,1,,,,120.696555,24.201,3
2022,7,29,9,55,臺中市,大甲區,0,0,0,,,,40,,,,,,,,,,,,,,,38,,,,,A11,,,1,,2,,,38,,1,10,,A11,120.617897,24.351034,3
2022,7,29,9,58,臺中市,南屯區,0,0,0,8,1,5,50,14,7,1,5,4,5,7,4,4,5,4,4,2,17,26,,,,,B03,,,1,,2,,,26,,1,22,,B03,120.63681,24.135728,3
2022,7,29,9,59,臺中市,北屯區,0,2,0,8,1,5,50,14,9,1,5,4,5,7,4,4,3,3,5,2,13,16,2,9,1,1,C03,7,9,1,10,2,11,,16,16,1,22,8,C03,120.6933,24.183093,2
2022,7,29,10,0,臺中市,大里區,0,0,0,8,,,30,,,,,,,,,,,,,,,17,,,,,B03,,,1,,2,,,17,,1,22,,B03,120.705432,24.093422,3
2022,7,29,10,0,臺中市,大肚區,0,0,0,8,,,30,,,,,,,,,,,,,,,5,,,,,B03,,,1,,2,,,5,,1,2,,B03,120.554244,24.136935,3
2022,7,29,10,0,臺中市,梧棲區,0,0,0,,,,50,,,,,,,,,,,,,,,23,,,,,B03,,,1,,1,,,23,,1,9,,B03,120.539224,24.252544,3
2022,7,29,10,2,臺中市,西區,0,1,0,8,1,5,50,4,1,1,5,4,5,7,1,1,10,5,5,2,16,26,3,10,1,1,B03,7,6,1,8,1,2,,26,26,1,5,8,B03,120.657262,24.140026,2
2022,7,29,10,7,臺中市,東區,0,1,0,8,1,5,50,3,2,1,5,4,5,7,4,4,9,5,5,2,17,23,2,9,1,1,C03,7,9,1,10,2,12,,23,23,1,5,8,C03,120.689626,24.127675,2
2022,7,29,10,14,臺中市,西屯區,0,1,0,8,1,5,50,4,1,1,5,4,5,7,2,1,10,5,5,2,13,16,3,10,3,4,B12,7,9,1,8,2,1,,16,16,1,22,8,B12,120.64336,24.177641,2
2022,7,29,10,14,臺中市,梧棲區,0,1,0,8,1,5,50,4,1,1,5,4,5,7,1,1,10,5,5,2,15,42,3,10,1,1,B03,7,9,1,8,2,1,,42,42,1,20,8,B03,120.53704,24.241975,2
2022,7,29,10,15,臺中市,大里區,0,1,0,8,1,5,50,14,9,1,5,4,5,7,4,4,5,5,5,1,11,38,3,10,3,4,B12,7,13,1,8,9,15,,38,38,1,5,8,B12,120.683086,24.10227,2
2022,7,29,10,29,臺中市,太平區,0,2,0,8,1,5,50,4,1,1,5,4,5,7,1,1,5,5,5,2,17,23,3,10,1,1,B03,7,9,3,18,2,5,,23,23,1,21,8,B03,120.721389,24.142549,2
2022,7,29,10,30,臺中市,大雅區,0,0,0,8,,,50,,,,,,,,,,,,,,,23,,,,,A41,,,1,,9,,,23,,1,22,,A41,120.64939,24.227076,3
2022,7,29,10,31,臺中市,霧峰區,0,1,0,8,1,5,50,3,1,1,5,4,5,7,3,1,10,5,5,2,16,8,3,10,1,1,B03,7,5,1,8,2,8,,8,8,1,22,8,B03,120.709436,24.07676,2
2022,7,29,10,37,臺中市,西屯區,0,0,0,8,,,40,,,,,,,,,,,,,,,12,,,,,B03,,,1,,1,,,12,,1,12,,B03,120.63925,24.183323,3
2022,7,29,10,40,臺中市,梧棲區,0,1,0,8,1,5,50,5,2,1,5,4,5,7,4,4,10,5,5,2,15,6,2,9,1,1,C03,7,9,1,10,2,14,,6,6,1,9,8,C03,120.542063,24.248687,2
2022,7,29,10,50,臺中市,后里區,0,0,0,8,,,50,,,,,,,,,,,,,,,23,,,,,A02,,,1,,2,,,23,,1,10,,A02,120.726114,24.308909,3
2022,7,29,10,55,臺中市,北區,0,0,0,8,1,5,50,4,2,1,5,4,5,7,1,1,1,4,4,2,16,6,3,10,1,1,B03,7,6,1,8,2,5,,6,6,1,5,5,B03,120.674628,24.162993,3
2022,7,29,11,0,臺中市,清水區,0,0,0,,,,50,,,,,,,,,,,,,,,23,,,,,A04,,,1,,2,,,23,,1,10,,A04,120.575076,24.26555,3
2022,7,29,11,1,臺中市,太平區,0,0,0,8,1,5,50,3,2,1,5,4,5,7,4,4,5,5,5,2,16,8,,,,,B03,,,1,,2,,,8,,1,5,,B03,120.71775,24.148739,3
2022,7,29,11,7,臺中市,清水區,0,0,0,8,,,50,,,,,,,,,,,,,,,16,,,,,B03,,,1,,2,,,16,,1,21,,B03,120.567664,24.270502,3
2022,7,29,11,10,臺中市,大里區,0,0,0,8,,,30,,,,,,,,,,,,,,,42,,,,,C03,,,1,,2,,,42,,1,5,,C03,120.689414,24.113263,3
2022,7,29,11,11,臺中市,西區,0,1,0,8,1,5,30,4,1,1,5,4,5,7,4,4,10,5,5,2,15,6,3,10,1,1,B03,7,9,1,8,2,1,,6,6,1,22,9,B03,120.657845,24.137297,2
2022,7,29,11,12,臺中市,霧峰區,0,0,0,8,,,40,,,,,,,,,,,,,,,7,,,,,B12,,,1,,2,,,7,,1,22,,B12,120.659061,24.062393,3
2022,7,29,11,13,臺中市,北區,0,1,0,8,1,5,50,4,9,1,5,4,5,7,1,1,5,4,4,1,16,8,3,10,3,4,B02,7,5,1,8,2,1,,8,8,1,22,9,B02,120.674402,24.171548,2
2022,7,29,11,14,臺中市,南屯區,0,0,0,8,1,5,50,14,9,1,5,4,5,7,4,4,5,5,5,2,29,23,,,,,B02,,,1,,2,,,23,,1,22,,B02,120.649588,24.148789,3
2022,7,29,11,15,臺中市,烏日區,0,1,0,8,1,5,30,14,9,1,5,4,5,7,4,4,10,5,5,2,17,40,3,10,1,1,B12,7,15,1,8,2,4,,40,40,1,21,8,B12,120.622776,24.107387,2
2022,7,29,11,19,臺中市,西屯區,0,0,0,8,,,30,,,,,,,,,,,,,,,17,,,,,B12,,,1,,1,,,17,,1,21,,B12,120.642912,24.1874,3
2022,7,29,11,21,臺中市,太平區,0,0,0,8,,,50,,,,,,,,,,,,,,,23,,,,,B03,,,1,,1,,,23,,1,5,,B03,120.712681,24.158039,3
2022,7,29,11,25,臺中市,北屯區,0,0,0,8,,,50,,,,,,,,,,,,,,,23,,,,,B11,,,1,,1,,,23,,1,21,,B11,120.71941,24.178528,3
2022,7,29,11,28,臺中市,西屯區,0,2,0,8,1,5,50,4,1,1,5,4,5,7,1,1,10,5,5,2,16,6,2,9,1,1,C03,7,6,1,10,2,12,,6,6,1,22,8,C03,120.64486,24.182778,2
2022,7,29,11,35,臺中市,太平區,0,0,0,8,,,30,,,,,,,,,,,,,,,12,,,,,B02,,,1,,2,,,12,,1,3,,B02,120.70863,24.121441,3
2022,7,29,11,38,臺中市,北屯區,0,0,0,8,,,50,,,,,,,,,,,,,,,23,,,,,B12,,,1,,1,,,23,,1,21,,B12,120.671036,24.174872,3
2022,7,29,11,40,臺中市,烏日區,0,1,0,8,1,5,30,4,1,1,5,4,5,7,4,4,10,5,5,2,15,6,3,10,1,1,B03,7,9,1,8,2,1,,14,14,1,21,8,B03,120.646302,24.076163,2
2022,7,29,11,44,臺中市,北屯區,0,0,0,8,,,50,,,,,,,,,,,,,,,42,,,,,B03,,,1,,1,,,42,,1,22,,B03,120.715603,24.164478,3
2022,7,29,11,45,臺中市,大里區,0,0,0,8,,,50,,,,,,,,,,,,,,,23,,,,,B12,,,1,,2,,,23,,1,22,,B12,120.679776,24.074838,3
2022,7,29,11,54,臺中市,龍井區,0,2,0,8,1,5,30,4,2,1,5,4,5,7,4,4,10,5,5,2,17,6,2,9,3,4,C03,7,9,1,10,2,15,,6,6,1,22,9,C03,120.583293,24.182781,2
2022,7,29,11,55,臺中市,潭子區,0,1,0,8,1,5,60,3,2,1,5,4,5,7,4,4,1,4,4,1,13,23,2,7,1,1,C03,7,9,1,10,2,11,,23,23,1,22,9,C03,120.705954,24.218976,2
2022,7,29,11,58,臺中市,西區,0,2,0,8,1,5,50,4,1,1,5,4,5,7,1,1,10,5,5,2,16,26,2,9,1,1,C03,7,1,1,10,2,12,,26,26,1,4,5,C03,120.661712,24.1444,2
2022,7,29,12,6,臺中市,沙鹿區,0,0,0,8,,,50,,,,,,,,,,,,,,,19,,,,,B03,,,1,,2,,,19,,1,19,,B03,120.562073,24.224086,3
2022,7,29,12,8,臺中市,烏日區,0,2,0,8,1,5,50,14,8,1,5,4,5,7,4,4,1,4,5,2,17,19,2,8,1,1,C03,7,1,1,10,2,14,,19,19,1,21,8,C03,120.583722,24.111397,2
2022,7,29,12,15,臺中市,西屯區,0,0,0,8,,,50,,,,,,,,,,,,,,,23,,,,,B03,,,1,,1,,,23,,1,22,,B03,120.649444,24.16517,3
2022,7,29,12,16,臺中市,西屯區,0,1,0,8,1,5,50,4,1,1,5,4,5,7,1,1,9,4,4,2,12,8,2,9,1,1,C03,7,5,1,8,2,14,,8,8,1,12,8,C03,120.655035,24.195766,2
2022,7,29,12,18,臺中市,潭子區,0,2,0,8,1,5,60,14,8,1,5,4,5,7,4,4,1,4,4,1,12,17,2,8,1,1,C03,7,9,1,10,2,12,,17,17,1,22,9,C03,120.702376,24.189943,2
2022,7,29,12,20,臺中市,潭子區,0,1,0,8,1,5,50,4,1,1,5,4,5,7,1,1,5,4,4,2,16,3,3,10,1,1,B03,7,9,1,8,2,5,,3,3,1,22,9,B03,120.70354,24.211594,2
2022,7,29,12,22,臺中市,沙鹿區,0,0,0,8,,,40,,,,,,,,,,,,,,,17,,,,,B03,,,1,,9,,,17,,2,2,,B03,120.560927,24.241598,3
2022,7,29,12,29,臺中市,東區,0,0,0,,,,50,,,,,,,,,,,,,,,23,,,,,B12,,,1,,2,,,23,,1,22,,B12,120.705955,24.144547,3
2022,7,29,12,30,臺中市,大甲區,0,1,0,8,1,5,50,4,2,1,5,4,5,7,4,4,10,5,5,1,13,23,3,10,1,1,B03,7,1,1,8,2,1,,23,23,1,4,8,B03,120.617242,24.346946,2
2022,7,29,12,36,臺中市,大里區,0,0,0,8,,,30,,,,,,,,,,,,,,,19,,,,,A11,,,1,,2,,,19,,1,10,,A11,120.686813,24.1134,4
2022,7,29,12,38,臺中市,東區,0,1,0,8,1,5,50,4,1,1,5,4,5,7,2,1,10,5,5,2,16,9,3,10,1,1,B12,7,6,1,8,2,2,5,9,9,1,21,8,B12,120.692866,24.142879,2
2022,7,29,12,40,臺中市,豐原區,0,0,0,8,,,50,,,,,,,,,,,,,,,16,,,,,C03,,,1,,2,,,16,16,1,22,,C03,120.70612,24.250038,4
2022,7,29,12,48,臺中市,潭子區,0,0,0,8,1,5,50,3,1,1,5,4,5,7,4,4,5,5,5,1,17,18,,,,,B02,,,1,,2,,,18,,1,22,,B02,120.707799,24.217834,3
2022,7,29,12,49,臺中市,西屯區,0,0,0,8,,,60,,,,,,,,,,,,,,,23,,,,,B03,,,1,,1,,,23,,1,22,,B03,120.644251,24.194815,3
2022,7,29,13,0,臺中市,清水區,0,1,0,8,1,5,50,3,1,1,5,4,5,7,4,4,8,3,5,2,16,10,3,10,1,1,B03,7,11,1,8,2,5,,10,10,1,21,8,B03,120.571787,24.268535,2
2022,7,29,13,3,臺中市,神岡區,0,1,0,8,1,5,50,14,9,1,5,4,5,7,4,4,3,4,5,1,12,25,3,10,3,4,B12,7,5,1,8,2,4,,25,25,1,22,9,B12,120.660544,24.270065,2
2022,7,29,13,5,臺中市,西屯區,0,1,0,8,1,5,50,4,18,1,5,4,5,7,2,1,1,3,5,2,3,15,3,10,1,1,B12,7,5,1,8,2,4,,15,15,1,22,8,B12,120.661206,24.17162,2
2022,7,29,13,19,臺中市,西區,0,2,0,8,1,5,50,4,2,1,5,4,5,7,1,1,5,2,5,2,13,23,2,9,1,1,C03,7,9,1,10,2,11,,23,23,1,4,5,C03,120.665315,24.146428,2
2022,7,29,13,19,臺中市,西屯區,0,0,0,8,,,50,,,,,,,,,,,,,,,42,,,,,B03,,,1,,2,,,42,,1,22,,B03,120.659995,24.201273,3
2022,7,29,13,25,臺中市,大里區,0,1,0,8,1,5,50,14,9,1,5,4,5,7,4,4,5,2,5,1,12,26,3,10,1,1,B03,7,5,1,8,2,8,,26,26,1,21,8,B03,120.697468,24.10232,2
2022,7,29,13,27,臺中市,東區,0,0,0,8,1,5,50,3,1,1,5,4,5,7,2,1,3,2,4,2,16,6,3,10,1,1,B03,7,5,1,8,2,2,,6,6,1,21,8,B03,120.694328,24.151596,3
2022,7,29,13,28,臺中市,沙鹿區,0,0,0,8,,,50,,,,,,,,,,,,,,,18,,,,,B03,,,1,,2,,,18,18,1,4,,B03,120.575845,24.225901,3
2022,7,29,13,30,臺中市,大里區,0,0,0,8,,,50,,,,,,,,,,,,,,,18,,,,,B02,,,1,,2,,,18,,1,4,,B02,120.701841,24.086655,3
2022,7,29,13,30,臺中市,神岡區,0,1,0,8,3,5,50,4,2,1,5,4,5,7,1,1,5,4,4,2,15,25,3,10,3,4,B03,7,9,1,8,2,5,,25,25,1,22,9,B03,120.684926,24.249647,2
2022,7,29,13,41,臺中市,西屯區,0,1,0,8,1,5,50,5,1,1,5,4,5,7,1,1,9,4,5,2,12,23,3,10,1,1,C03,7,6,1,10,2,12,,23,23,1,12,8,C03,120.655026,24.195578,2
2022,7,29,13,42,臺中市,豐原區,0,2,0,8,1,5,50,4,1,1,5,4,5,7,4,4,5,5,5,2,15,6,2,9,1,1,C03,7,9,1,10,3,11,,6,6,1,5,8,C03,120.71786,24.25373,2
2022,7,29,13,44,臺中市,南區,0,0,0,,,,30,,,,,,,,,,,,,,,23,,,,,B03,,,1,,9,,,23,,1,5,,B03,120.674863,24.131527,3
2022,7,29,13,45,臺中市,北屯區,0,0,0,8,,,30,,,,,,,,,,,,,,,17,,,,,C03,,,1,,1,,,17,17,1,22,,C03,120.66161,24.191438,3
2022,7,29,13,50,臺中市,西屯區,0,0,0,8,,,30,,,,,,,,,,,,,,,17,,,,,B03,,,1,,11,,,17,,1,22,,B03,120.613358,24.185017,3
2022,7,29,13,55,臺中市,西區,0,0,0,8,,,50,,,,,,,,,,,,,,,23,,,,,B03,,,1,,1,,,23,,1,21,,B03,120.673638,24.147552,3
2022,7,29,13,55,臺中市,南區,0,1,0,8,1,5,50,4,1,1,5,4,5,7,2,1,10,5,5,2,16,6,3,10,1,1,B12,7,5,1,8,2,1,,6,6,1,22,8,B12,120.672608,24.131113,2
2022,7,29,14,0,臺中市,霧峰區,0,0,0,8,,,30,,,,,,,,,,,,,,,17,,,,,A12,,,1,,11,,,17,,1,22,,A12,120.670032,24.035386,3
2022,7,29,14,0,臺中市,大肚區,0,0,0,,,,50,,,,,,,,,,,,,,,12,,,,,B03,,,1,,2,,,12,,1,2,,B03,120.578817,24.121059,3
2022,7,29,14,1,臺中市,烏日區,0,0,0,8,,,50,,,,,,,,,,,,,,,23,,,,,B03,,,1,,2,,,23,,1,21,,B03,120.61494,24.102959,3
2022,7,29,14,10,臺中市,北屯區,0,2,0,8,1,5,40,14,7,1,5,4,5,7,4,4,5,5,4,2,16,7,2,8,1,1,F01,7,7,8,20,2,16,,7,7,1,22,8,F01,120.696369,24.180055,2
2022,7,29,14,10,臺中市,東勢區,0,1,0,8,1,5,30,14,9,1,5,4,4,7,4,4,10,5,5,2,24,23,,,,,,,,,,,,,61,23,1,,,,120.829974,24.2509,2
2022,7,29,14,11,臺中市,西區,0,1,0,8,1,5,30,4,1,1,5,4,5,7,4,4,10,5,5,2,15,6,2,8,1,1,C03,7,9,1,10,2,11,,6,6,1,2,9,C03,120.660859,24.149692,2
2022,7,29,14,25,臺中市,大雅區,0,0,0,8,,,50,,,,,,,,,,,,,,,16,,,,,C03,,,6,,9,,,16,,1,22,,C03,120.672847,24.210849,3
2022,7,29,14,25,臺中市,中區,0,0,0,8,1,5,50,4,1,1,5,4,5,7,1,1,10,5,5,2,12,7,,,,,B03,,,1,,2,,,7,,1,22,,B03,120.680732,24.138669,3
2022,7,29,14,28,臺中市,中區,0,0,0,8,,,50,,,,,,,,,,,,,,,23,,,,,B03,,,1,,1,,,23,,1,4,,B03,120.678929,24.141876,3
2022,7,29,14,34,臺中市,太平區,0,2,0,8,1,5,30,14,9,1,5,4,5,7,4,4,5,5,5,2,16,19,2,9,1,1,C03,7,1,1,10,2,11,,19,19,1,21,8,C03,120.717354,24.119842,2
2022,7,29,14,41,臺中市,龍井區,0,0,0,8,,,30,,,,,,,,,,,,,,,23,,,,,B12,,,1,,2,,,23,,1,22,,B12,120.578695,24.182962,3
2022,7,29,14,43,臺中市,霧峰區,0,0,0,8,,,50,,,,,,,,,,,,,,,12,,,,,B12,,,1,,2,,,12,,1,22,,B12,120.647766,24.086356,3
2022,7,29,14,53,臺中市,大里區,0,0,0,8,,,50,,,,,,,,,,,,,,,23,,,,,B03,,,1,,9,,,23,,1,22,,B03,120.686918,24.120804,3
2022,7,29,14,55,臺中市,沙鹿區,0,0,0,8,1,8,50,14,8,1,5,4,5,7,4,4,1,4,1,2,12,17,,,,,B03,,,1,,2,,,17,,1,3,,B03,120.571286,24.19833,3
2022,7,29,14,58,臺中市,清水區,0,1,0,8,1,5,50,4,2,1,5,4,5,7,1,1,8,3,5,1,13,23,2,9,1,1,C03,7,9,1,10,2,11,,23,23,1,21,8,C03,120.568809,24.268624,2
2022,7,29,14,59,臺中市,潭子區,0,0,0,8,1,5,50,3,1,1,5,4,5,7,4,4,5,5,5,1,14,12,,,,,B12,,,1,,2,,,12,,1,22,,B12,120.686578,24.221958,3
2022,7,29,15,0,臺中市,北屯區,0,0,0,8,,,50,,,,,,,,,,,,,,,23,,,,,B03,,,1,,1,,,23,,1,4,,B03,120.7146,24.1783,3
2022,7,29,15,0,臺中市,豐原區,0,1,0,8,1,5,30,14,9,1,5,4,5,7,4,4,8,3,5,1,16,23,2,9,1,1,C03,7,9,1,10,2,11,,23,23,1,21,5,C03,120.719598,24.247806,2
2022,7,29,15,7,臺中市,神岡區,0,1,0,8,1,5,30,14,8,4,5,4,5,7,4,4,10,5,5,2,18,42,2,7,3,4,F01,7,9,8,20,2,16,,42,42,1,22,6,F01,120.695129,24.232696,2