年,月,日,時,分,縣市,區,死,受傷,2-30,天候,光線,道路類別,速限,道路型態,事故位置,路面鋪裝,路面狀態,路面缺陷,障礙物,視距,號誌種類,號誌動作,分向設施,快車道或一般車道間,快慢車道間,路面邊線,事故類型及型態,主要肇因,受傷程度,主要傷處,保護裝備,行動電話,當事者區分,車輛用途,當事者行動狀態,駕駛資格情形,駕駛執照種類,飲酒情形,車輛撞擊部位最初,車輛撞擊部位其他,肇事因素個別,肇事因素主要,肇事逃逸,職業,旅次目的,車種,GPS緯度,GPS經度,事故類別
2022,7,29,15,10,臺中市,西屯區,0,0,0,8,,,30,,,,,,,,,,,,,,,23,,,,,B03,,,1,,2,,,23,,1,22,,B03,120.668743,24.176706,3
2022,7,29,15,11,臺中市,太平區,0,2,0,8,1,5,50,4,2,1,5,4,5,7,2,1,5,5,5,1,16,3,2,7,1,1,B02,7,6,1,8,2,6,,3,3,1,5,8,B02,120.733278,24.142659,2
2022,7,29,15,13,臺中市,沙鹿區,0,1,0,8,1,5,50,4,1,1,5,4,5,7,2,1,10,5,5,2,17,8,2,9,1,1,C03,7,5,1,10,2,14,,8,8,1,22,9,C03,120.560657,24.240858,2
2022,7,29,15,25,臺中市,北屯區,0,0,0,8,,,50,,,,,,,,,,,,,,,3,,,,,B03,,,1,,2,,,3,,1,19,,B03,120.6653,24.2007,3
2022,7,29,15,27,臺中市,南區,0,0,0,8,1,5,50,14,9,1,5,4,5,7,1,1,5,2,5,2,17,23,3,10,1,1,B12,7,11,1,8,2,5,,23,23,1,21,8,B12,120.655995,24.134376,3
2022,7,29,15,30,臺中市,烏日區,0,0,0,8,,,50,,,,,,,,,,,,,,,16,,,,,A11,,,1,,2,,,16,,1,22,,A11,120.589634,24.112717,3
2022,7,29,15,35,臺中市,西屯區,0,0,0,8,,,40,,,,,,,,,,,,,,,23,,,,,B03,,,1,,2,,,23,,1,22,,B03,120.654219,24.160939,3
2022,7,29,15,38,臺中市,豐原區,0,1,0,8,1,5,50,14,9,1,5,4,5,7,4,4,5,5,5,2,18,43,2,9,1,1,C03,7,9,1,10,2,12,,43,43,1,22,8,C03,120.715516,24.245723,2
2022,7,29,15,40,臺中市,霧峰區,0,0,0,8,,,50,,,,,,,,,,,,,,,23,,,,,B03,,,1,,2,,,23,,1,22,,B03,120.663236,24.074083,3
2022,7,29,15,43,臺中市,潭子區,0,0,0,8,,,60,,,,,,,,,,,,,,,6,,,,,B03,,,1,,2,,,6,,1,22,,B03,120.702439,24.192067,3
2022,7,29,15,43,臺中市,南區,0,0,0,8,,,50,,,,,,,,,,,,,,,23,,,,,B12,,,1,,2,,,23,,1,22,,B12,120.66115,24.120948,3
2022,7,29,15,49,臺中市,北屯區,0,0,0,8,,,50,,,,,,,,,,,,,,,23,,,,,B03,,,1,,2,,,23,,1,21,,B03,120.686376,24.191356,3
2022,7,29,15,57,臺中市,東區,0,3,0,8,1,5,50,4,1,1,5,4,5,7,1,1,10,5,5,2,13,23,2,9,1,1,C03,7,9,1,10,2,11,,23,23,1,5,8,C03,120.689039,24.142952,2
2022,7,29,15,59,臺中市,東區,0,1,0,8,1,5,50,4,1,1,5,4,5,7,1,1,10,5,5,2,29,42,3,10,1,1,A04,7,9,1,2,2,15,,42,42,1,5,8,A04,120.689039,24.142952,2
2022,7,29,16,4,臺中市,南區,0,2,0,8,1,5,50,4,18,1,5,4,5,7,2,1,10,5,5,2,3,25,2,9,4,5,H01,8,16,8,20,1,16,,67,25,1,22,8,H01,120.663061,24.123838,2
2022,7,29,16,10,臺中市,南區,0,0,0,8,,,50,,,,,,,,,,,,,,,23,,,,,B03,,,1,,2,,,23,,1,22,,B03,120.657291,24.129585,3
2022,7,29,16,18,臺中市,北區,0,0,0,8,,,50,,,,,,,,,,,,,,,23,,,,,B03,,,1,,11,,,23,,1,22,,B03,120.669771,24.164559,3
2022,7,29,16,20,臺中市,西屯區,0,0,0,8,,,50,,,,,,,,,,,,,,,25,,,,,B03,,,1,,1,,,25,,1,22,,B03,120.655035,24.195835,3
2022,7,29,16,26,臺中市,潭子區,0,1,0,8,1,5,50,3,1,1,5,4,5,7,1,1,1,2,5,2,16,25,2,9,1,1,C03,7,5,1,10,2,14,,25,25,1,22,9,C03,120.706031,24.200805,2
2022,7,29,16,29,臺中市,豐原區,0,0,0,8,,,50,,,,,,,,,,,,,,,12,,,,,B12,,,1,,9,,,12,,1,21,,B12,120.708316,24.245185,3
2022,7,29,16,32,臺中市,西區,0,0,0,8,,,50,,,,,,,,,,,,,,,7,,,,,B03,,,1,,1,,,7,,1,20,,B03,120.670605,24.137522,3
2022,7,29,16,32,臺中市,豐原區,0,0,0,8,,,30,,,,,,,,,,,,,,,16,,,,,B03,,,1,,2,,,16,,1,22,,B03,120.71355,24.249261,3
2022,7,29,16,34,臺中市,北區,0,1,0,8,1,5,50,4,1,1,5,4,5,7,1,1,5,5,4,2,16,6,3,10,1,1,B03,7,6,1,8,2,2,,6,6,1,21,8,B03,120.680948,24.159108,2
2022,7,29,16,35,臺中市,中區,0,2,0,8,1,5,50,5,2,1,5,4,5,7,1,1,5,2,5,2,13,42,2,9,1,1,C03,7,9,1,10,2,11,,42,42,1,4,5,C03,120.681737,24.144544,2
2022,7,29,16,36,臺中市,西屯區,0,0,0,8,,,50,,,,,,,,,,,,,,,23,,,,,B11,,,1,,1,,,23,,1,22,,B11,120.647873,24.166928,3
2022,7,29,16,37,臺中市,西屯區,0,1,0,8,1,5,50,3,1,1,5,4,5,7,1,1,10,5,5,2,17,25,3,10,1,1,C03,7,5,1,10,11,15,,25,25,1,22,8,C03,120.655224,24.200551,2
2022,7,29,16,42,臺中市,西屯區,0,1,0,8,1,5,50,4,2,1,5,4,5,7,2,1,8,3,5,1,12,6,3,10,1,1,B03,7,6,1,8,2,5,,6,6,1,22,8,B03,120.607156,24.160166,2
2022,7,29,16,46,臺中市,神岡區,0,1,0,8,1,5,50,4,2,1,5,4,5,7,1,1,5,4,4,2,17,26,2,8,3,4,F03,7,5,8,20,2,16,,26,26,1,22,9,F03,120.680276,24.248182,2
2022,7,29,16,48,臺中市,潭子區,0,2,0,8,1,5,30,4,1,1,5,4,5,7,3,1,5,4,4,2,15,6,2,9,1,1,C03,7,9,1,10,2,11,14,6,6,1,22,8,C03,120.701376,24.208389,2
2022,7,29,16,50,臺中市,烏日區,0,0,0,8,,,30,,,,,,,,,,,,,,,42,,,,,B02,,,1,,2,,,42,,1,21,,B02,120.591699,24.119716,3
2022,7,29,16,50,臺中市,神岡區,0,1,0,8,1,5,50,5,2,1,5,4,5,7,1,1,5,4,4,2,17,6,2,9,3,4,C02,7,5,1,9,2,14,,6,6,1,22,9,C02,120.677549,24.264869,2
2022,7,29,16,52,臺中市,大雅區,0,1,0,8,1,5,50,14,9,1,5,4,5,7,4,4,1,4,5,1,17,43,3,10,1,1,B03,7,1,1,8,2,3,,43,43,1,22,9,B03,120.669534,24.237405,2
2022,7,29,16,53,臺中市,北屯區,0,0,0,8,,,50,,,,,,,,,,,,,,,23,,,,,B03,,,1,,2,,,23,,1,19,,B03,120.7022,24.1851,3
2022,7,29,17,0,臺中市,龍井區,0,0,0,8,,,30,,,,,,,,,,,,,,,12,,,,,C03,,,1,,11,,,44,12,1,22,,C03,120.59211,24.187853,3
2022,7,29,17,0,臺中市,梧棲區,0,1,0,8,1,5,50,4,1,1,5,4,5,7,1,1,10,5,5,1,17,25,2,9,3,4,C03,7,6,1,10,2,11,,25,25,1,22,8,C03,120.521285,24.228565,2
2022,7,29,17,7,臺中市,霧峰區,0,1,0,8,1,5,30,3,1,1,5,4,5,7,4,4,10,5,5,1,17,42,3,10,1,1,C03,7,9,1,10,2,15,,42,42,1,22,8,C03,120.678921,24.031363,2
2022,7,29,17,7,臺中市,太平區,0,0,0,8,,,50,,,,,,,,,,,,,,,12,,,,,B03,,,1,,2,,,12,,1,19,,B03,120.721342,24.158907,3
2022,7,29,17,10,臺中市,梧棲區,0,1,0,8,1,5,40,3,1,1,5,4,5,7,4,4,10,5,5,2,18,23,2,9,3,4,C03,7,6,1,10,2,14,,23,23,1,22,8,C03,120.530455,24.266963,2
2022,7,29,17,10,臺中市,神岡區,0,1,0,8,1,5,50,3,1,1,5,4,5,7,3,3,5,4,4,1,17,42,3,10,1,1,B03,7,6,1,8,2,5,,42,42,1,12,8,B03,120.638954,24.288255,2
2022,7,29,17,11,臺中市,西屯區,0,0,0,8,,,30,,,,,,,,,,,,,,,44,,,,,B03,,,1,,9,,,44,,1,22,,B03,120.652016,24.162038,3
2022,7,29,17,11,臺中市,豐原區,0,0,0,8,,,50,,,,,,,,,,,,,,,17,,,,,B03,,,1,,1,,,17,,1,22,,B03,120.721293,24.23933,3
2022,7,29,17,16,臺中市,豐原區,0,0,0,8,,,30,,,,,,,,,,,,,,,12,,,,,B12,,,1,,2,,,12,,1,12,,B12,120.726564,24.246591,3
2022,7,29,17,20,臺中市,沙鹿區,0,0,0,8,,,50,,,,,,,,,,,,,,,42,,,,,B03,,,1,,2,,,42,,1,21,,B03,120.565976,24.233913,3
2022,7,29,17,21,臺中市,北屯區,0,0,0,8,,,40,,,,,,,,,,,,,,,23,,,,,B03,,,1,,2,,,23,,1,21,,B03,120.68839,24.176596,3
2022,7,29,17,23,臺中市,太平區,0,1,0,8,1,5,40,4,2,1,5,4,5,7,3,1,5,5,4,1,16,8,2,9,1,1,C03,7,5,1,10,2,13,,8,8,1,3,8,C03,120.72763,24.150005,2
2022,7,29,17,25,臺中市,大雅區,0,1,0,8,1,5,50,5,1,1,5,4,5,7,1,1,1,4,4,1,17,43,3,10,1,1,B03,7,5,1,4,2,5,,43,43,1,22,9,B03,120.667675,24.21578,2
2022,7,29,17,25,臺中市,太平區,0,0,0,8,,,30,,,,,,,,,,,,,,,17,,,,,B03,,,1,,2,,,17,,1,20,,B03,120.725407,24.130705,3
2022,7,29,17,26,臺中市,北區,0,0,0,8,,,50,,,,,,,,,,,,,,,19,,,,,B03,,,1,,1,,,19,,1,22,,B03,120.664089,24.162142,3
2022,7,29,17,27,臺中市,潭子區,0,0,0,8,,,60,,,,,,,,,,,,,,,23,,,,,B03,,,1,,2,,,23,,1,22,,B03,120.705156,24.212231,3
2022,7,29,17,28,臺中市,神岡區,0,0,0,8,,,50,,,,,,,,,,,,,,,42,,,,,B12,,,1,,1,,,42,42,1,22,,B12,120.655431,24.258675,4
2022,7,29,17,31,臺中市,南區,0,1,0,8,1,5,40,3,2,1,5,4,5,7,4,4,5,4,4,2,16,6,3,10,1,1,C03,7,6,1,10,2,12,,6,6,1,5,8,C03,120.671391,24.119155,2
2022,7,29,17,31,臺中市,東勢區,0,0,0,8,1,5,70,14,9,1,5,4,5,7,4,4,5,5,5,1,14,12,3,10,3,4,B03,7,2,1,8,2,7,,12,12,1,22,8,B03,120.775919,24.276563,3
2022,7,29,17,33,臺中市,西區,0,0,0,8,,,30,,,,,,,,,,,,,,,6,,,,,C04,,,1,,1,,,6,,1,21,,C04,120.677485,24.144897,3
2022,7,29,17,35,臺中市,烏日區,0,0,0,8,,,30,,,,,,,,,,,,,,,16,,,,,C03,,,1,,2,,,16,,1,21,,C03,120.606309,24.119271,3
2022,7,29,17,37,臺中市,北區,0,2,0,8,1,5,50,4,1,1,5,4,5,7,1,1,10,5,5,2,3,52,2,9,4,5,H01,8,18,8,20,10,16,,52,52,1,22,9,H01,120.682335,24.153988,2
2022,7,29,17,39,臺中市,大肚區,0,0,0,8,,,50,,,,,,,,,,,,,,,23,,,,,C03,,,1,,2,,,44,23,1,22,,C03,120.579591,24.168657,3
2022,7,29,17,39,臺中市,烏日區,0,0,0,8,1,6,50,14,9,1,5,4,5,7,4,4,10,5,5,1,13,23,,,,,C03,,,1,,2,,,23,,1,3,,C03,120.632227,24.044513,3
2022,7,29,17,40,臺中市,大雅區,0,1,0,8,1,5,30,3,9,1,5,4,5,7,4,4,10,4,5,2,10,23,2,9,1,1,C03,7,9,2,18,2,11,,23,23,1,22,9,C03,120.641839,24.208351,2
2022,7,29,17,40,臺中市,東區,0,0,0,8,,,50,,,,,,,,,,,,,,,23,,,,,B03,,,1,,2,,,23,,1,22,,B03,120.70705,24.131719,3
2022,7,29,17,40,臺中市,神岡區,0,0,0,8,,,50,,,,,,,,,,,,,,,16,,,,,B03,,,1,,1,,,16,,1,12,,B03,120.657946,24.266214,4
2022,7,29,17,43,臺中市,太平區,0,1,0,8,1,5,50,14,9,1,5,4,5,7,4,4,9,5,5,2,12,40,3,10,1,1,B03,7,14,1,8,2,2,,40,40,1,19,7,B03,120.72452,24.149012,2
2022,7,29,17,44,臺中市,西屯區,0,2,0,8,1,5,50,3,12,1,5,4,5,7,1,1,10,5,4,2,13,23,2,9,1,1,C03,7,9,1,10,2,11,,23,23,1,22,8,C03,120.59817,24.163242,2
2022,7,29,17,46,臺中市,霧峰區,0,0,0,8,,,30,,,,,,,,,,,,,,,12,,,,,B12,,,1,,2,,,12,,1,4,,B12,120.697113,24.059174,3
2022,7,29,17,47,臺中市,北屯區,0,0,0,8,,,80,,,,,,,,,,,,,,,23,,,,,B03,,,1,,1,,,23,23,1,5,,B03,120.666707,24.200905,3
2022,7,29,17,49,臺中市,豐原區,0,0,0,8,,,40,,,,,,,,,,,,,,,23,,,,,C03,,,1,,2,,,23,,1,22,,C03,120.71514,24.27,4
2022,7,29,17,51,臺中市,大雅區,0,0,0,8,,,50,,,,,,,,,,,,,,,17,,,,,B03,,,1,,2,,,23,17,1,22,,B03,120.64659,24.222698,3
2022,7,29,17,52,臺中市,大雅區,0,0,0,8,,,30,,,,,,,,,,,,,,,5,,,,,B03,,,1,,9,,,5,,1,22,,B03,120.621503,24.210849,3
2022,7,29,17,52,臺中市,大雅區,0,2,0,8,1,5,50,14,8,1,5,4,5,7,4,4,5,5,4,1,16,6,2,9,3,1,F03,7,5,8,20,2,16,,6,6,1,22,9,F03,120.669224,24.221335,2
2022,7,29,17,52,臺中市,西屯區,0,0,0,,,,60,,,,,,,,,,,,,,,16,,,,,B03,,,1,,2,,,16,,1,22,,B03,120.641071,24.167903,3
2022,7,29,17,53,臺中市,西屯區,0,2,0,8,1,5,35,14,9,1,5,4,5,7,4,4,10,5,5,1,12,6,2,9,3,4,C03,7,5,1,10,2,14,,6,6,1,22,8,C03,120.630333,24.176911,2
2022,7,29,17,53,臺中市,太平區,0,1,0,8,2,5,30,14,9,1,5,4,5,7,4,4,10,5,5,1,18,42,2,9,1,1,C03,7,9,1,10,2,12,,42,42,1,3,8,C03,120.749733,24.0859,2
2022,7,29,17,54,臺中市,梧棲區,0,0,0,8,,,60,,,,,,,,,,,,,,,23,,,,,B03,,,1,,2,,,23,,1,22,,B03,120.534736,24.246068,3
2022,7,29,18,0,臺中市,豐原區,0,0,0,,,,40,,,,,,,,,,,,,,,23,,,,,B03,,,1,,9,,,23,,1,22,,B03,120.704773,24.246469,3
2022,7,29,18,7,臺中市,大里區,0,2,0,8,1,5,50,3,1,1,5,4,5,7,4,4,9,4,4,1,16,8,2,9,1,1,C03,7,5,1,10,2,14,,8,8,1,22,8,C03,120.716215,24.095176,2
2022,7,29,18,10,臺中市,大甲區,0,1,0,8,1,5,50,4,1,1,5,4,5,7,4,4,10,5,5,2,15,6,2,9,1,1,C03,7,9,1,10,2,11,,6,6,1,21,8,C03,120.621538,24.351335,2
2022,7,29,18,13,臺中市,南屯區,0,0,0,8,,,50,,,,,,,,,,,,,,,12,,,,,B03,,,1,,1,,,12,,1,22,,B03,120.636118,24.132887,3
2022,7,29,18,22,臺中市,西屯區,0,2,0,8,1,5,50,14,8,1,5,4,5,7,4,4,9,4,4,2,12,7,2,9,1,1,C03,7,8,1,10,2,12,,7,7,1,12,8,C03,120.627291,24.181136,2
2022,7,29,18,25,臺中市,南屯區,0,0,0,8,1,5,50,3,2,1,5,4,5,7,4,4,5,5,5,2,17,42,,,,,,,,,,,,,42,42,1,,,,120.608839,24.133437,3
2022,7,29,18,27,臺中市,南屯區,0,0,0,,,,50,,,,,,,,,,,,,,,19,,,,,B03,,,1,,2,,,19,,1,22,,B03,120.634748,24.15417,3
2022,7,29,18,28,臺中市,南區,0,0,0,8,,,50,,,,,,,,,,,,,,,6,,,,,B03,,,1,,2,,,6,6,1,22,,B03,120.668476,24.113854,3
2022,7,29,18,31,臺中市,豐原區,0,0,0,8,,,,,,,,,,,,,,,,,,43,,,,,B03,,,8,,10,,,44,67,1,22,,B03,120.710857,24.23873,3
2022,7,29,18,34,臺中市,大甲區,0,0,0,8,,,50,,,,,,,,,,,,,,,19,,,,,C03,,,1,,1,,,19,,1,22,,C03,120.62228,24.34557,3
2022,7,29,18,36,臺中市,豐原區,0,0,0,8,,,50,,,,,,,,,,,,,,,43,,,,,,,,,,,,,43,,1,,,,120.716464,24.260541,3
2022,7,29,18,47,臺中市,北區,0,1,0,8,1,5,50,14,9,1,5,4,5,7,4,4,2,4,5,2,13,16,2,9,1,1,C03,7,9,4,8,2,11,,16,16,1,22,8,C03,120.683987,24.149115,2
2022,7,29,18,47,臺中市,西屯區,0,0,0,8,,,50,,,,,,,,,,,,,,,43,,,,,C03,,,1,,2,,,43,,1,22,,C03,120.650355,24.163307,3
2022,7,29,18,48,臺中市,北區,0,0,0,8,,,50,,,,,,,,,,,,,,,43,,,,,C04,,,1,,2,,,43,,1,22,,C04,120.673289,24.170071,3
2022,7,29,18,57,臺中市,北屯區,0,1,0,8,1,5,50,14,7,1,5,4,5,7,4,4,5,4,4,2,17,26,2,9,1,1,C03,7,5,1,10,2,11,,26,26,1,5,8,C03,120.678676,24.174068,2
2022,7,29,19,0,臺中市,南屯區,0,0,0,8,,,50,,,,,,,,,,,,,,,16,,,,,B03,,,1,,1,,,16,,1,22,,B03,120.629356,24.147389,3
2022,7,29,19,8,臺中市,豐原區,0,4,0,8,3,5,50,14,7,1,5,4,5,7,4,4,4,5,4,2,13,16,2,9,1,1,C03,7,9,1,10,2,11,,16,16,1,4,5,C03,120.720113,24.251825,2
2022,7,29,19,9,臺中市,北屯區,0,1,0,8,3,5,50,14,8,1,5,4,5,7,4,4,1,5,4,2,17,7,3,10,1,1,B03,7,8,1,8,2,2,,7,7,1,21,8,B03,120.686536,24.204406,2
2022,7,29,19,9,臺中市,龍井區,0,1,0,8,3,5,30,14,9,1,5,4,5,7,4,4,10,5,5,2,12,23,2,7,1,1,C03,7,9,6,18,7,11,,23,23,1,12,8,C03,120.529953,24.192243,2
2022,7,29,19,10,臺中市,潭子區,0,0,0,8,,,60,,,,,,,,,,,,,,,23,,,,,B03,,,1,,2,,,23,,1,22,,B03,120.707375,24.22408,3
2022,7,29,19,10,臺中市,太平區,0,0,0,8,,,50,,,,,,,,,,,,,,,7,,,,,B03,,,1,,2,,,7,,1,4,,B03,120.714283,24.14927,3
2022,7,29,19,16,臺中市,西屯區,0,0,0,8,,,40,,,,,,,,,,,,,,,6,,,,,B03,,,1,,1,,,6,,1,22,,B03,120.644251,24.194815,3
2022,7,29,19,23,臺中市,南屯區,0,0,0,8,3,5,50,14,7,1,5,4,1,7,4,4,5,5,4,2,13,23,3,10,1,1,B03,7,9,1,8,1,5,,23,23,1,22,8,B03,120.610195,24.140473,3
2022,7,29,19,35,臺中市,北區,0,1,0,8,3,5,50,14,9,1,5,4,5,7,4,4,5,4,5,2,13,16,2,9,1,1,C03,7,9,1,10,2,11,,16,16,1,22,8,C03,120.672561,24.166692,2
2022,7,29,19,46,臺中市,龍井區,0,0,0,8,,,30,,,,,,,,,,,,,,,17,,,,,B03,,,1,,11,,,17,42,2,22,,B03,120.584233,24.182566,3
2022,7,29,19,50,臺中市,西屯區,0,1,0,8,1,5,40,4,2,1,5,4,5,7,4,4,8,3,5,1,17,8,3,10,1,1,B03,7,5,1,8,2,5,,8,42,1,22,8,B03,120.64111,24.168963,2
2022,7,29,19,56,臺中市,西區,0,0,0,8,,,50,,,,,,,,,,,,,,,42,,,,,B03,,,1,,11,,,42,,1,22,,B03,120.662983,24.150864,3
2022,7,29,20,0,臺中市,西屯區,0,0,0,8,,,80,,,,,,,,,,,,,,,42,,,,,B02,,,1,,1,,,42,,1,22,,B02,120.628695,24.162278,3
2022,7,29,20,1,臺中市,神岡區,0,1,0,8,1,5,50,4,1,1,5,4,5,7,3,1,10,5,5,2,17,43,3,10,3,4,C03,7,5,1,10,2,11,,43,43,1,22,9,C03,120.652929,24.280859,2
2022,7,29,20,6,臺中市,沙鹿區,0,0,0,8,,,50,,,,,,,,,,,,,,,6,,,,,C03,,,1,,2,,,6,,1,9,,C03,120.563837,24.242915,3
2022,7,29,20,9,臺中市,龍井區,0,1,0,8,3,5,50,14,9,1,5,4,5,7,4,4,9,4,5,1,12,23,3,10,1,1,C02,7,9,1,10,2,11,,23,23,1,12,8,C02,120.532661,24.180358,2
2022,7,29,20,10,臺中市,南區,0,0,0,,,,50,,,,,,,,,,,,,,,26,,,,,B03,,,1,,2,,,26,,1,5,,B03,120.646663,24.110379,3
2022,7,29,20,10,臺中市,沙鹿區,0,0,0,8,,,50,,,,,,,,,,,,,,,12,,,,,B03,,,1,,2,,,12,,1,21,,B03,120.563752,24.247218,3
2022,7,29,20,20,臺中市,梧棲區,0,1,0,8,1,5,30,4,1,1,5,4,5,7,4,4,10,5,5,1,15,6,3,10,3,4,B03,7,9,1,8,2,8,,6,6,1,22,8,B03,120.55163,24.253499,2
2022,7,29,20,21,臺中市,西屯區,0,0,0,8,,,30,,,,,,,,,,,,,,,6,,,,,C03,,,2,,1,,,6,,1,22,,C03,120.639959,24.172039,3
2022,7,29,20,24,臺中市,沙鹿區,0,0,0,8,,,60,,,,,,,,,,,,,,,67,,,,,,,,,,,,,67,,1,,,,120.58112,24.214359,3
2022,7,29,20,25,臺中市,后里區,0,0,0,8,,,50,,,,,,,,,,,,,,,16,,,,,B03,,,3,,2,,,16,,1,22,,B03,120.72231,24.303024,3
2022,7,29,20,29,臺中市,大甲區,0,0,0,8,3,3,50,14,9,1,5,4,5,7,4,4,5,4,5,2,16,4,3,10,1,1,C03,7,11,1,10,2,15,,4,4,1,22,9,C03,120.622139,24.349582,3
2022,7,29,20,30,臺中市,西屯區,0,0,0,8,,,50,,,,,,,,,,,,,,,12,,,,,B03,,,1,,2,,,12,,1,22,,B03,120.630253,24.163611,3
2022,7,29,20,33,臺中市,大里區,0,0,0,8,,,50,,,,,,,,,,,,,,,17,,,,,B03,,,1,,2,,,17,,1,22,,B03,120.699691,24.088891,3
2022,7,29,20,41,臺中市,北區,0,1,0,8,3,5,50,5,1,1,5,4,5,7,2,1,10,5,5,2,17,6,3,10,1,1,C03,7,6,1,10,2,14,,6,6,1,22,8,C03,120.676021,24.158297,2
2022,7,29,20,41,臺中市,烏日區,0,3,0,8,3,5,60,4,1,1,5,3,5,7,2,1,10,5,5,2,13,16,2,9,1,1,C03,7,9,1,10,2,11,,16,16,1,21,8,C03,120.614085,24.106776,2
2022,7,29,20,50,臺中市,西屯區,0,0,0,8,,,50,,,,,,,,,,,,,,,12,,,,,B03,,,1,,11,,,12,,1,22,,B03,120.641907,24.169107,3
2022,7,29,21,2,臺中市,霧峰區,0,1,0,8,3,5,40,14,8,1,5,4,5,7,4,4,5,4,4,1,17,23,2,8,1,1,C03,7,9,1,10,2,11,,23,23,1,4,8,C03,120.698604,24.064913,2
2022,7,29,21,3,臺中市,北屯區,0,0,0,8,,,40,,,,,,,,,,,,,,,23,,,,,B03,,,1,,1,,,23,,1,2,,B03,120.6876,24.2012,3
2022,7,29,21,20,臺中市,石岡區,0,2,0,8,3,5,30,3,1,1,5,4,5,7,4,4,10,5,5,2,16,6,2,9,1,1,C03,7,9,1,10,2,12,,6,6,1,5,8,C03,120.777646,24.278328,2
2022,7,29,21,21,臺中市,潭子區,0,1,0,8,3,5,60,3,1,1,5,4,5,7,4,4,1,4,4,1,17,23,2,7,1,1,C03,7,9,1,10,2,11,,23,23,1,22,8,C03,120.706011,24.219045,2
2022,7,29,21,28,臺中市,南屯區,0,1,0,8,3,5,50,4,2,1,5,4,5,7,2,1,3,3,5,2,16,6,3,10,1,1,B03,7,6,6,18,2,2,,6,6,1,22,8,B03,120.623666,24.145235,2
2022,7,29,21,29,臺中市,南區,0,0,0,8,,,50,,,,,,,,,,,,,,,12,,,,,B03,,,1,,2,,,12,,1,22,,B03,120.683841,24.132204,3
2022,7,29,21,30,臺中市,南屯區,0,0,0,8,,,50,,,,,,,,,,,,,,,23,,,,,B03,,,1,,2,,,23,,1,22,,B03,120.623578,24.145273,3
2022,7,29,21,42,臺中市,西屯區,0,1,0,8,3,5,30,4,1,1,5,4,5,7,4,4,10,5,5,2,16,6,3,10,3,4,B03,7,9,6,18,2,1,,6,6,1,22,8,B03,120.643868,24.181738,2
2022,7,29,21,44,臺中市,東區,0,1,0,7,1,5,50,4,1,1,5,4,5,7,4,4,10,5,5,2,13,23,3,10,1,1,C03,7,9,1,10,2,11,,23,23,1,22,9,C03,120.68599,24.129713,2
2022,7,29,22,5,臺中市,北區,0,1,0,8,3,5,50,14,9,1,5,4,5,7,1,1,1,4,5,2,16,7,3,10,1,1,B03,7,8,1,8,2,5,,7,7,1,5,8,B03,120.684834,24.165779,2
2022,7,29,22,14,臺中市,西屯區,0,0,0,8,,,40,,,,,,,,,,,,,,,25,,,,,B03,,,1,,1,,,25,,1,22,,B03,120.628867,24.162746,3
2022,7,29,22,20,臺中市,西屯區,0,0,0,8,,,30,,,,,,,,,,,,,,,23,,,,,C03,,,1,,11,,,23,,1,22,,C03,120.643259,24.179177,3
2022,7,29,22,24,臺中市,北區,0,1,0,7,3,5,50,4,1,1,5,4,5,7,1,1,10,5,5,2,16,6,3,10,1,1,B03,7,6,3,18,2,2,,6,6,1,5,8,B03,120.67543,24.165469,2
2022,7,29,22,32,臺中市,北屯區,0,0,0,8,,,50,,,,,,,,,,,,,,,10,,,,,B02,,,1,,2,,,10,,1,21,,B02,120.659003,24.191501,3
2022,7,29,22,44,臺中市,東區,0,1,0,8,3,5,40,14,7,1,5,4,5,7,4,4,5,5,4,2,16,26,3,10,1,1,B03,7,11,3,18,2,4,,26,26,1,5,8,B03,120.708048,24.136086,2
2022,7,29,22,55,臺中市,沙鹿區,0,0,0,8,,,50,,,,,,,,,,,,,,,12,,,,,B03,,,1,,2,,,12,,1,21,,B03,120.578294,24.221854,3
2022,7,30,0,12,臺中市,西區,0,0,0,8,,,50,,,,,,,,,,,,,,,23,,,,,B03,,,1,8,1,,,23,23,1,22,,B03,120.658624,24.157164,3
2022,7,30,0,24,臺中市,神岡區,0,1,0,8,1,5,30,4,1,1,5,4,5,7,4,4,1,4,5,1,17,6,3,10,1,1,B03,7,9,1,8,9,1,,6,6,2,12,8,B03,120.643446,24.246709,2
2022,7,30,0,30,臺中市,西屯區,0,1,0,8,3,5,50,14,9,1,5,4,5,7,4,4,1,4,5,2,17,23,2,9,3,4,C03,7,9,4,11,2,11,,23,23,1,22,8,C03,120.64652,24.157756,2
2022,7,30,1,6,臺中市,大里區,0,0,0,8,,,50,,,,,,,,,,,,,,,23,,,,,B03,,,1,,2,,,23,,1,21,,B03,120.702874,24.088037,3