年,月,日,時,分,縣市,區,死,受傷,2-30,天候,光線,道路類別,速限,道路型態,事故位置,路面鋪裝,路面狀態,路面缺陷,障礙物,視距,號誌種類,號誌動作,分向設施,快車道或一般車道間,快慢車道間,路面邊線,事故類型及型態,主要肇因,受傷程度,主要傷處,保護裝備,行動電話,當事者區分,車輛用途,當事者行動狀態,駕駛資格情形,駕駛執照種類,飲酒情形,車輛撞擊部位最初,車輛撞擊部位其他,肇事因素個別,肇事因素主要,肇事逃逸,職業,旅次目的,車種,GPS緯度,GPS經度,事故類別
2022,7,30,2,22,臺中市,中區,0,1,0,8,3,5,50,4,1,1,5,4,5,7,4,4,10,5,5,2,15,6,3,10,1,1,B03,7,9,1,8,2,3,,6,6,1,21,8,B03,120.681345,24.142198,2
2022,7,30,2,33,臺中市,龍井區,0,1,0,8,3,5,50,4,2,1,5,4,5,7,3,1,9,4,5,1,17,10,3,10,1,1,B03,7,11,1,8,2,1,,10,10,1,21,8,B03,120.585119,24.184683,2
2022,7,30,2,43,臺中市,中區,0,0,0,8,,,50,,,,,,,,,,,,,,,6,,,,,B03,,,1,8,1,,,6,6,1,22,,B03,120.67673,24.146203,3
2022,7,30,3,10,臺中市,西屯區,0,0,0,8,,,50,,,,,,,,,,,,,,,26,,,,,B03,,,1,,1,,,26,,1,22,,B03,120.614525,24.186328,3
2022,7,30,3,41,臺中市,西屯區,0,0,0,8,,,30,,,,,,,,,,,,,,,12,,,,,B03,,,3,,11,,,12,,1,22,,B03,120.643448,24.177868,3
2022,7,30,3,55,臺中市,東勢區,0,0,0,8,,,60,,,,,,,,,,,,,,,22,,,,,B03,,,1,,2,,,22,,1,21,,B03,120.831902,24.247068,3
2022,7,30,4,25,臺中市,西屯區,0,1,0,8,3,5,50,3,1,1,5,4,5,7,4,4,10,4,5,2,16,6,3,10,1,1,B03,7,6,1,8,2,6,,6,6,1,22,8,B03,120.635173,24.172625,2
2022,7,30,4,48,臺中市,東勢區,0,2,0,8,3,5,60,11,8,1,5,4,5,7,4,4,4,4,5,1,29,13,2,8,1,1,B03,7,9,1,3,2,1,,13,13,1,21,8,B03,120.801153,24.303903,2
2022,7,30,6,5,臺中市,霧峰區,0,1,0,8,1,5,50,3,2,1,5,4,5,7,3,1,10,5,5,2,18,42,2,8,1,1,C03,7,9,1,10,2,14,,42,42,1,22,8,C03,120.702006,24.071153,2
2022,7,30,6,12,臺中市,西區,0,2,0,8,1,5,50,4,1,1,5,4,5,7,4,4,10,5,5,2,15,6,2,9,1,1,C03,7,9,1,10,2,11,,6,6,1,22,1,C03,120.65951,24.149033,2
2022,7,30,6,24,臺中市,大里區,0,0,0,8,,,50,,,,,,,,,,,,,,,42,,,,,B03,,,1,,2,,,42,42,1,5,,B03,120.688608,24.10463,3
2022,7,30,6,29,臺中市,烏日區,0,0,0,,,,40,,,,,,,,,,,,,,,23,,,,,B03,,,1,,2,,,23,,1,21,,B03,120.612973,24.102631,3
2022,7,30,6,48,臺中市,南區,0,2,0,8,1,5,50,4,1,1,5,4,5,7,1,1,9,4,4,2,16,25,2,9,1,1,C03,7,9,1,10,2,12,14,25,25,1,4,1,C03,120.681075,24.12786,2
2022,7,30,7,0,臺中市,南區,0,0,0,,,,40,,,,,,,,,,,,,,,23,,,,,B03,,,1,,2,,,23,,1,21,,B03,120.673994,24.123972,3
2022,7,30,7,0,臺中市,太平區,0,1,0,8,1,5,50,4,1,1,5,4,5,7,2,1,10,5,5,2,16,8,3,10,1,1,B03,7,5,1,8,2,8,,8,8,1,5,8,B03,120.71166,24.153622,2
2022,7,30,7,22,臺中市,烏日區,0,1,0,8,1,5,50,4,1,1,5,4,5,7,1,1,10,5,5,2,17,25,3,10,1,1,C03,7,6,1,10,2,14,,25,25,1,5,8,C03,120.631071,24.044846,2
2022,7,30,7,40,臺中市,烏日區,0,2,0,8,1,5,50,4,1,1,5,4,5,7,2,1,5,4,5,1,17,25,2,9,1,1,C03,7,9,1,10,2,12,,25,25,1,21,8,C03,120.633383,24.098297,2
2022,7,30,7,43,臺中市,豐原區,0,1,0,8,1,5,50,4,1,1,5,4,5,3,1,1,1,4,4,1,15,25,3,10,1,1,B03,7,9,1,8,2,5,,25,25,1,22,8,B03,120.723135,24.266095,2
2022,7,30,7,51,臺中市,清水區,0,3,0,8,1,5,30,3,2,1,5,4,5,7,4,4,1,4,4,1,16,6,2,9,1,1,C03,7,6,1,10,2,14,,6,6,1,20,5,C03,120.5721,24.275868,2
2022,7,30,7,52,臺中市,梧棲區,0,1,0,8,1,5,30,14,9,1,5,4,5,7,4,4,10,5,5,2,16,43,3,10,1,1,B03,7,9,1,8,2,8,,43,43,1,2,8,B03,120.524643,24.243736,2
2022,7,30,7,58,臺中市,北屯區,0,0,0,8,,,50,,,,,,,,,,,,,,,7,,,,,C03,,,1,,2,,,7,,1,22,,C03,120.719251,24.176204,3
2022,7,30,8,5,臺中市,大里區,0,0,0,8,,,50,,,,,,,,,,,,,,,25,,,,,F03,,,8,,1,,,25,,1,20,,F03,120.680958,24.105881,3
2022,7,30,8,5,臺中市,大肚區,0,2,0,8,1,5,50,14,9,1,5,4,5,7,4,4,5,5,5,1,17,19,2,8,3,4,C03,7,9,1,10,2,11,,23,19,1,22,9,C03,120.575243,24.161383,2
2022,7,30,8,10,臺中市,北屯區,0,0,0,8,,,30,,,,,,,,,,,,,,,23,,,,,B03,,,1,,1,,,23,,1,21,,B03,120.6849,24.200849,3
2022,7,30,8,20,臺中市,北區,0,1,0,8,1,5,50,3,1,1,5,4,5,7,4,4,1,4,4,2,12,6,3,10,1,1,B03,7,6,1,8,2,2,,6,6,1,5,5,B03,120.667534,24.162958,2
2022,7,30,8,24,臺中市,南區,0,1,0,8,1,5,50,3,2,1,5,4,5,7,4,4,10,5,5,2,12,23,2,9,1,1,C03,7,9,1,10,8,12,,23,23,1,21,8,C03,120.67359,24.124496,2
2022,7,30,8,29,臺中市,沙鹿區,0,1,0,8,1,5,50,4,1,1,5,4,5,7,4,4,1,5,4,2,17,23,3,10,1,1,B03,7,5,1,8,2,5,,23,23,1,22,9,B03,120.558847,24.235445,2
2022,7,30,8,43,臺中市,北屯區,0,0,0,8,,,50,,,,,,,,,,,,,,,23,,,,,B03,,,1,,1,,,23,,1,5,,B03,120.692835,24.164899,3
2022,7,30,8,45,臺中市,大甲區,0,1,0,8,1,5,50,3,1,1,5,4,5,7,4,4,10,5,5,2,13,16,2,2,1,1,C03,7,9,1,10,2,11,,16,16,1,21,8,C03,120.627566,24.348941,2
2022,7,30,8,49,臺中市,神岡區,0,0,0,8,,,30,,,,,,,,,,,,,,,5,,,,,B03,,,1,,2,,,5,,1,22,,B03,120.668894,24.247326,4
2022,7,30,8,51,臺中市,北屯區,0,0,0,8,,,80,,,,,,,,,,,,,,,42,,,,,B12,,,1,,1,,,42,,1,21,,B12,120.663345,24.200958,3
2022,7,30,8,57,臺中市,北區,0,1,0,8,1,5,50,4,1,1,5,4,5,7,4,4,5,5,5,2,13,16,3,10,1,1,B03,7,9,1,8,2,1,,16,16,1,22,8,B03,120.671756,24.168693,2
2022,7,30,8,57,臺中市,大里區,0,1,0,8,1,5,30,4,1,1,5,4,5,7,4,4,10,5,5,2,15,6,3,10,1,1,B11,7,9,1,3,2,1,,6,6,1,10,3,B11,120.693056,24.109578,2
2022,7,30,9,0,臺中市,大雅區,0,2,0,8,1,5,50,3,1,1,5,4,5,7,1,1,9,4,4,1,27,44,2,8,1,1,C03,7,9,1,10,2,11,,44,44,1,22,9,C03,120.647298,24.220834,2
2022,7,30,9,5,臺中市,大里區,0,1,0,8,1,5,50,14,9,1,5,4,5,7,4,4,9,5,5,1,16,10,3,10,1,1,B03,7,11,1,8,2,4,,10,10,1,5,8,B03,120.677453,24.094491,2
2022,7,30,9,16,臺中市,西區,0,2,0,8,1,5,50,4,1,1,5,4,5,7,4,4,10,5,5,2,15,6,2,9,1,1,C03,7,9,1,10,2,11,,6,6,1,4,8,C03,120.672886,24.151579,2
2022,7,30,9,17,臺中市,烏日區,0,0,0,8,,,30,,,,,,,,,,,,,,,12,,,,,B12,,,1,,2,,,12,,1,9,,B12,120.628938,24.098573,3
2022,7,30,9,22,臺中市,大肚區,0,1,0,8,1,5,50,14,8,1,5,4,5,7,4,4,1,4,4,1,14,12,3,10,1,1,B12,7,2,1,8,2,7,,12,12,1,2,1,B12,120.549377,24.140919,2
2022,7,30,9,25,臺中市,大甲區,0,1,0,8,1,5,50,14,9,1,5,4,5,7,4,4,5,5,5,1,12,10,3,10,1,1,B03,7,11,1,8,6,8,,10,10,1,5,1,B03,120.62701,24.350251,2
2022,7,30,9,26,臺中市,北屯區,0,0,0,8,,,50,,,,,,,,,,,,,,,7,,,,,A12,,,1,,1,,,7,,1,22,,A12,120.667817,24.196786,3
2022,7,30,9,30,臺中市,烏日區,0,0,0,8,,,50,,,,,,,,,,,,,,,23,,,,,B12,,,,,2,,,23,,1,21,,B12,120.641891,24.115794,3
2022,7,30,9,31,臺中市,東勢區,0,1,0,8,1,5,50,4,1,1,5,4,5,7,2,1,10,5,5,2,3,15,3,10,1,1,B03,7,1,1,8,2,8,,15,15,1,7,8,B03,120.82967,24.25351,2
2022,7,30,9,34,臺中市,太平區,0,2,0,8,1,5,50,3,1,1,5,4,5,7,4,4,5,5,5,2,16,6,2,9,1,1,C03,7,5,1,10,2,11,,6,6,1,21,8,C03,120.700917,24.148012,2
2022,7,30,9,45,臺中市,霧峰區,0,0,0,8,,,50,,,,,,,,,,,,,,,23,,,,,B03,,,1,,11,,,23,,1,4,,B03,120.711995,24.074759,3
2022,7,30,9,59,臺中市,中區,0,1,0,8,1,5,50,4,1,1,5,4,5,7,1,1,10,5,5,2,15,25,3,10,1,1,C03,7,9,1,10,2,12,,25,25,1,4,5,C03,120.684416,24.142246,2
2022,7,30,9,59,臺中市,中區,0,1,0,8,1,5,50,14,9,1,5,4,5,7,4,4,5,4,5,2,12,17,2,9,1,1,C03,7,9,1,10,2,14,,17,17,1,5,9,C03,120.680536,24.143294,2
2022,7,30,10,4,臺中市,梧棲區,0,0,0,8,,,60,,,,,,,,,,,,,,,44,,,,,A31,,,1,,1,,,44,44,1,10,,A31,120.534588,24.247014,3
2022,7,30,10,14,臺中市,龍井區,0,0,0,8,,,50,,,,,,,,,,,,,,,23,,,,,B03,,,1,,2,,,23,,1,4,,B03,120.547585,24.200457,3
2022,7,30,10,15,臺中市,北區,0,1,0,8,1,5,50,4,1,1,5,4,5,7,1,1,1,4,4,2,16,25,3,10,1,1,B03,7,9,1,8,2,5,,25,25,1,20,5,B03,120.679838,24.15214,2
2022,7,30,10,17,臺中市,梧棲區,0,0,0,8,,,30,,,,,,,,,,,,,,,17,,,,,B03,,,1,,2,,,17,,1,5,,B03,120.555751,24.253855,3
2022,7,30,10,30,臺中市,南屯區,0,0,0,8,,,50,,,,,,,,,,,,,,,26,,,,,B03,,,1,,1,,,26,,1,5,,B03,120.64829,24.132036,3
2022,7,30,10,34,臺中市,南屯區,0,1,0,8,1,5,50,4,1,1,5,4,5,7,1,1,10,5,5,2,13,16,2,9,1,4,C03,7,9,1,10,2,11,,16,16,1,22,8,C03,120.653471,24.133723,2
2022,7,30,10,35,臺中市,南屯區,0,0,0,,,,30,,,,,,,,,,,,,,,42,,,,,B03,,,1,,1,,,38,42,1,4,,B03,120.637154,24.142975,3
2022,7,30,10,35,臺中市,北屯區,0,2,0,8,1,5,50,14,9,1,5,4,5,7,4,4,1,4,5,2,12,7,3,10,1,1,B03,7,8,6,18,2,2,,7,7,1,22,8,B03,120.667318,24.17336,2
2022,7,30,10,35,臺中市,霧峰區,0,2,0,8,1,5,40,4,1,1,5,4,5,7,1,1,10,5,5,2,16,6,2,9,1,1,C03,7,9,1,10,2,11,,6,6,1,3,8,C03,120.678028,24.073679,2
2022,7,30,10,36,臺中市,北區,0,1,0,8,1,5,50,4,1,1,5,4,5,7,1,1,5,5,4,2,17,43,3,10,1,1,C03,7,5,1,10,2,15,,43,43,1,22,8,C03,120.68425,24.148033,2
2022,7,30,10,37,臺中市,太平區,0,0,0,8,,,50,,,,,,,,,,,,,,,42,,,,,B12,,,1,,2,,,42,,1,3,,B12,120.729418,24.107468,3
2022,7,30,10,39,臺中市,烏日區,0,0,0,8,,,70,,,,,,,,,,,,,,,12,,,,,B03,,,1,,2,,,12,,1,5,,B03,120.606704,24.108835,3
2022,7,30,10,40,臺中市,大里區,0,0,0,8,,,80,,,,,,,,,,,,,,,16,,,,,B03,,,1,,2,,,16,,1,5,,B03,120.689926,24.064448,3
2022,7,30,10,45,臺中市,豐原區,0,2,0,8,1,5,30,4,1,1,5,4,5,7,4,4,8,3,5,1,15,6,2,8,1,1,B03,7,9,1,8,2,1,,23,6,1,22,5,B03,120.720323,24.251948,2
2022,7,30,10,56,臺中市,北屯區,0,1,0,8,1,5,50,4,1,1,5,4,5,7,1,1,5,4,5,2,12,17,3,10,1,1,B11,7,9,1,8,2,5,,17,17,1,22,8,B11,120.695377,24.164938,2
2022,7,30,11,1,臺中市,豐原區,0,0,0,8,,,50,,,,,,,,,,,,,,,16,,,,,C03,,,1,,2,,,16,,1,21,,C03,120.718842,24.249637,4
2022,7,30,11,2,臺中市,大里區,0,0,0,8,,,50,,,,,,,,,,,,,,,9,,,,,B12,,,1,,2,,,9,9,1,21,,B12,120.686561,24.095348,3
2022,7,30,11,14,臺中市,太平區,0,1,0,8,1,5,50,4,1,1,5,4,5,7,2,1,10,5,5,2,2,23,2,7,4,1,H01,8,20,8,20,2,16,,52,23,1,20,8,H01,120.714175,24.149338,2
2022,7,30,11,16,臺中市,北屯區,0,2,0,7,1,5,50,3,2,1,5,4,5,7,4,4,1,4,5,2,16,6,2,9,1,1,C03,7,9,1,10,2,14,,44,6,1,4,8,C03,120.676714,24.17732,2
2022,7,30,11,17,臺中市,北屯區,0,1,0,8,1,5,50,4,18,1,5,4,5,7,2,1,10,5,5,2,3,15,3,10,1,1,B03,7,5,1,8,2,1,,15,15,1,21,8,B03,120.692835,24.168127,2
2022,7,30,11,18,臺中市,北區,0,1,0,8,1,5,50,3,2,1,5,4,5,7,4,4,1,4,4,2,12,40,3,10,1,1,B03,7,13,1,8,2,4,,40,40,1,5,5,B03,120.693058,24.155315,2
2022,7,30,11,18,臺中市,北屯區,0,0,0,8,,,50,,,,,,,,,,,,,,,23,,,,,B12,,,1,,1,,,23,,1,22,,B12,120.689148,24.163076,3
2022,7,30,11,25,臺中市,神岡區,0,0,0,8,,,30,,,,,,,,,,,,,,,42,,,,,B03,,,1,,1,,,42,,1,22,,B03,120.690271,24.242107,3
2022,7,30,11,26,臺中市,北區,0,1,0,8,1,5,50,4,1,1,5,4,5,7,3,1,5,4,5,2,16,6,3,10,1,1,B03,7,9,1,8,2,1,,14,6,1,5,5,B03,120.673823,24.145975,2
2022,7,30,11,29,臺中市,龍井區,0,0,0,8,,,30,,,,,,,,,,,,,,,12,,,,,B03,,,1,,2,,,12,,1,22,,B03,120.590167,24.182685,3
2022,7,30,11,30,臺中市,大雅區,0,1,0,8,1,5,50,14,8,1,5,4,5,7,4,4,5,5,4,1,18,23,2,9,1,1,C03,7,9,1,10,2,15,,23,23,1,22,9,C03,120.640141,24.218931,2
2022,7,30,11,30,臺中市,烏日區,0,0,0,8,,,30,,,,,,,,,,,,,,,18,,,,,B01,,,1,,2,,,18,,1,21,,B01,120.61634,24.112368,3
2022,7,30,11,32,臺中市,后里區,0,1,0,8,1,5,50,4,2,1,5,4,5,7,4,4,4,1,5,1,11,8,3,10,1,1,B03,7,5,1,14,2,8,,8,8,1,4,8,B03,120.711581,24.305566,2
2022,7,30,11,35,臺中市,沙鹿區,0,0,0,8,1,5,50,14,9,1,5,4,5,7,4,4,5,5,5,2,12,23,3,10,1,1,B03,7,9,1,8,7,2,,23,23,1,3,8,B03,120.609174,24.243144,3
2022,7,30,11,39,臺中市,北區,0,0,0,8,,,40,,,,,,,,,,,,,,,10,,,,,B03,,,1,,1,,,10,,1,22,,B03,120.672913,24.155871,3
2022,7,30,11,41,臺中市,西屯區,0,0,0,8,,,50,,,,,,,,,,,,,,,43,,,,,B03,,,1,,1,,,43,,1,22,,B03,120.640675,24.16757,3
2022,7,30,11,44,臺中市,北屯區,0,0,0,8,,,40,,,,,,,,,,,,,,,12,,,,,B03,,,1,,1,,,12,,1,22,,B03,120.689506,24.181891,3
2022,7,30,11,45,臺中市,北區,0,0,0,8,,,50,,,,,,,,,,,,,,,23,,,,,C03,,,1,,1,,,23,,1,22,,C03,120.674616,24.162533,3
2022,7,30,11,48,臺中市,大里區,0,1,0,8,1,5,50,3,1,1,5,4,5,7,1,1,9,4,4,1,16,23,2,8,1,1,C03,7,5,3,18,2,11,,23,23,1,22,9,C03,120.690758,24.090642,2
2022,7,30,11,51,臺中市,中區,0,0,0,8,,,50,,,,,,,,,,,,,,,6,,,,,B03,,,1,,2,,,6,,1,21,,B03,120.679948,24.146215,3
2022,7,30,11,53,臺中市,西屯區,0,2,0,8,1,5,50,4,1,1,5,4,5,7,2,1,10,5,5,2,16,6,2,9,1,1,C03,7,5,1,10,2,12,,6,6,1,22,8,C03,120.645506,24.172559,2
2022,7,30,12,0,臺中市,北區,0,1,0,8,1,5,50,4,1,1,5,4,5,7,4,4,10,5,5,2,17,6,3,10,1,1,C03,7,5,1,10,9,12,,6,6,1,22,8,C03,120.671739,24.168767,2
2022,7,30,12,0,臺中市,烏日區,0,0,0,8,,,30,,,,,,,,,,,,,,,7,,,,,B03,,,1,,2,,,7,,1,21,,B03,120.616266,24.111133,3
2022,7,30,12,2,臺中市,南區,0,0,0,8,,,30,,,,,,,,,,,,,,,23,,,,,B03,,,1,8,9,,,44,23,1,21,,B03,120.665546,24.121469,3
2022,7,30,12,2,臺中市,西屯區,0,1,0,8,1,5,50,3,1,1,5,4,5,7,4,4,10,5,5,2,11,6,3,10,1,1,B03,7,5,1,8,2,2,,6,6,1,22,8,B03,120.627878,24.184095,2
2022,7,30,12,7,臺中市,沙鹿區,0,0,0,8,,,50,,,,,,,,,,,,,,,9,,,,,B03,,,7,,11,,,9,,1,22,,B03,120.56866,24.224905,3
2022,7,30,12,13,臺中市,大雅區,0,0,0,8,,,30,,,,,,,,,,,,,,,6,,,,,B03,,,1,,2,,,6,,1,22,,B03,120.645625,24.229362,3
2022,7,30,12,30,臺中市,北屯區,0,0,0,8,,,50,,,,,,,,,,,,,,,23,,,,,B03,,,1,,1,,,23,,1,22,,B03,120.720348,24.175916,3
2022,7,30,12,39,臺中市,梧棲區,0,1,0,8,1,5,50,14,7,1,5,4,5,7,1,1,5,5,4,2,16,19,3,10,1,1,B03,7,1,1,8,2,8,,19,19,1,4,8,B03,120.546326,24.24463,2
2022,7,30,12,40,臺中市,龍井區,0,0,0,8,,,60,,,,,,,,,,,,,,,23,,,,,B03,,,1,,2,,,44,23,1,22,,B03,120.587136,24.185568,3
2022,7,30,12,45,臺中市,清水區,0,0,0,8,,,70,,,,,,,,,,,,,,,7,,,,,B03,,,1,,2,,,7,,1,21,,B03,120.572477,24.275994,3
2022,7,30,12,47,臺中市,北區,0,1,0,6,1,5,50,4,1,1,4,4,5,7,1,1,2,4,5,2,16,9,3,10,1,1,B03,7,6,1,8,2,5,,9,9,1,22,8,B03,120.691123,24.15935,2
2022,7,30,12,50,臺中市,西屯區,0,1,0,8,1,5,50,3,1,1,5,4,5,7,4,4,10,5,5,2,11,6,3,10,1,1,B12,7,5,1,8,2,6,,6,6,1,22,8,B12,120.6445,24.174026,2
2022,7,30,13,2,臺中市,西區,0,0,0,8,,,50,,,,,,,,,,,,,,,23,,,,,B03,,,1,,1,,,23,,1,2,,B03,120.661803,24.154396,3
2022,7,30,13,7,臺中市,太平區,0,1,0,6,1,5,50,11,9,1,4,4,5,7,4,4,5,5,5,1,10,26,3,10,1,1,B03,7,9,1,8,2,8,,26,26,1,4,8,B03,120.70746,24.160243,2
2022,7,30,13,7,臺中市,大肚區,0,0,0,,,,50,,,,,,,,,,,,,,,42,,,,,A01,,,1,,1,,,44,19,1,10,,A01,120.580366,24.171981,3
2022,7,30,13,9,臺中市,北屯區,0,0,0,6,,,1,,,,,,,,,,,,,,,23,,,,,B03,,,1,,1,,,23,,1,22,,B03,120.681067,24.172861,3
2022,7,30,13,11,臺中市,南區,0,0,0,,,,50,,,,,,,,,,,,,,,23,,,,,B03,,,1,,2,,,23,,1,21,,B03,120.650584,24.120279,3
2022,7,30,13,12,臺中市,北屯區,0,0,0,8,,,40,,,,,,,,,,,,,,,43,,,,,,,,,,,,,43,,1,,,,120.689123,24.170486,3
2022,7,30,13,28,臺中市,烏日區,0,0,0,8,,,30,,,,,,,,,,,,,,,17,,,,,B03,,,1,,2,,,17,,1,21,,B03,120.641588,24.102797,3
2022,7,30,13,30,臺中市,烏日區,0,0,0,8,,,50,,,,,,,,,,,,,,,7,,,,,B12,,,1,,2,,,7,,1,21,,B12,120.638134,24.107693,3
2022,7,30,13,36,臺中市,龍井區,0,0,0,8,,,30,,,,,,,,,,,,,,,23,,,,,C03,,,1,,11,,,44,23,1,22,,C03,120.591931,24.180399,3
2022,7,30,13,47,臺中市,南屯區,0,0,0,8,,,30,,,,,,,,,,,,,,,12,,,,,B03,,,1,,1,,,12,,1,22,,B03,120.649338,24.135869,3
2022,7,30,13,53,臺中市,南區,0,1,0,6,1,5,50,3,1,1,4,4,5,7,4,4,10,5,5,2,17,6,3,10,1,1,C03,7,5,1,10,2,15,,6,6,1,22,8,C03,120.680327,24.134491,2
2022,7,30,13,56,臺中市,大里區,0,0,0,6,,,50,,,,,,,,,,,,,,,42,,,,,B03,,,1,,2,,,42,,1,22,,B03,120.67796,24.102541,3
2022,7,30,13,58,臺中市,西屯區,0,0,0,8,,,50,,,,,,,,,,,,,,,7,,,,,B03,,,1,,1,,,7,,1,22,,B03,120.654288,24.194276,3
2022,7,30,13,59,臺中市,北屯區,0,1,0,6,1,5,50,4,1,1,4,4,5,7,1,1,10,5,5,2,15,25,2,7,1,1,C03,7,9,1,10,2,11,,25,25,1,4,4,C03,120.722586,24.169701,2
2022,7,30,14,9,臺中市,西區,0,0,0,8,,,40,,,,,,,,,,,,,,,7,,,,,B12,,,1,,1,,,7,,1,21,,B12,120.661978,24.155661,3
2022,7,30,14,10,臺中市,潭子區,0,0,0,6,,,50,,,,,,,,,,,,,,,23,,,,,B03,,,1,,2,,,23,,1,22,,B03,120.686781,24.210318,3
2022,7,30,14,25,臺中市,北屯區,0,0,0,6,,,40,,,,,,,,,,,,,,,42,,,,,B03,,,1,,1,,,42,,1,21,,B03,120.666922,24.200908,3
2022,7,30,14,25,臺中市,東勢區,0,0,0,6,,,50,,,,,,,,,,,,,,,23,,,,,A12,,,1,,1,,,23,,1,10,,A12,120.82764,24.25694,3
2022,7,30,14,39,臺中市,西區,0,0,0,6,,,30,,,,,,,,,,,,,,,12,,,,,B03,,,1,,1,,,12,12,1,2,,B03,120.662816,24.144711,3
2022,7,30,14,41,臺中市,南屯區,0,0,0,8,,,40,,,,,,,,,,,,,,,7,,,,,B03,,,1,,1,,,7,,1,5,,B03,120.627082,24.159908,3
2022,7,30,14,45,臺中市,北屯區,0,1,0,6,1,5,50,3,1,1,4,4,5,7,4,4,1,4,5,2,13,23,2,9,1,1,C03,7,9,1,10,2,11,,23,23,1,22,8,C03,120.696587,24.17077,2
2022,7,30,14,50,臺中市,大雅區,0,0,0,8,1,5,50,14,7,1,5,4,5,7,4,4,5,4,5,1,17,26,,,,,C03,,,1,,2,,,26,,1,22,,C03,120.654233,24.229288,3
2022,7,30,14,51,臺中市,大雅區,0,0,0,8,,,50,,,,,,,,,,,,,,,26,,,,,B03,,,1,,11,,,26,,1,22,,B03,120.646378,24.223144,3
2022,7,30,14,54,臺中市,大甲區,0,1,0,7,1,5,50,14,9,1,5,4,5,7,4,4,5,5,5,1,17,23,2,8,1,1,C03,7,10,3,18,8,12,,23,23,1,21,8,C03,120.625746,24.348323,2
2022,7,30,15,2,臺中市,西屯區,0,0,0,6,,,50,,,,,,,,,,,,,,,18,,,,,B12,,,1,,2,,,18,,1,22,,B12,120.611316,24.1906,3
2022,7,30,15,8,臺中市,北區,0,1,0,8,1,5,50,4,1,1,5,4,5,7,1,1,10,5,5,2,13,23,3,10,1,1,B03,7,9,1,8,2,1,,23,23,1,22,8,B03,120.674507,24.162862,2
2022,7,30,15,17,臺中市,南屯區,0,3,0,6,1,5,50,14,8,1,4,4,5,7,4,4,5,4,4,2,17,7,3,10,1,1,B03,7,8,1,8,2,15,,7,7,1,22,8,B03,120.626663,24.115788,2
2022,7,30,15,23,臺中市,北區,0,1,0,7,1,5,50,3,1,1,5,4,5,7,4,4,3,4,4,2,17,6,3,10,1,1,B03,7,6,1,8,2,2,,6,6,1,22,8,B03,120.685142,24.168006,2
2022,7,30,15,28,臺中市,東區,0,0,0,8,,,50,,,,,,,,,,,,,,,23,,,,,B03,,,1,6,2,,,23,23,1,21,,B03,120.696685,24.147835,3
2022,7,30,15,28,臺中市,南屯區,0,0,0,8,,,50,,,,,,,,,,,,,,,23,,,,,B03,,,1,,2,,,23,,1,22,,B03,120.646373,24.146802,3
2022,7,30,15,29,臺中市,梧棲區,0,0,0,8,,,50,,,,,,,,,,,,,,,18,,,,,B03,,,1,,2,,,18,,1,5,,B03,120.531577,24.256269,3
2022,7,30,15,30,臺中市,南屯區,0,0,0,6,,,50,,,,,,,,,,,,,,,26,,,,,B03,,,1,,2,,,26,,1,22,,B03,120.649314,24.132033,3
2022,7,30,15,40,臺中市,北區,0,1,0,8,1,5,50,4,1,1,5,4,5,7,1,1,10,5,5,2,18,43,2,9,1,1,C03,7,9,1,10,2,14,,43,43,1,22,8,C03,120.67817,24.151537,2
2022,7,30,15,40,臺中市,龍井區,0,0,0,6,,,30,,,,,,,,,,,,,,,6,,,,,B03,,,1,,1,,,6,,1,22,,B03,120.573834,24.185711,3
2022,7,30,15,40,臺中市,豐原區,0,1,0,8,1,5,60,3,2,1,5,4,1,7,4,4,1,4,5,1,11,7,3,10,1,1,A12,7,8,4,8,2,5,,7,7,1,22,8,A12,120.716015,24.236961,2
2022,7,30,15,45,臺中市,西屯區,0,1,0,6,1,5,40,15,8,1,4,4,5,7,4,4,1,5,1,2,18,23,2,9,3,4,C03,7,9,1,10,2,14,,23,23,1,22,8,C03,120.601024,24.182198,2
2022,7,30,15,49,臺中市,大里區,0,0,0,6,,,50,,,,,,,,,,,,,,,17,,,,,A12,,,1,,2,,,17,,1,22,,A12,120.720035,24.098468,3
2022,7,30,15,50,臺中市,南區,0,1,0,7,1,5,40,14,8,1,5,4,5,7,4,4,5,5,4,2,16,19,3,10,1,1,B03,7,1,1,8,2,1,,19,19,1,5,8,B03,120.653164,24.121132,2
2022,7,30,15,50,臺中市,梧棲區,0,0,0,8,,,50,,,,,,,,,,,,,,,23,,,,,B11,,,1,,1,,,23,,1,10,,B11,120.53076,24.253411,3
2022,7,30,15,57,臺中市,大里區,0,0,0,8,,,50,,,,,,,,,,,,,,,12,,,,,B12,,,1,,2,,,12,,1,12,,B12,120.67565,24.095995,3
2022,7,30,16,4,臺中市,大雅區,0,2,0,8,1,5,30,4,1,1,5,4,5,7,4,4,10,5,5,2,16,6,2,9,1,1,C03,7,9,3,18,2,11,,6,6,1,22,9,C03,120.632686,24.22881,2